data_hora,ano,mes,dia,hora,dia_semana,dia_semana_nome,semana_ano,trimestre,fim_de_semana,estacao,periodo_dia,periodo_tarifario,energia_kwh,energia_minmax,energia_zscore
2024-02-01 00:00:00+00:00,2024,2,1,0,3,Qui,5,1,0,Inverno,Madrugada,Vazio,32.71882604549667,0.2509764138672323,-0.18668458480233469
2024-02-01 00:00:00+00:00,2024,2,1,0,3,Qui,5,1,0,Inverno,Madrugada,Vazio,65.11381835698504,0.5260921659347159,1.1560901510075916
2024-02-01 01:00:00+00:00,2024,2,1,1,3,Qui,5,1,0,Inverno,Madrugada,Vazio,18.07751604767897,0.1266345102615229,-0.7935679257580539
2024-02-01 01:00:00+00:00,2024,2,1,1,3,Qui,5,1,0,Inverno,Madrugada,Vazio,4.636097289680948,0.012482730415315309,-1.3507156894659855
2024-02-01 02:00:00+00:00,2024,2,1,2,3,Qui,5,1,0,Inverno,Madrugada,Vazio,26.92,0.201729654575687,-0.42704633690215366
2024-02-01 02:00:00+00:00,2024,2,1,2,3,Qui,5,1,0,Inverno,Madrugada,Vazio,10.054,0.05849448323333601,-1.126143236707212
2024-02-01 03:00:00+00:00,2024,2,1,3,3,Qui,5,1,0,Inverno,Madrugada,Vazio,9.772,0.05609958709207294,-1.1378321567679868
2024-02-01 03:00:00+00:00,2024,2,1,3,3,Qui,5,1,0,Inverno,Madrugada,Vazio,11.896837708284137,0.07414485527781743,-1.0497574826039688
2024-02-01 04:00:00+00:00,2024,2,1,4,3,Qui,5,1,0,Inverno,Madrugada,Vazio,8.46236569406848,0.0449774660078845,-1.1921165919129575
2024-02-01 04:00:00+00:00,2024,2,1,4,3,Qui,5,1,0,Inverno,Madrugada,Vazio,24.80840862767422,0.1837968814214054,-0.5145719494983866
2024-02-01 05:00:00+00:00,2024,2,1,5,3,Qui,5,1,0,Inverno,Madrugada,Vazio,11.742,0.07282988992288236,-1.0561755166271136
2024-02-01 05:00:00+00:00,2024,2,1,5,3,Qui,5,1,0,Inverno,Madrugada,Vazio,9.5,0.05378961634589012,-1.1491065761173866
2024-02-01 06:00:00+00:00,2024,2,1,6,3,Qui,5,1,0,Inverno,Manhã,Vazio,8.69162214574874,0.04692443548124875,-1.1826138956820802
2024-02-01 06:00:00+00:00,2024,2,1,6,3,Qui,5,1,0,Inverno,Manhã,Vazio,14.15556173555471,0.0933271583171383,-0.9561332109936255
2024-02-01 07:00:00+00:00,2024,2,1,7,3,Qui,5,1,0,Inverno,Manhã,Cheio,74.6722597627731,0.6072676072085138,1.552288227241123
2024-02-01 07:00:00+00:00,2024,2,1,7,3,Qui,5,1,0,Inverno,Manhã,Cheio,30.235482846389807,0.22988652363683187,-0.2896193370641385
2024-02-01 08:00:00+00:00,2024,2,1,8,3,Qui,5,1,0,Inverno,Manhã,Cheio,20.874,0.15038376071016735,-0.6776534669994728
2024-02-01 08:00:00+00:00,2024,2,1,8,3,Qui,5,1,0,Inverno,Manhã,Cheio,31.5653695752204,0.24118063922262392,-0.2344954375492945
2024-02-01 09:00:00+00:00,2024,2,1,9,3,Qui,5,1,0,Inverno,Manhã,Ponta,39.30151899608644,0.3068801938193141,0.08616850627592472
2024-02-01 09:00:00+00:00,2024,2,1,9,3,Qui,5,1,0,Inverno,Manhã,Ponta,35.29577221826828,0.27286123104954924,-0.07986998262344548
2024-02-01 10:00:00+00:00,2024,2,1,10,3,Qui,5,1,0,Inverno,Manhã,Ponta,41.9158430931096,0.32908244450006524,0.19453242607401247
2024-02-01 10:00:00+00:00,2024,2,1,10,3,Qui,5,1,0,Inverno,Manhã,Ponta,41.9158430931096,0.32908244450006524,0.19453242607401247
2024-02-01 11:00:00+00:00,2024,2,1,11,3,Qui,5,1,0,Inverno,Manhã,Ponta,38.52045452493425,0.3002469729397394,0.05379332838369332
2024-02-01 11:00:00+00:00,2024,2,1,11,3,Qui,5,1,0,Inverno,Manhã,Ponta,36.7933136688856,0.28557916098382197,-0.01779678296400413
2024-02-01 12:00:00+00:00,2024,2,1,12,3,Qui,5,1,0,Inverno,Tarde,Cheio,53.102,0.42408132397479953,0.6581994256198453
2024-02-01 12:00:00+00:00,2024,2,1,12,3,Qui,5,1,0,Inverno,Tarde,Cheio,41.98321981301023,0.3296546439557425,0.1973251959069049
2024-02-01 13:00:00+00:00,2024,2,1,13,3,Qui,5,1,0,Inverno,Tarde,Cheio,29.1,0.2202433907031817,-0.3366851818224058
2024-02-01 13:00:00+00:00,2024,2,1,13,3,Qui,5,1,0,Inverno,Tarde,Cheio,44.724,0.35293082797656544,0.31093072962987856
2024-02-01 14:00:00+00:00,2024,2,1,14,3,Qui,5,1,0,Inverno,Tarde,Cheio,38.77922211193844,0.30244456689576876,0.06451926327309582
2024-02-01 14:00:00+00:00,2024,2,1,14,3,Qui,5,1,0,Inverno,Tarde,Cheio,39.00977254871592,0.30440252558869396,0.07407559527830401
2024-02-01 15:00:00+00:00,2024,2,1,15,3,Qui,5,1,0,Inverno,Tarde,Cheio,38.433476003202486,0.29950830440758275,0.050188062470477135
2024-02-01 15:00:00+00:00,2024,2,1,15,3,Qui,5,1,0,Inverno,Tarde,Cheio,11.287234878241687,0.06896777915947805,-1.0750255632748493
2024-02-01 16:00:00+00:00,2024,2,1,16,3,Qui,5,1,0,Inverno,Tarde,Cheio,14.86,0.09930962810890455,-0.9269341948203919
2024-02-01 16:00:00+00:00,2024,2,1,16,3,Qui,5,1,0,Inverno,Tarde,Cheio,20.148,0.14421817702734116,-0.7077462186452971
2024-02-01 17:00:00+00:00,2024,2,1,17,3,Qui,5,1,0,Inverno,Tarde,Cheio,38.54943562374536,0.3004930960663787,0.05499459699105666
2024-02-01 17:00:00+00:00,2024,2,1,17,3,Qui,5,1,0,Inverno,Tarde,Cheio,46.30032588544212,0.3663178378362053,0.3762695497173357
2024-02-01 18:00:00+00:00,2024,2,1,18,3,Qui,5,1,0,Inverno,Noite,Ponta,59.23833423133178,0.4761943848688314,0.9125509160320179
2024-02-01 18:00:00+00:00,2024,2,1,18,3,Qui,5,1,0,Inverno,Noite,Ponta,49.807440555999904,0.3961021477350916,0.5216397022993222
2024-02-01 19:00:00+00:00,2024,2,1,19,3,Qui,5,1,0,Inverno,Noite,Ponta,21.494,0.15564913520514292,-0.6519544228942233
2024-02-01 19:00:00+00:00,2024,2,1,19,3,Qui,5,1,0,Inverno,Noite,Ponta,42.07084401282893,0.33039879593456184,0.20095722522275636
2024-02-01 20:00:00+00:00,2024,2,1,20,3,Qui,5,1,0,Inverno,Noite,Ponta,66.67,0.5393081000196839,1.2205939908134322
2024-02-01 20:00:00+00:00,2024,2,1,20,3,Qui,5,1,0,Inverno,Noite,Ponta,38.796,0.3025870537729928,0.06521470792678453
2024-02-01 21:00:00+00:00,2024,2,1,21,3,Qui,5,1,0,Inverno,Noite,Cheio,57.29146102640331,0.459660487258861,0.8318528831920423
2024-02-01 21:00:00+00:00,2024,2,1,21,3,Qui,5,1,0,Inverno,Noite,Cheio,78.01689204881663,0.6356720290375547,1.6909234734264034
2024-02-01 22:00:00+00:00,2024,2,1,22,3,Qui,5,1,0,Inverno,Noite,Vazio,53.55496439370768,0.4279281419840907,0.6769748319617828
2024-02-01 22:00:00+00:00,2024,2,1,22,3,Qui,5,1,0,Inverno,Noite,Vazio,46.646,0.3692534889109897,0.39059776635615184
2024-02-01 23:00:00+00:00,2024,2,1,23,3,Qui,5,1,0,Inverno,Noite,Vazio,34.11071047038625,0.26279704733621184,-0.1289908763754846
2024-02-01 23:00:00+00:00,2024,2,1,23,3,Qui,5,1,0,Inverno,Noite,Vazio,25.91810708099856,0.1932210393782567,-0.46857486966691997
2024-02-02 00:00:00+00:00,2024,2,2,0,4,Sex,5,1,0,Inverno,Madrugada,Vazio,46.94812409901655,0.3718192897582142,0.4031208317527407
2024-02-02 00:00:00+00:00,2024,2,2,0,4,Sex,5,1,0,Inverno,Madrugada,Vazio,27.892884785213734,0.20999191705087114,-0.38672019334645397
2024-02-02 01:00:00+00:00,2024,2,2,1,4,Sex,5,1,0,Inverno,Madrugada,Vazio,91.91110043675005,0.7536691427048128,2.266839399505479
2024-02-02 01:00:00+00:00,2024,2,2,1,4,Sex,5,1,0,Inverno,Madrugada,Vazio,58.918,0.4734739337534734,0.8992730393555397
2024-02-02 02:00:00+00:00,2024,2,2,2,4,Sex,5,1,0,Inverno,Madrugada,Vazio,50.60841493913696,0.4029044543287991,0.5548401474596678
2024-02-02 02:00:00+00:00,2024,2,2,2,4,Sex,5,1,0,Inverno,Madrugada,Vazio,22.79233161732312,0.16667526775977762,-0.5981384849961159
2024-02-02 03:00:00+00:00,2024,2,2,3,4,Sex,5,1,0,Inverno,Madrugada,Vazio,9.446,0.05333101921245676,-1.1513448799588115
2024-02-02 03:00:00+00:00,2024,2,2,3,4,Sex,5,1,0,Inverno,Madrugada,Vazio,12.095748794229864,0.0758341155337957,-1.0415126039414815
2024-02-02 04:00:00+00:00,2024,2,2,4,4,Sex,5,1,0,Inverno,Madrugada,Vazio,47.4270747939216,0.3758867974570914,0.4229733721279094
2024-02-02 04:00:00+00:00,2024,2,2,4,4,Sex,5,1,0,Inverno,Madrugada,Vazio,20.192,0.14459184876569428,-0.705922415515247
2024-02-02 05:00:00+00:00,2024,2,2,5,4,Sex,5,1,0,Inverno,Madrugada,Vazio,24.39337328042845,0.1802721773376938,-0.5317751941663003
2024-02-02 05:00:00+00:00,2024,2,2,5,4,Sex,5,1,0,Inverno,Madrugada,Vazio,14.736,0.09825655320990945,-0.9320740036414417
2024-02-02 06:00:00+00:00,2024,2,2,6,4,Sex,5,1,0,Inverno,Manhã,Vazio,4.044,0.0074543207901052845,-1.3752581642435813
2024-02-02 06:00:00+00:00,2024,2,2,6,4,Sex,5,1,0,Inverno,Manhã,Vazio,13.346,0.08645192329375458,-0.9896896025225653
2024-02-02 07:00:00+00:00,2024,2,2,7,4,Sex,5,1,0,Inverno,Manhã,Cheio,11.278,0.0688893515911587,-1.0754083496349134
2024-02-02 07:00:00+00:00,2024,2,2,7,4,Sex,5,1,0,Inverno,Manhã,Cheio,18.22304090564192,0.127870385867173,-0.7875359100432151
2024-02-02 08:00:00+00:00,2024,2,2,8,4,Sex,5,1,0,Inverno,Manhã,Cheio,110.534,0.9118248529996961,3.0387599111886887
2024-02-02 08:00:00+00:00,2024,2,2,8,4,Sex,5,1,0,Inverno,Manhã,Cheio,24.82928673679136,0.1839741895879356,-0.5137065503902646
2024-02-02 09:00:00+00:00,2024,2,2,9,4,Sex,5,1,0,Inverno,Manhã,Ponta,35.772,0.27690561430072497,-0.060130307193012524
2024-02-02 09:00:00+00:00,2024,2,2,9,4,Sex,5,1,0,Inverno,Manhã,Ponta,34.81954443653657,0.2688168477983735,-0.09960965805387845
2024-02-02 10:00:00+00:00,2024,2,2,10,4,Sex,5,1,0,Inverno,Manhã,Ponta,65.50203744277324,0.5293891318585416,1.1721818597304476
2024-02-02 10:00:00+00:00,2024,2,2,10,4,Sex,5,1,0,Inverno,Manhã,Ponta,15.6913402291494,0.10636981784956645,-0.8924750831826844
2024-02-02 11:00:00+00:00,2024,2,2,11,4,Sex,5,1,0,Inverno,Manhã,Ponta,112.88033952956134,0.9317512341537366,3.136015851601732
2024-02-02 11:00:00+00:00,2024,2,2,11,4,Sex,5,1,0,Inverno,Manhã,Ponta,58.39801360272345,0.46905792873096674,0.8777195661978949
2024-02-02 12:00:00+00:00,2024,2,2,12,4,Sex,5,1,0,Inverno,Tarde,Cheio,40.5572385178062,0.31754444146851746,0.13821816977995477
2024-02-02 12:00:00+00:00,2024,2,2,12,4,Sex,5,1,0,Inverno,Tarde,Cheio,15.2096525430391,0.10227906614474552,-0.9124410720380137
2024-02-02 13:00:00+00:00,2024,2,2,13,4,Sex,5,1,0,Inverno,Tarde,Cheio,99.18090658738517,0.8154082586547652,2.5681733816051326
2024-02-02 13:00:00+00:00,2024,2,2,13,4,Sex,5,1,0,Inverno,Tarde,Cheio,67.78357992732771,0.5487652215478581,1.2667519580184565
2024-02-02 14:00:00+00:00,2024,2,2,14,4,Sex,5,1,0,Inverno,Tarde,Cheio,100.804,0.8291924435866119,2.6354507190208234
2024-02-02 14:00:00+00:00,2024,2,2,14,4,Sex,5,1,0,Inverno,Tarde,Cheio,20.52676636889903,0.14743486537952738,-0.6920463257099401
2024-02-02 15:00:00+00:00,2024,2,2,15,4,Sex,5,1,0,Inverno,Tarde,Cheio,67.6131952259604,0.5473182227399332,1.25968950002604
2024-02-02 15:00:00+00:00,2024,2,2,15,4,Sex,5,1,0,Inverno,Tarde,Cheio,6.52940814667543,0.02856174766931377,-1.272237819758165
2024-02-02 16:00:00+00:00,2024,2,2,16,4,Sex,5,1,0,Inverno,Tarde,Cheio,16.316573296539794,0.11167963437610308,-0.866559128061836
2024-02-02 16:00:00+00:00,2024,2,2,16,4,Sex,5,1,0,Inverno,Tarde,Cheio,40.96686895365577,0.3210232441286595,0.15519738048600423
2024-02-02 17:00:00+00:00,2024,2,2,17,4,Sex,5,1,0,Inverno,Tarde,Cheio,36.642,0.2842941236727068,-0.024068745303388196
2024-02-02 17:00:00+00:00,2024,2,2,17,4,Sex,5,1,0,Inverno,Tarde,Cheio,29.49751664359914,0.2236193165040449,-0.32020808866688166
2024-02-02 18:00:00+00:00,2024,2,2,18,4,Sex,5,1,0,Inverno,Noite,Ponta,15.766908758181488,0.10701158656793479,-0.8893427622785484
2024-02-02 18:00:00+00:00,2024,2,2,18,4,Sex,5,1,0,Inverno,Noite,Ponta,54.9158330649703,0.4394853729400221,0.7333829351944122
2024-02-02 19:00:00+00:00,2024,2,2,19,4,Sex,5,1,0,Inverno,Noite,Ponta,51.235172132536555,0.40822721455568406,0.58081927771202
2024-02-02 19:00:00+00:00,2024,2,2,19,4,Sex,5,1,0,Inverno,Noite,Ponta,40.048,0.31321971323704023,0.11711019699093339
2024-02-02 20:00:00+00:00,2024,2,2,20,4,Sex,5,1,0,Inverno,Noite,Ponta,51.31268595230122,0.40888550373245347,0.5840322310554048
2024-02-02 20:00:00+00:00,2024,2,2,20,4,Sex,5,1,0,Inverno,Noite,Ponta,31.632,0.24174650073750117,-0.23173360170225832
2024-02-02 21:00:00+00:00,2024,2,2,21,4,Sex,5,1,0,Inverno,Noite,Cheio,70.86402209623924,0.5749259983695258,1.3944365050547913
2024-02-02 21:00:00+00:00,2024,2,2,21,4,Sex,5,1,0,Inverno,Noite,Cheio,23.442,0.1721926021667758,-0.5712096843183753
2024-02-02 22:00:00+00:00,2024,2,2,22,4,Sex,5,1,0,Inverno,Noite,Vazio,34.75398785347489,0.26826010592671107,-0.10232698308531636
2024-02-02 22:00:00+00:00,2024,2,2,22,4,Sex,5,1,0,Inverno,Noite,Vazio,49.25756974444992,0.39143234814369354,0.498847518044141
2024-02-02 23:00:00+00:00,2024,2,2,23,4,Sex,5,1,0,Inverno,Noite,Vazio,20.836,0.1500610442088624,-0.6792285697026977
2024-02-02 23:00:00+00:00,2024,2,2,23,4,Sex,5,1,0,Inverno,Noite,Vazio,24.317991676351912,0.1796319960868955,-0.5348997670177316
2024-02-03 00:00:00+00:00,2024,2,3,0,5,Sã¡,5,1,1,Inverno,Madrugada,Vazio,59.332,0.4769898451097958,0.9164333688064643
2024-02-03 00:00:00+00:00,2024,2,3,0,5,Sã¡,5,1,1,Inverno,Madrugada,Vazio,11.102,0.0673946646377463,-1.082703562155113
2024-02-03 01:00:00+00:00,2024,2,3,1,5,Sã¡,5,1,1,Inverno,Madrugada,Vazio,51.57514652572479,0.411114460521552,0.5949112404946004
2024-02-03 01:00:00+00:00,2024,2,3,1,5,Sã¡,5,1,1,Inverno,Madrugada,Vazio,48.832907975157774,0.3878258912904322,0.48124525749760544
2024-02-03 02:00:00+00:00,2024,2,3,2,5,Sã¡,5,1,1,Inverno,Madrugada,Vazio,23.78040322598236,0.17506650493307413,-0.5571828465282472
2024-02-03 02:00:00+00:00,2024,2,3,2,5,Sã¡,5,1,1,Inverno,Madrugada,Vazio,15.437601590018271,0.10421493243203282,-0.9029925678250019
2024-02-03 03:00:00+00:00,2024,2,3,3,5,Sã¡,5,1,1,Inverno,Madrugada,Vazio,29.480073408752205,0.22347117914295953,-0.32093111199215524
2024-02-03 03:00:00+00:00,2024,2,3,3,5,Sã¡,5,1,1,Inverno,Madrugada,Vazio,21.307626312272568,0.15406634929886137,-0.6596796255086834
2024-02-03 04:00:00+00:00,2024,2,3,4,5,Sã¡,5,1,1,Inverno,Madrugada,Vazio,7.364176756190544,0.035651053065680026,-1.2376366015104123
2024-02-03 04:00:00+00:00,2024,2,3,4,5,Sã¡,5,1,1,Inverno,Madrugada,Vazio,6.492,0.02824405750575068,-1.2737883900989835
2024-02-03 05:00:00+00:00,2024,2,3,5,5,Sã¡,5,1,1,Inverno,Madrugada,Vazio,39.31735305285397,0.3070146651719846,0.08682482905533377
2024-02-03 05:00:00+00:00,2024,2,3,5,5,Sã¡,5,1,1,Inverno,Madrugada,Vazio,4.477653415092682,0.011137139550569889,-1.35728319933897
2024-02-03 06:00:00+00:00,2024,2,3,6,5,Sã¡,5,1,1,Inverno,Manhã,Vazio,46.96483112786689,0.3719611748607874,0.40381333928708335
2024-02-03 06:00:00+00:00,2024,2,3,6,5,Sã¡,5,1,1,Inverno,Manhã,Vazio,19.162798710555546,0.1358513161533769,-0.7485828821775254
2024-02-03 07:00:00+00:00,2024,2,3,7,5,Sã¡,5,1,1,Inverno,Manhã,Vazio,30.204847546233363,0.22962635213991306,-0.2908891724349417
2024-02-03 07:00:00+00:00,2024,2,3,7,5,Sã¡,5,1,1,Inverno,Manhã,Vazio,33.352000000000004,0.2563536686913043,-0.16043947934575992
2024-02-03 08:00:00+00:00,2024,2,3,8,5,Sã¡,5,1,1,Inverno,Manhã,Vazio,30.35686196167058,0.23091734056880298,-0.2845881641011437
2024-02-03 08:00:00+00:00,2024,2,3,8,5,Sã¡,5,1,1,Inverno,Manhã,Vazio,55.40204840692288,0.44361457594096226,0.7535365957064901
2024-02-03 09:00:00+00:00,2024,2,3,9,5,Sã¡,5,1,1,Inverno,Manhã,Vazio,13.48,0.08758992358782994,-0.9841352929901405
2024-02-03 09:00:00+00:00,2024,2,3,9,5,Sã¡,5,1,1,Inverno,Manhã,Vazio,31.058230504311364,0.2368737406268658,-0.25551638811507926
2024-02-03 10:00:00+00:00,2024,2,3,10,5,Sã¡,5,1,1,Inverno,Manhã,Vazio,36.834,0.2859246912582476,-0.016110331644988377
2024-02-03 10:00:00+00:00,2024,2,3,10,5,Sã¡,5,1,1,Inverno,Manhã,Vazio,29.793990430594963,0.22613713185320072,-0.30791922910550107
2024-02-03 11:00:00+00:00,2024,2,3,11,5,Sã¡,5,1,1,Inverno,Manhã,Vazio,109.23915102772796,0.90082829694575,2.9850883291756953
2024-02-03 11:00:00+00:00,2024,2,3,11,5,Sã¡,5,1,1,Inverno,Manhã,Vazio,60.65038617753676,0.4881862918093609,0.9710805696520584
2024-02-03 12:00:00+00:00,2024,2,3,12,5,Sã¡,5,1,1,Inverno,Tarde,Vazio,22.856,0.1672159740150731,-0.5954994260049497
2024-02-03 12:00:00+00:00,2024,2,3,12,5,Sã¡,5,1,1,Inverno,Tarde,Vazio,31.37,0.2395214553863986,-0.2425935203402831
2024-02-03 13:00:00+00:00,2024,2,3,13,5,Sã¡,5,1,1,Inverno,Tarde,Vazio,22.985206704611684,0.16831326705868954,-0.5901437989073536
2024-02-03 13:00:00+00:00,2024,2,3,13,5,Sã¡,5,1,1,Inverno,Tarde,Vazio,11.733999999999998,0.07276194960681813,-1.056507117196214
2024-02-03 14:00:00+00:00,2024,2,3,14,5,Sã¡,5,1,1,Inverno,Tarde,Vazio,55.13457096753869,0.4413430132194867,0.7424496368163395
2024-02-03 14:00:00+00:00,2024,2,3,14,5,Sã¡,5,1,1,Inverno,Tarde,Vazio,42.7047056163651,0.33578189064521297,0.22723083378066003
2024-02-03 15:00:00+00:00,2024,2,3,15,5,Sã¡,5,1,1,Inverno,Tarde,Vazio,16.65405155034732,0.11454568177966279,-0.852570630434155
2024-02-03 15:00:00+00:00,2024,2,3,15,5,Sã¡,5,1,1,Inverno,Tarde,Vazio,26.699037102244212,0.19985311843668827,-0.43620526473287907
2024-02-03 16:00:00+00:00,2024,2,3,16,5,Sã¡,5,1,1,Inverno,Tarde,Vazio,22.73,0.16614591403706191,-0.6007221349682745
2024-02-03 16:00:00+00:00,2024,2,3,16,5,Sã¡,5,1,1,Inverno,Tarde,Vazio,100.5601642940715,0.8271216592205469,2.625343711664225
2024-02-03 17:00:00+00:00,2024,2,3,17,5,Sã¡,5,1,1,Inverno,Tarde,Vazio,20.136,0.14411626655324486,-0.7082436194989471
2024-02-03 17:00:00+00:00,2024,2,3,17,5,Sã¡,5,1,1,Inverno,Tarde,Vazio,44.15919138121436,0.34813416846705536,0.28751937220214147
2024-02-03 18:00:00+00:00,2024,2,3,18,5,Sã¡,5,1,1,Inverno,Noite,Vazio,58.94967391434287,0.47374292572240406,0.9005859253582545
2024-02-03 18:00:00+00:00,2024,2,3,18,5,Sã¡,5,1,1,Inverno,Noite,Vazio,49.807440555999904,0.3961021477350916,0.5216397022993222
2024-02-03 19:00:00+00:00,2024,2,3,19,5,Sã¡,5,1,1,Inverno,Noite,Vazio,44.66491412197885,0.35242903882310456,0.3084816157826806
2024-02-03 19:00:00+00:00,2024,2,3,19,5,Sã¡,5,1,1,Inverno,Noite,Vazio,32.71352035579696,0.2509313550878402,-0.1869045060178212
2024-02-03 20:00:00+00:00,2024,2,3,20,5,Sã¡,5,1,1,Inverno,Noite,Vazio,32.434,0.24855751742293725,-0.19849064464998428
2024-02-03 20:00:00+00:00,2024,2,3,20,5,Sã¡,5,1,1,Inverno,Noite,Vazio,51.31268595230122,0.40888550373245347,0.5840322310554048
2024-02-03 21:00:00+00:00,2024,2,3,21,5,Sã¡,5,1,1,Inverno,Noite,Vazio,45.62985749559467,0.3606238585465439,0.3484785872627145
2024-02-03 21:00:00+00:00,2024,2,3,21,5,Sã¡,5,1,1,Inverno,Noite,Vazio,36.028,0.27907970441477936,-0.049519088981812766
2024-02-03 22:00:00+00:00,2024,2,3,22,5,Sã¡,5,1,1,Inverno,Noite,Vazio,30.518,0.23228581172556123,-0.2779089809494322
2024-02-03 22:00:00+00:00,2024,2,3,22,5,Sã¡,5,1,1,Inverno,Noite,Vazio,40.81,0.31969102834215535,0.14869515119770765
2024-02-03 23:00:00+00:00,2024,2,3,23,5,Sã¡,5,1,1,Inverno,Noite,Vazio,28.575446696846406,0.21578860105208472,-0.35842795355353246
2024-02-03 23:00:00+00:00,2024,2,3,23,5,Sã¡,5,1,1,Inverno,Noite,Vazio,47.38393248559844,0.3755204096991896,0.42118512037887873
2024-02-04 00:00:00+00:00,2024,2,4,0,6,Dom,5,1,1,Inverno,Madrugada,Vazio,29.510834997114845,0.22373242314745886,-0.3196560419662214
2024-02-04 00:00:00+00:00,2024,2,4,0,6,Dom,5,1,1,Inverno,Madrugada,Vazio,23.92545343441328,0.17629834955882098,-0.5511705050702765
2024-02-04 01:00:00+00:00,2024,2,4,1,6,Dom,5,1,1,Inverno,Madrugada,Vazio,47.926,0.3801239394812618,0.44365385741215063
2024-02-04 01:00:00+00:00,2024,2,4,1,6,Dom,5,1,1,Inverno,Madrugada,Vazio,49.72512629646764,0.3954030906339401,0.5182277703860795
2024-02-04 02:00:00+00:00,2024,2,4,2,6,Dom,5,1,1,Inverno,Madrugada,Vazio,96.60399558291677,0.7935237401406527,2.4613602371549135
2024-02-04 02:00:00+00:00,2024,2,4,2,6,Dom,5,1,1,Inverno,Madrugada,Vazio,8.891899259600805,0.04862529678319066,-1.174312395065699
2024-02-04 03:00:00+00:00,2024,2,4,3,6,Dom,5,1,1,Inverno,Madrugada,Vazio,12.19,0.07663454762247757,-1.0376058847575143
2024-02-04 03:00:00+00:00,2024,2,4,3,6,Dom,5,1,1,Inverno,Madrugada,Vazio,57.44227085293189,0.46094124566885336,0.8381039612298858
2024-02-04 04:00:00+00:00,2024,2,4,4,6,Dom,5,1,1,Inverno,Madrugada,Vazio,68.55776271330458,0.5553399994441997,1.2988418895706253
2024-02-04 04:00:00+00:00,2024,2,4,4,6,Dom,5,1,1,Inverno,Madrugada,Vazio,24.1916335608272,0.1785588947986423,-0.5401373198950312
2024-02-04 05:00:00+00:00,2024,2,4,5,6,Dom,5,1,1,Inverno,Madrugada,Vazio,5.675483237827329,0.021309756644034557,-1.307633067976001
2024-02-04 05:00:00+00:00,2024,2,4,5,6,Dom,5,1,1,Inverno,Madrugada,Vazio,35.556,0.2750712257669915,-0.06908352255871236
2024-02-04 06:00:00+00:00,2024,2,4,6,6,Dom,5,1,1,Inverno,Manhã,Vazio,14.59,0.09701664244173777,-0.9381257140275165
2024-02-04 06:00:00+00:00,2024,2,4,6,6,Dom,5,1,1,Inverno,Manhã,Vazio,37.01716633098802,0.28748023856070337,-0.00851807419554044
2024-02-04 07:00:00+00:00,2024,2,4,7,6,Dom,5,1,1,Inverno,Manhã,Vazio,14.084,0.09271941745067708,-0.959099450023091
2024-02-04 07:00:00+00:00,2024,2,4,7,6,Dom,5,1,1,Inverno,Manhã,Vazio,22.73683362729201,0.16620394888682244,-0.6004388806308936
2024-02-04 08:00:00+00:00,2024,2,4,8,6,Dom,5,1,1,Inverno,Manhã,Vazio,13.224,0.08541583347377552,-0.9947465112013402
2024-02-04 08:00:00+00:00,2024,2,4,8,6,Dom,5,1,1,Inverno,Manhã,Vazio,25.442970052284053,0.1891859193901731,-0.4882693333071962
2024-02-04 09:00:00+00:00,2024,2,4,9,6,Dom,5,1,1,Inverno,Manhã,Vazio,29.924,0.22724124325779432,-0.3025303232051067
2024-02-04 09:00:00+00:00,2024,2,4,9,6,Dom,5,1,1,Inverno,Manhã,Vazio,17.926000000000002,0.12534775424050945,-0.7998482767128198
2024-02-04 10:00:00+00:00,2024,2,4,10,6,Dom,5,1,1,Inverno,Manhã,Vazio,51.672,0.4119369924783237,0.5989258238932217
2024-02-04 10:00:00+00:00,2024,2,4,10,6,Dom,5,1,1,Inverno,Manhã,Vazio,49.004000000000005,0.38927889707091284,0.4883370340983747
2024-02-04 11:00:00+00:00,2024,2,4,11,6,Dom,5,1,1,Inverno,Manhã,Vazio,29.06984006240282,0.21998725624157806,-0.33793531338131144
2024-02-04 11:00:00+00:00,2024,2,4,11,6,Dom,5,1,1,Inverno,Manhã,Vazio,15.117504279756789,0.1014964933782246,-0.9162606241062625
2024-02-04 12:00:00+00:00,2024,2,4,12,6,Dom,5,1,1,Inverno,Tarde,Vazio,28.064,0.2114451197728677,-0.37962745552085486
2024-02-04 12:00:00+00:00,2024,2,4,12,6,Dom,5,1,1,Inverno,Tarde,Vazio,56.98964650104283,0.45709731547814125,0.8193426496455197
2024-02-04 13:00:00+00:00,2024,2,4,13,6,Dom,5,1,1,Inverno,Tarde,Vazio,109.33143298096496,0.9016120050794929,2.9889134227020766
2024-02-04 13:00:00+00:00,2024,2,4,13,6,Dom,5,1,1,Inverno,Tarde,Vazio,33.70735772379173,0.25937155820008745,-0.14570987641533312
2024-02-04 14:00:00+00:00,2024,2,4,14,6,Dom,5,1,1,Inverno,Tarde,Vazio,78.93914170323599,0.6435042706639736,1.7291507872086196
2024-02-04 14:00:00+00:00,2024,2,4,14,6,Dom,5,1,1,Inverno,Tarde,Vazio,48.18231600102924,0.38230071324654163,0.4542781738884919
2024-02-04 15:00:00+00:00,2024,2,4,15,6,Dom,5,1,1,Inverno,Tarde,Vazio,60.060685324820845,0.48317823401975496,0.9466374273571398
2024-02-04 15:00:00+00:00,2024,2,4,15,6,Dom,5,1,1,Inverno,Tarde,Vazio,39.5202498861656,0.30873777454493684,0.09523491722967428
2024-02-04 16:00:00+00:00,2024,2,4,16,6,Dom,5,1,1,Inverno,Tarde,Vazio,59.98215993081785,0.48251135400880124,0.9433825441896156
2024-02-04 16:00:00+00:00,2024,2,4,16,6,Dom,5,1,1,Inverno,Tarde,Vazio,67.41144132601579,0.5456048197737555,1.2513267865210682
2024-02-04 17:00:00+00:00,2024,2,4,17,6,Dom,5,1,1,Inverno,Tarde,Vazio,26.636000000000003,0.1993177733554079,-0.43881815710520333
2024-02-04 17:00:00+00:00,2024,2,4,17,6,Dom,5,1,1,Inverno,Tarde,Vazio,19.73,0.14066829551298668,-0.7250723483807716
2024-02-04 18:00:00+00:00,2024,2,4,18,6,Dom,5,1,1,Inverno,Noite,Vazio,39.0968534107224,0.3051420632496769,0.07768510320318738
2024-02-04 18:00:00+00:00,2024,2,4,18,6,Dom,5,1,1,Inverno,Noite,Vazio,95.68192170529072,0.7856929913055957,2.423140209333284
2024-02-04 19:00:00+00:00,2024,2,4,19,6,Dom,5,1,1,Inverno,Noite,Vazio,48.5138773380712,0.38511651100070404,0.4680214148953252
2024-02-04 19:00:00+00:00,2024,2,4,19,6,Dom,5,1,1,Inverno,Noite,Vazio,31.58236339226941,0.2413249598853048,-0.23379104262371544
2024-02-04 20:00:00+00:00,2024,2,4,20,6,Dom,5,1,1,Inverno,Noite,Vazio,38.389625256727015,0.2991359002106834,0.04837044590963644
2024-02-04 20:00:00+00:00,2024,2,4,20,6,Dom,5,1,1,Inverno,Noite,Vazio,34.504000000000005,0.26613707420454924,-0.112688997395361
2024-02-04 21:00:00+00:00,2024,2,4,21,6,Dom,5,1,1,Inverno,Noite,Vazio,39.71,0.3103492348833277,0.10310007294645869
2024-02-04 21:00:00+00:00,2024,2,4,21,6,Dom,5,1,1,Inverno,Noite,Vazio,31.266,0.23863823127756398,-0.2469043277385831
2024-02-04 22:00:00+00:00,2024,2,4,22,6,Dom,5,1,1,Inverno,Noite,Vazio,19.532828225036145,0.1389938064242387,-0.7332451324793304
2024-02-04 22:00:00+00:00,2024,2,4,22,6,Dom,5,1,1,Inverno,Noite,Vazio,28.80755236130519,0.21775976757753737,-0.3488071572502993
2024-02-04 23:00:00+00:00,2024,2,4,23,6,Dom,5,1,1,Inverno,Noite,Vazio,71.80199999999999,0.5828918127748686,1.4333157558910767
2024-02-04 23:00:00+00:00,2024,2,4,23,6,Dom,5,1,1,Inverno,Noite,Vazio,30.45048345974161,0.23171242483997168,-0.2807075463461004
2024-02-05 00:00:00+00:00,2024,2,5,0,0,Seg,6,1,0,Inverno,Madrugada,Vazio,16.689525520826685,0.11484694587546533,-0.8511002318342559
2024-02-05 00:00:00+00:00,2024,2,5,0,0,Seg,6,1,0,Inverno,Madrugada,Vazio,38.336,0.29868048559930127,0.046147675203534945
2024-02-05 01:00:00+00:00,2024,2,5,1,0,Seg,6,1,0,Inverno,Madrugada,Vazio,35.498,0.2745786584755261,-0.07148762668468729
2024-02-05 01:00:00+00:00,2024,2,5,1,0,Seg,6,1,0,Inverno,Madrugada,Vazio,29.829247642099446,0.22643655511484534,-0.3064578151805304
2024-02-05 02:00:00+00:00,2024,2,5,2,0,Seg,6,1,0,Inverno,Madrugada,Vazio,29.787064414107416,0.226078312384547,-0.3082063129816094
2024-02-05 02:00:00+00:00,2024,2,5,2,0,Seg,6,1,0,Inverno,Madrugada,Vazio,67.07705555530416,0.5427650354050655,1.2374664725377036
2024-02-05 03:00:00+00:00,2024,2,5,3,0,Seg,6,1,0,Inverno,Madrugada,Vazio,7.46,0.036464835749518955,-1.2336647212378844
2024-02-05 03:00:00+00:00,2024,2,5,3,0,Seg,6,1,0,Inverno,Madrugada,Vazio,4.1635096186882175,0.008469260948403987,-1.3703044820473391
2024-02-05 04:00:00+00:00,2024,2,5,4,0,Seg,6,1,0,Inverno,Madrugada,Vazio,54.83804769597496,0.43882477762068284,0.7301587261160987
2024-02-05 04:00:00+00:00,2024,2,5,4,0,Seg,6,1,0,Inverno,Madrugada,Vazio,40.512,0.3171602515687638,0.13634302999873288
2024-02-05 05:00:00+00:00,2024,2,5,5,0,Seg,6,1,0,Inverno,Madrugada,Vazio,6.641750020423999,0.029515815470529057,-1.2675812410995668
2024-02-05 05:00:00+00:00,2024,2,5,5,0,Seg,6,1,0,Inverno,Madrugada,Vazio,16.15415372972205,0.11030027978802708,-0.8732914306605531
2024-02-05 06:00:00+00:00,2024,2,5,6,0,Seg,6,1,0,Inverno,Manhã,Vazio,12.492,0.07919929455390116,-1.0250879632739895
2024-02-05 06:00:00+00:00,2024,2,5,6,0,Seg,6,1,0,Inverno,Manhã,Vazio,7.709631452576627,0.03858484072297165,-1.223317479770426
2024-02-05 07:00:00+00:00,2024,2,5,7,0,Seg,6,1,0,Inverno,Manhã,Cheio,15.145912930724998,0.10173775496894182,-0.9150830835027098
2024-02-05 07:00:00+00:00,2024,2,5,7,0,Seg,6,1,0,Inverno,Manhã,Cheio,42.254000000000005,0.33195425539174356,0.20854905392025636
2024-02-05 08:00:00+00:00,2024,2,5,8,0,Seg,6,1,0,Inverno,Manhã,Cheio,32.046,0.24526241209382355,-0.21457327225133382
2024-02-05 08:00:00+00:00,2024,2,5,8,0,Seg,6,1,0,Inverno,Manhã,Cheio,14.764,0.09849434431613413,-0.9309134016495918
2024-02-05 09:00:00+00:00,2024,2,5,9,0,Seg,6,1,0,Inverno,Manhã,Ponta,119.35601739528371,0.9867461842696275,3.404433159799453
2024-02-05 09:00:00+00:00,2024,2,5,9,0,Seg,6,1,0,Inverno,Manhã,Ponta,84.09509784653983,0.6872914319126261,1.9428655361303888
2024-02-05 10:00:00+00:00,2024,2,5,10,0,Seg,6,1,0,Inverno,Manhã,Ponta,30.08,0.22856607942104623,-0.29606411210765693
2024-02-05 10:00:00+00:00,2024,2,5,10,0,Seg,6,1,0,Inverno,Manhã,Ponta,86.6232347265813,0.7087617342480735,2.0476569896534427
2024-02-05 11:00:00+00:00,2024,2,5,11,0,Seg,6,1,0,Inverno,Manhã,Ponta,13.242,0.08556869918491998,-0.9940004099208652
2024-02-05 11:00:00+00:00,2024,2,5,11,0,Seg,6,1,0,Inverno,Manhã,Ponta,19.754,0.14087211646117928,-0.7240775466734716
2024-02-05 12:00:00+00:00,2024,2,5,12,0,Seg,6,1,0,Inverno,Tarde,Cheio,38.53377270325301,0.30036007809528636,0.054345367822427625
2024-02-05 12:00:00+00:00,2024,2,5,12,0,Seg,6,1,0,Inverno,Tarde,Cheio,14.26,0.09421410440408948,-0.9518042375028913
2024-02-05 13:00:00+00:00,2024,2,5,13,0,Seg,6,1,0,Inverno,Tarde,Cheio,38.44163716979991,0.29957761343734296,0.050526343406505386
2024-02-05 13:00:00+00:00,2024,2,5,13,0,Seg,6,1,0,Inverno,Tarde,Cheio,102.69621269510118,0.8452621346573453,2.713883069840046
2024-02-05 14:00:00+00:00,2024,2,5,14,0,Seg,6,1,0,Inverno,Tarde,Cheio,36.81351954101277,0.285750760151156,-0.01695924812693797
2024-02-05 14:00:00+00:00,2024,2,5,14,0,Seg,6,1,0,Inverno,Tarde,Cheio,27.36151284456188,0.2054792198514293,-0.4087455980869443
2024-02-05 15:00:00+00:00,2024,2,5,15,0,Seg,6,1,0,Inverno,Tarde,Cheio,16.247999999999998,0.11109727294604334,-0.8694014960815433
2024-02-05 15:00:00+00:00,2024,2,5,15,0,Seg,6,1,0,Inverno,Tarde,Cheio,38.433476003202486,0.29950830440758275,0.050188062470477135
2024-02-05 16:00:00+00:00,2024,2,5,16,0,Seg,6,1,0,Inverno,Tarde,Cheio,55.36386810858421,0.4432903282488929,0.7519540196243012
2024-02-05 16:00:00+00:00,2024,2,5,16,0,Seg,6,1,0,Inverno,Tarde,Cheio,37.348488818449766,0.29029400787536935,0.0052152664792021195
2024-02-05 17:00:00+00:00,2024,2,5,17,0,Seg,6,1,0,Inverno,Tarde,Cheio,46.88317659836475,0.3712677205429813,0.4004287532305207
2024-02-05 17:00:00+00:00,2024,2,5,17,0,Seg,6,1,0,Inverno,Tarde,Cheio,17.959516022768383,0.1256323903880218,-0.7984590351848243
2024-02-05 18:00:00+00:00,2024,2,5,18,0,Seg,6,1,0,Inverno,Noite,Ponta,49.807440555999904,0.3961021477350916,0.5216397022993222
2024-02-05 18:00:00+00:00,2024,2,5,18,0,Seg,6,1,0,Inverno,Noite,Ponta,71.518,0.5804799315545895,1.4215439356880273
2024-02-05 19:00:00+00:00,2024,2,5,19,0,Seg,6,1,0,Inverno,Noite,Ponta,33.24935188065254,0.2554819254823215,-0.16469425119484277
2024-02-05 19:00:00+00:00,2024,2,5,19,0,Seg,6,1,0,Inverno,Noite,Ponta,54.98305109835105,0.44005622474415984,0.736169127459767
2024-02-05 20:00:00+00:00,2024,2,5,20,0,Seg,6,1,0,Inverno,Noite,Ponta,23.376000000000005,0.17163209455924616,-0.57394538901345
2024-02-05 20:00:00+00:00,2024,2,5,20,0,Seg,6,1,0,Inverno,Noite,Ponta,49.308,0.39186062908135244,0.5009378557241742
2024-02-05 21:00:00+00:00,2024,2,5,21,0,Seg,6,1,0,Inverno,Noite,Cheio,42.03317471740486,0.3300788879549335,0.19939583024772933
2024-02-05 21:00:00+00:00,2024,2,5,21,0,Seg,6,1,0,Inverno,Noite,Cheio,82.80152676633924,0.676305728407584,1.889246922834663
2024-02-05 22:00:00+00:00,2024,2,5,22,0,Seg,6,1,0,Inverno,Noite,Vazio,56.768,0.4552149738112195,0.8101553864099168
2024-02-05 22:00:00+00:00,2024,2,5,22,0,Seg,6,1,0,Inverno,Noite,Vazio,34.554,0.2665617011799505,-0.11061649383848618
2024-02-05 23:00:00+00:00,2024,2,5,23,0,Seg,6,1,0,Inverno,Noite,Vazio,18.956565490255805,0.1340998723821141,-0.7571312638298652
2024-02-05 23:00:00+00:00,2024,2,5,23,0,Seg,6,1,0,Inverno,Noite,Vazio,28.575446696846406,0.21578860105208472,-0.35842795355353246
2024-02-06 00:00:00+00:00,2024,2,6,0,1,Ter,6,1,0,Inverno,Madrugada,Vazio,18.568,0.13079996460466156,-0.7732373310425454
2024-02-06 00:00:00+00:00,2024,2,6,0,1,Ter,6,1,0,Inverno,Madrugada,Vazio,11.760357678985203,0.07298579323693982,-1.0554145895272578
2024-02-06 01:00:00+00:00,2024,2,6,1,1,Ter,6,1,0,Inverno,Madrugada,Vazio,45.145041383334686,0.35650653855904885,0.3283829249209324
2024-02-06 01:00:00+00:00,2024,2,6,1,1,Ter,6,1,0,Inverno,Madrugada,Vazio,84.00301363921093,0.6865094031438204,1.939048639185966
2024-02-06 02:00:00+00:00,2024,2,6,2,1,Ter,6,1,0,Inverno,Madrugada,Vazio,10.640429748252384,0.06347476103905059,-1.1018356819250053
2024-02-06 02:00:00+00:00,2024,2,6,2,1,Ter,6,1,0,Inverno,Madrugada,Vazio,12.114,0.07598911461986768,-1.040756090163964
2024-02-06 03:00:00+00:00,2024,2,6,3,1,Ter,6,1,0,Inverno,Madrugada,Vazio,6.249353610247287,0.02618337345429611,-1.2838461002154908
2024-02-06 03:00:00+00:00,2024,2,6,3,1,Ter,6,1,0,Inverno,Madrugada,Vazio,18.83635499415612,0.13307897999470825,-0.7621139974446711
2024-02-06 04:00:00+00:00,2024,2,6,4,1,Ter,6,1,0,Inverno,Madrugada,Vazio,69.44759491547114,0.5628969345766122,1.3357254976508666
2024-02-06 04:00:00+00:00,2024,2,6,4,1,Ter,6,1,0,Inverno,Madrugada,Vazio,10.132,0.059156901314961964,-1.1229101311584873
2024-02-06 05:00:00+00:00,2024,2,6,5,1,Ter,6,1,0,Inverno,Madrugada,Vazio,16.35899574934494,0.11203990873257809,-0.8648007143752355
2024-02-06 05:00:00+00:00,2024,2,6,5,1,Ter,6,1,0,Inverno,Madrugada,Vazio,13.483886393462452,0.08762292893785355,-0.9839742017046536
2024-02-06 06:00:00+00:00,2024,2,6,6,1,Ter,6,1,0,Inverno,Manhã,Vazio,34.832,0.26892262716318144,-0.0990933740622615
2024-02-06 06:00:00+00:00,2024,2,6,6,1,Ter,6,1,0,Inverno,Manhã,Vazio,35.98944792632142,0.27875229940594776,-0.05111707517828804
2024-02-06 07:00:00+00:00,2024,2,6,7,1,Ter,6,1,0,Inverno,Manhã,Cheio,32.468115036113964,0.24884724071495282,-0.197076573976202
2024-02-06 07:00:00+00:00,2024,2,6,7,1,Ter,6,1,0,Inverno,Manhã,Cheio,59.418,0.47772020350748595,0.9199980749242892
2024-02-06 08:00:00+00:00,2024,2,6,8,1,Ter,6,1,0,Inverno,Manhã,Cheio,17.364,0.12057494703699935,-0.8231432166920942
2024-02-06 08:00:00+00:00,2024,2,6,8,1,Ter,6,1,0,Inverno,Manhã,Cheio,28.959407327648155,0.2190494018786948,-0.34251275809280096
2024-02-06 09:00:00+00:00,2024,2,6,9,1,Ter,6,1,0,Inverno,Manhã,Ponta,4.774,0.013653874630963595,-1.3449996123132069
2024-02-06 09:00:00+00:00,2024,2,6,9,1,Ter,6,1,0,Inverno,Manhã,Ponta,25.38754403549139,0.18871521175278896,-0.49056674564612024
2024-02-06 10:00:00+00:00,2024,2,6,10,1,Ter,6,1,0,Inverno,Manhã,Ponta,19.053615739085835,0.13492407545456678,-0.7531085241119485
2024-02-06 10:00:00+00:00,2024,2,6,10,1,Ter,6,1,0,Inverno,Manhã,Ponta,40.92823594706036,0.3206951517938342,0.153596039614369
2024-02-06 11:00:00+00:00,2024,2,6,11,1,Ter,6,1,0,Inverno,Manhã,Ponta,45.569844969297336,0.36011419979598736,0.34599106377854894
2024-02-06 11:00:00+00:00,2024,2,6,11,1,Ter,6,1,0,Inverno,Manhã,Ponta,39.18,0.30584818894407445,0.08113153524358416
2024-02-06 12:00:00+00:00,2024,2,6,12,1,Ter,6,1,0,Inverno,Tarde,Cheio,64.09446390746605,0.5174352579994947,1.1138378365607036
2024-02-06 12:00:00+00:00,2024,2,6,12,1,Ter,6,1,0,Inverno,Tarde,Cheio,52.831160835883495,0.4217812116732197,0.6469731230003956
2024-02-06 13:00:00+00:00,2024,2,6,13,1,Ter,6,1,0,Inverno,Tarde,Cheio,41.06568365801486,0.3218624319094029,0.15929325701111957
2024-02-06 13:00:00+00:00,2024,2,6,13,1,Ter,6,1,0,Inverno,Tarde,Cheio,12.5,0.07926723486996536,-1.0247563627048895
2024-02-06 14:00:00+00:00,2024,2,6,14,1,Ter,6,1,0,Inverno,Tarde,Cheio,24.14795940058952,0.17818799026734397,-0.5419476169437535
2024-02-06 14:00:00+00:00,2024,2,6,14,1,Ter,6,1,0,Inverno,Tarde,Cheio,64.53926232015652,0.5212127260923755,1.1322747624085703
2024-02-06 15:00:00+00:00,2024,2,6,15,1,Ter,6,1,0,Inverno,Tarde,Cheio,13.9100068845747,0.09124177404380335,-0.9663114770349048
2024-02-06 15:00:00+00:00,2024,2,6,15,1,Ter,6,1,0,Inverno,Tarde,Cheio,17.621232831495,0.12275950702123178,-0.8124808975277262
2024-02-06 16:00:00+00:00,2024,2,6,16,1,Ter,6,1,0,Inverno,Tarde,Cheio,37.348488818449766,0.29029400787536935,0.0052152664792021195
2024-02-06 16:00:00+00:00,2024,2,6,16,1,Ter,6,1,0,Inverno,Tarde,Cheio,21.09736215990314,0.1522806726777426,-0.6683950895820623
2024-02-06 17:00:00+00:00,2024,2,6,17,1,Ter,6,1,0,Inverno,Tarde,Cheio,25.274,0.18775093454547773,-0.4952731539944771
2024-02-06 17:00:00+00:00,2024,2,6,17,1,Ter,6,1,0,Inverno,Tarde,Cheio,20.258296348775,0.14515487312690378,-0.7031744271423669
2024-02-06 18:00:00+00:00,2024,2,6,18,1,Ter,6,1,0,Inverno,Noite,Ponta,58.3547241335226,0.4686902912034971,0.8759252146200152
2024-02-06 18:00:00+00:00,2024,2,6,18,1,Ter,6,1,0,Inverno,Noite,Ponta,35.552,0.2750372556089594,-0.06924932284326227
2024-02-06 19:00:00+00:00,2024,2,6,19,1,Ter,6,1,0,Inverno,Noite,Ponta,102.76510378078814,0.8458471949242926,2.71673861024251
2024-02-06 19:00:00+00:00,2024,2,6,19,1,Ter,6,1,0,Inverno,Noite,Ponta,54.62706879549728,0.43703303097301643,0.7214136356827876
2024-02-06 20:00:00+00:00,2024,2,6,20,1,Ter,6,1,0,Inverno,Noite,Ponta,36.34901630547508,0.28180594807174675,-0.036212940283573435
2024-02-06 20:00:00+00:00,2024,2,6,20,1,Ter,6,1,0,Inverno,Noite,Ponta,51.31268595230122,0.40888550373245347,0.5840322310554048
2024-02-06 21:00:00+00:00,2024,2,6,21,1,Ter,6,1,0,Inverno,Noite,Cheio,33.9976256162732,0.26183666974489744,-0.13367825162304442
2024-02-06 21:00:00+00:00,2024,2,6,21,1,Ter,6,1,0,Inverno,Noite,Cheio,45.015238428773486,0.35540418183917943,0.3230025832205132
2024-02-06 22:00:00+00:00,2024,2,6,22,1,Ter,6,1,0,Inverno,Noite,Vazio,30.890883452485557,0.2354525391776836,-0.2624529353179097
2024-02-06 22:00:00+00:00,2024,2,6,22,1,Ter,6,1,0,Inverno,Noite,Vazio,55.34767538312812,0.4431528108882145,0.7512828300022364
2024-02-06 23:00:00+00:00,2024,2,6,23,1,Ter,6,1,0,Inverno,Noite,Vazio,28.56689339369281,0.21571596178712868,-0.35878248857770967
2024-02-06 23:00:00+00:00,2024,2,6,23,1,Ter,6,1,0,Inverno,Noite,Vazio,33.972,0.2616190431862799,-0.13474043524051063
2024-02-07 00:00:00+00:00,2024,2,7,0,2,Qua,6,1,0,Inverno,Madrugada,Vazio,61.144,0.49237832669833725,0.9915408977076124
2024-02-07 00:00:00+00:00,2024,2,7,0,2,Qua,6,1,0,Inverno,Madrugada,Vazio,47.122,0.37329593771680963,0.41032800021760135
2024-02-07 01:00:00+00:00,2024,2,7,1,2,Qua,6,1,0,Inverno,Madrugada,Vazio,18.564,0.13076599444662945,-0.7734031313270955
2024-02-07 01:00:00+00:00,2024,2,7,1,2,Qua,6,1,0,Inverno,Madrugada,Vazio,24.508716365560783,0.18125173304515765,-0.5269942150823465
2024-02-07 02:00:00+00:00,2024,2,7,2,2,Qua,6,1,0,Inverno,Madrugada,Vazio,17.152,0.11877452866129803,-0.831930631773244
2024-02-07 02:00:00+00:00,2024,2,7,2,2,Qua,6,1,0,Inverno,Madrugada,Vazio,10.484,0.0621462752217868,-1.1083197061180874
2024-02-07 03:00:00+00:00,2024,2,7,3,2,Qua,6,1,0,Inverno,Madrugada,Vazio,7.243843036709843,0.03462911419884258,-1.2426244427431272
2024-02-07 03:00:00+00:00,2024,2,7,3,2,Qua,6,1,0,Inverno,Madrugada,Vazio,24.34511018274821,0.1798623010738647,-0.5337757029984622
2024-02-07 04:00:00+00:00,2024,2,7,4,2,Qua,6,1,0,Inverno,Madrugada,Vazio,9.776,0.056133557250105034,-1.1376663564834368
2024-02-07 04:00:00+00:00,2024,2,7,4,2,Qua,6,1,0,Inverno,Madrugada,Vazio,100.91180063262269,0.8301079447181502,2.639919062911701
2024-02-07 05:00:00+00:00,2024,2,7,5,2,Qua,6,1,0,Inverno,Madrugada,Vazio,36.79600000000001,0.2856019747569427,-0.017685434348213205
2024-02-07 05:00:00+00:00,2024,2,7,5,2,Qua,6,1,0,Inverno,Madrugada,Vazio,11.275929421406923,0.06887176712065253,-1.075494175264892
2024-02-07 06:00:00+00:00,2024,2,7,6,2,Qua,6,1,0,Inverno,Manhã,Vazio,21.762,0.15792513579329365,-0.6408458038293736
2024-02-07 06:00:00+00:00,2024,2,7,6,2,Qua,6,1,0,Inverno,Manhã,Vazio,27.37066632152581,0.20555695611618127,-0.4083661858156339
2024-02-07 07:00:00+00:00,2024,2,7,7,2,Qua,6,1,0,Inverno,Manhã,Cheio,37.94837702238549,0.29538858214769176,0.030080675206884518
2024-02-07 07:00:00+00:00,2024,2,7,7,2,Qua,6,1,0,Inverno,Manhã,Cheio,21.516,0.15583597107431946,-0.6510425213291985
2024-02-07 08:00:00+00:00,2024,2,7,8,2,Qua,6,1,0,Inverno,Manhã,Cheio,31.472,0.24038769441621716,-0.23836561308425816
2024-02-07 08:00:00+00:00,2024,2,7,8,2,Qua,6,1,0,Inverno,Manhã,Cheio,15.194017713318951,0.10214628673564592,-0.9130891368421367
2024-02-07 09:00:00+00:00,2024,2,7,9,2,Qua,6,1,0,Inverno,Manhã,Ponta,95.36210732412408,0.7829769550383034,2.4098838804831315
2024-02-07 09:00:00+00:00,2024,2,7,9,2,Qua,6,1,0,Inverno,Manhã,Ponta,15.53,0.10499962957928133,-0.8991626471582674
2024-02-07 10:00:00+00:00,2024,2,7,10,2,Qua,6,1,0,Inverno,Manhã,Ponta,9.002,0.04956033167089363,-1.169748711543861
2024-02-07 10:00:00+00:00,2024,2,7,10,2,Qua,6,1,0,Inverno,Manhã,Ponta,24.084,0.17764481253092787,-0.5445987386481009
2024-02-07 11:00:00+00:00,2024,2,7,11,2,Qua,6,1,0,Inverno,Manhã,Ponta,74.494,0.6057537291304721,1.5448993473932244
2024-02-07 11:00:00+00:00,2024,2,7,11,2,Qua,6,1,0,Inverno,Manhã,Ponta,12.190742614919934,0.07664085430902437,-1.0375751033162552
2024-02-07 12:00:00+00:00,2024,2,7,12,2,Qua,6,1,0,Inverno,Tarde,Cheio,23.808,0.17530087162671296,-0.5560389582820506
2024-02-07 12:00:00+00:00,2024,2,7,12,2,Qua,6,1,0,Inverno,Tarde,Cheio,57.884,0.4646926479021755,0.8564136657993657
2024-02-07 13:00:00+00:00,2024,2,7,13,2,Qua,6,1,0,Inverno,Tarde,Cheio,27.11913884244745,0.20342084906275437,-0.4187920177164676
2024-02-07 13:00:00+00:00,2024,2,7,13,2,Qua,6,1,0,Inverno,Tarde,Cheio,58.78436111586789,0.4723390002501731,0.8937336981015277
2024-02-07 14:00:00+00:00,2024,2,7,14,2,Qua,6,1,0,Inverno,Tarde,Cheio,12.964,0.08320777320168898,-1.00552352969709
2024-02-07 14:00:00+00:00,2024,2,7,14,2,Qua,6,1,0,Inverno,Tarde,Cheio,24.366,0.18003970867219093,-0.5329098185873262
2024-02-07 15:00:00+00:00,2024,2,7,15,2,Qua,6,1,0,Inverno,Tarde,Cheio,38.433476003202486,0.29950830440758275,0.050188062470477135
2024-02-07 15:00:00+00:00,2024,2,7,15,2,Qua,6,1,0,Inverno,Tarde,Cheio,9.436725975233,0.053252259190724606,-1.1517292889451345
2024-02-07 16:00:00+00:00,2024,2,7,16,2,Qua,6,1,0,Inverno,Tarde,Cheio,65.99696310137793,0.5335923075677772,1.1926965634873854
2024-02-07 16:00:00+00:00,2024,2,7,16,2,Qua,6,1,0,Inverno,Tarde,Cheio,40.3875797579407,0.3161036077474772,0.13118580211442998
2024-02-07 17:00:00+00:00,2024,2,7,17,2,Qua,6,1,0,Inverno,Tarde,Cheio,74.64200000000001,0.6070106249776599,1.5510339579215746
2024-02-07 17:00:00+00:00,2024,2,7,17,2,Qua,6,1,0,Inverno,Tarde,Cheio,85.7295448651847,0.7011720377922416,2.010613481323692
2024-02-07 18:00:00+00:00,2024,2,7,18,2,Qua,6,1,0,Inverno,Noite,Ponta,35.834,0.27743215175022257,-0.05756040278248739
2024-02-07 18:00:00+00:00,2024,2,7,18,2,Qua,6,1,0,Inverno,Noite,Ponta,32.065999999999995,0.245432262883984,-0.213744270828584
2024-02-07 19:00:00+00:00,2024,2,7,19,2,Qua,6,1,0,Inverno,Noite,Ponta,28.198,0.21258312006694305,-0.37407314598843
2024-02-07 19:00:00+00:00,2024,2,7,19,2,Qua,6,1,0,Inverno,Noite,Ponta,49.032440056964575,0.38952042537829495,0.4895158764827106
2024-02-07 20:00:00+00:00,2024,2,7,20,2,Qua,6,1,0,Inverno,Noite,Ponta,28.663338529294748,0.216535025911585,-0.35478483084614354
2024-02-07 20:00:00+00:00,2024,2,7,20,2,Qua,6,1,0,Inverno,Noite,Ponta,104.106,0.8572348090421107,2.772318853916845
2024-02-07 21:00:00+00:00,2024,2,7,21,2,Qua,6,1,0,Inverno,Noite,Cheio,66.54696655408355,0.53826323361943,1.2154942457279037
2024-02-07 21:00:00+00:00,2024,2,7,21,2,Qua,6,1,0,Inverno,Noite,Cheio,43.78856699384972,0.34498662621472354,0.27215696498058506
2024-02-07 22:00:00+00:00,2024,2,7,22,2,Qua,6,1,0,Inverno,Noite,Vazio,16.643702063976576,0.1144577883577715,-0.8529996173804589
2024-02-07 22:00:00+00:00,2024,2,7,22,2,Qua,6,1,0,Inverno,Noite,Vazio,61.654,0.49670952184743006,1.012680433987737
2024-02-07 23:00:00+00:00,2024,2,7,23,2,Qua,6,1,0,Inverno,Noite,Vazio,31.422,0.2399630674408159,-0.24043811664113315
2024-02-07 23:00:00+00:00,2024,2,7,23,2,Qua,6,1,0,Inverno,Noite,Vazio,28.584,0.21586124031704074,-0.35807341852935537
2024-02-08 00:00:00+00:00,2024,2,8,0,3,Qui,6,1,0,Inverno,Madrugada,Vazio,22.59196651936726,0.16497365924935817,-0.6064436325598582
2024-02-08 00:00:00+00:00,2024,2,8,0,3,Qui,6,1,0,Inverno,Madrugada,Vazio,34.75488499658579,0.2682677249500247,-0.10228979643954915
2024-02-08 01:00:00+00:00,2024,2,8,1,3,Qui,6,1,0,Inverno,Madrugada,Vazio,44.48536329439552,0.35090419632615444,0.3010392212065546
2024-02-08 01:00:00+00:00,2024,2,8,1,3,Qui,6,1,0,Inverno,Madrugada,Vazio,14.834,0.0990888220816959,-0.9280118966699669
2024-02-08 02:00:00+00:00,2024,2,8,2,3,Qui,6,1,0,Inverno,Madrugada,Vazio,23.78040322598236,0.17506650493307413,-0.5571828465282472
2024-02-08 02:00:00+00:00,2024,2,8,2,3,Qui,6,1,0,Inverno,Madrugada,Vazio,6.812716045938297,0.03096775119673925,-1.2604946871799039
2024-02-08 03:00:00+00:00,2024,2,8,3,3,Qui,6,1,0,Inverno,Madrugada,Vazio,24.910000000000004,0.18465965016455663,-0.5103609798885266
2024-02-08 03:00:00+00:00,2024,2,8,3,3,Qui,6,1,0,Inverno,Madrugada,Vazio,42.06896555819612,0.3303828430843787,0.20087936314459787
2024-02-08 04:00:00+00:00,2024,2,8,4,3,Qui,6,1,0,Inverno,Madrugada,Vazio,29.39,0.22270622716050895,-0.3246646611925311
2024-02-08 04:00:00+00:00,2024,2,8,4,3,Qui,6,1,0,Inverno,Madrugada,Vazio,36.49145364776368,0.28301560282855076,-0.03030890231307488
2024-02-08 05:00:00+00:00,2024,2,8,5,3,Qui,6,1,0,Inverno,Madrugada,Vazio,19.840410633572294,0.14160596218070545,-0.7204958197648638
2024-02-08 05:00:00+00:00,2024,2,8,5,3,Qui,6,1,0,Inverno,Madrugada,Vazio,33.56454769775843,0.25815873841185755,-0.1516293621535616
2024-02-08 06:00:00+00:00,2024,2,8,6,3,Qui,6,1,0,Inverno,Manhã,Vazio,11.945762079713344,0.07456034743508527,-1.047729563927871
2024-02-08 06:00:00+00:00,2024,2,8,6,3,Qui,6,1,0,Inverno,Manhã,Vazio,21.334000000000003,0.15429032888385893,-0.6585864342762231
2024-02-08 07:00:00+00:00,2024,2,8,7,3,Qui,6,1,0,Inverno,Manhã,Cheio,21.548,0.15610773233857625,-0.6497161190527985
2024-02-08 07:00:00+00:00,2024,2,8,7,3,Qui,6,1,0,Inverno,Manhã,Cheio,33.548047280571154,0.2580186079669957,-0.1523133056197725
2024-02-08 08:00:00+00:00,2024,2,8,8,3,Qui,6,1,0,Inverno,Manhã,Cheio,28.6,0.21599712094916915,-0.3574102173911553
2024-02-08 08:00:00+00:00,2024,2,8,8,3,Qui,6,1,0,Inverno,Manhã,Cheio,13.878556368691653,0.0909746792951188,-0.9676151031555681
2024-02-08 09:00:00+00:00,2024,2,8,9,3,Qui,6,1,0,Inverno,Manhã,Ponta,48.776,0.38734259806308313,0.47888641787902486
2024-02-08 09:00:00+00:00,2024,2,8,9,3,Qui,6,1,0,Inverno,Manhã,Ponta,27.188500892794337,0.20400990901568292,-0.41591695579534643
2024-02-08 10:00:00+00:00,2024,2,8,10,3,Qui,6,1,0,Inverno,Manhã,Ponta,105.77197090310996,0.8713831327559923,2.841373466363756
2024-02-08 10:00:00+00:00,2024,2,8,10,3,Qui,6,1,0,Inverno,Manhã,Ponta,41.9158430931096,0.32908244450006524,0.19453242607401247
2024-02-08 11:00:00+00:00,2024,2,8,11,3,Qui,6,1,0,Inverno,Manhã,Ponta,17.336,0.12033715593077463,-0.8243038186839443
2024-02-08 11:00:00+00:00,2024,2,8,11,3,Qui,6,1,0,Inverno,Manhã,Ponta,14.756477635666712,0.09843046033983993,-0.9312252041863287
2024-02-08 12:00:00+00:00,2024,2,8,12,3,Qui,6,1,0,Inverno,Tarde,Cheio,26.902260379469425,0.2015790001474737,-0.42778164543509833
2024-02-08 12:00:00+00:00,2024,2,8,12,3,Qui,6,1,0,Inverno,Tarde,Cheio,56.128997923805,0.44978822343342345,0.7836687048946246
2024-02-08 13:00:00+00:00,2024,2,8,13,3,Qui,6,1,0,Inverno,Tarde,Cheio,119.3397377891758,0.9866079290715809,3.4037583689681887
2024-02-08 13:00:00+00:00,2024,2,8,13,3,Qui,6,1,0,Inverno,Tarde,Cheio,80.40703883891567,0.6559704450824502,1.7899952279050733
2024-02-08 14:00:00+00:00,2024,2,8,14,3,Qui,6,1,0,Inverno,Tarde,Cheio,22.728822991330205,0.16613591824443238,-0.6007709220613671
2024-02-08 14:00:00+00:00,2024,2,8,14,3,Qui,6,1,0,Inverno,Tarde,Cheio,22.948,0.1679972876498114,-0.5916860194602998
2024-02-08 15:00:00+00:00,2024,2,8,15,3,Qui,6,1,0,Inverno,Tarde,Cheio,24.468244547944195,0.1809080245350872,-0.5286717748016179
2024-02-08 15:00:00+00:00,2024,2,8,15,3,Qui,6,1,0,Inverno,Tarde,Cheio,43.246,0.3403788545837044,0.24966752448865526
2024-02-08 16:00:00+00:00,2024,2,8,16,3,Qui,6,1,0,Inverno,Tarde,Cheio,40.696,0.3187228788382404,0.1439698430880326
2024-02-08 16:00:00+00:00,2024,2,8,16,3,Qui,6,1,0,Inverno,Tarde,Cheio,42.572,0.3346548829552955,0.22173017654198093
2024-02-08 17:00:00+00:00,2024,2,8,17,3,Qui,6,1,0,Inverno,Tarde,Cheio,25.316433617940177,0.1881113037223031,-0.4935142775122353
2024-02-08 17:00:00+00:00,2024,2,8,17,3,Qui,6,1,0,Inverno,Tarde,Cheio,64.486,0.5207603937341571,1.1300670354491344
2024-02-08 18:00:00+00:00,2024,2,8,18,3,Qui,6,1,0,Inverno,Noite,Ponta,49.807440555999904,0.3961021477350916,0.5216397022993222
2024-02-08 18:00:00+00:00,2024,2,8,18,3,Qui,6,1,0,Inverno,Noite,Ponta,68.24487578755,0.5526827948656844,1.2858727042401044
2024-02-08 19:00:00+00:00,2024,2,8,19,3,Qui,6,1,0,Inverno,Noite,Ponta,86.52731140289848,0.7079471016319561,2.0436809610630444
2024-02-08 19:00:00+00:00,2024,2,8,19,3,Qui,6,1,0,Inverno,Noite,Ponta,14.097167746545304,0.09283124505844473,-0.9585536459920677
2024-02-08 20:00:00+00:00,2024,2,8,20,3,Qui,6,1,0,Inverno,Noite,Ponta,33.202,0.25507978776510054,-0.166656990016385
2024-02-08 20:00:00+00:00,2024,2,8,20,3,Qui,6,1,0,Inverno,Noite,Ponta,34.81331396064488,0.2687639352357095,-0.09986791172280951
2024-02-08 21:00:00+00:00,2024,2,8,21,3,Qui,6,1,0,Inverno,Noite,Cheio,43.834,0.34537246781442316,0.2740401663175047
2024-02-08 21:00:00+00:00,2024,2,8,21,3,Qui,6,1,0,Inverno,Noite,Cheio,42.03317471740486,0.3300788879549335,0.19939583024772933
2024-02-08 22:00:00+00:00,2024,2,8,22,3,Qui,6,1,0,Inverno,Noite,Vazio,13.002227161806276,0.08353241888360845,-1.0039390111208353
2024-02-08 22:00:00+00:00,2024,2,8,22,3,Qui,6,1,0,Inverno,Noite,Vazio,32.52,0.24928787582062747,-0.19492593853215912
2024-02-08 23:00:00+00:00,2024,2,8,23,3,Qui,6,1,0,Inverno,Noite,Vazio,56.338,0.4515631818227687,0.7923318558207922
2024-02-08 23:00:00+00:00,2024,2,8,23,3,Qui,6,1,0,Inverno,Noite,Vazio,40.55729068550844,0.3175448845047898,0.13822033213492385
2024-02-09 00:00:00+00:00,2024,2,9,0,4,Sex,6,1,0,Inverno,Madrugada,Vazio,36.09,0.27960624186427696,-0.04694918457128763
2024-02-09 00:00:00+00:00,2024,2,9,0,4,Sex,6,1,0,Inverno,Madrugada,Vazio,18.444,0.12974688970566642,-0.7783771398635954
2024-02-09 01:00:00+00:00,2024,2,9,1,4,Sex,6,1,0,Inverno,Madrugada,Vazio,22.67132511284993,0.16564761523981106,-0.6031542132146297
2024-02-09 01:00:00+00:00,2024,2,9,1,4,Sex,6,1,0,Inverno,Madrugada,Vazio,17.59756471511339,0.12255850460778042,-0.8134619426354346
2024-02-09 02:00:00+00:00,2024,2,9,2,4,Sex,6,1,0,Inverno,Madrugada,Vazio,23.78040322598236,0.17506650493307413,-0.5571828465282472
2024-02-09 02:00:00+00:00,2024,2,9,2,4,Sex,6,1,0,Inverno,Madrugada,Vazio,33.71446689971275,0.25943193315746615,-0.145415200567678
2024-02-09 03:00:00+00:00,2024,2,9,3,4,Sex,6,1,0,Inverno,Madrugada,Vazio,8.04,0.04139050866417349,-1.2096236799781352
2024-02-09 03:00:00+00:00,2024,2,9,3,4,Sex,6,1,0,Inverno,Madrugada,Vazio,9.069593148511878,0.050134369155102554,-1.1669469707296363
2024-02-09 04:00:00+00:00,2024,2,9,4,4,Sex,6,1,0,Inverno,Madrugada,Vazio,9.276,0.0518872874960925,-1.1583913920521862
2024-02-09 04:00:00+00:00,2024,2,9,4,4,Sex,6,1,0,Inverno,Madrugada,Vazio,15.372342425011317,0.10366071639495052,-0.9056975648569139
2024-02-09 05:00:00+00:00,2024,2,9,5,4,Sex,6,1,0,Inverno,Madrugada,Vazio,114.14768241842845,0.9425141937076551,3.1885473045008776
2024-02-09 05:00:00+00:00,2024,2,9,5,4,Sex,6,1,0,Inverno,Madrugada,Vazio,31.091198032549134,0.237153718662907,-0.25414988172439623
2024-02-09 06:00:00+00:00,2024,2,9,6,4,Sex,6,1,0,Inverno,Manhã,Vazio,11.97,0.07476618893071206,-1.0467249004077641
2024-02-09 06:00:00+00:00,2024,2,9,6,4,Sex,6,1,0,Inverno,Manhã,Vazio,17.676,0.12322461936350315,-0.8102107944971947
2024-02-09 07:00:00+00:00,2024,2,9,7,4,Sex,6,1,0,Inverno,Manhã,Cheio,30.235482846389807,0.22988652363683187,-0.2896193370641385
2024-02-09 07:00:00+00:00,2024,2,9,7,4,Sex,6,1,0,Inverno,Manhã,Cheio,9.338,0.05241382494559005,-1.1558214876416613
2024-02-09 08:00:00+00:00,2024,2,9,8,4,Sex,6,1,0,Inverno,Manhã,Cheio,70.91333706268603,0.5753448076704121,1.396480613922154
2024-02-09 08:00:00+00:00,2024,2,9,8,4,Sex,6,1,0,Inverno,Manhã,Cheio,19.03627376581049,0.1347767980613788,-0.7538273501378762
2024-02-09 09:00:00+00:00,2024,2,9,9,4,Sex,6,1,0,Inverno,Manhã,Ponta,82.0117567981966,0.6695985757508809,1.8565109014728902
2024-02-09 09:00:00+00:00,2024,2,9,9,4,Sex,6,1,0,Inverno,Manhã,Ponta,40.82612913101899,0.31982800562456415,0.14936370482583064
2024-02-09 10:00:00+00:00,2024,2,9,10,4,Sex,6,1,0,Inverno,Manhã,Ponta,21.72061987421821,0.15757371344024476,-0.6425610129867074
2024-02-09 10:00:00+00:00,2024,2,9,10,4,Sex,6,1,0,Inverno,Manhã,Ponta,41.9158430931096,0.32908244450006524,0.19453242607401247
2024-02-09 11:00:00+00:00,2024,2,9,11,4,Sex,6,1,0,Inverno,Manhã,Ponta,36.7933136688856,0.28557916098382197,-0.01779678296400413
2024-02-09 11:00:00+00:00,2024,2,9,11,4,Sex,6,1,0,Inverno,Manhã,Ponta,36.7933136688856,0.28557916098382197,-0.01779678296400413
2024-02-09 12:00:00+00:00,2024,2,9,12,4,Sex,6,1,0,Inverno,Tarde,Cheio,45.722,0.3614063824055745,0.3522979006251028
2024-02-09 12:00:00+00:00,2024,2,9,12,4,Sex,6,1,0,Inverno,Tarde,Cheio,71.48015951190834,0.5801585697144681,1.4199754447647503
2024-02-09 13:00:00+00:00,2024,2,9,13,4,Sex,6,1,0,Inverno,Tarde,Cheio,41.06568365801486,0.3218624319094029,0.15929325701111957
2024-02-09 13:00:00+00:00,2024,2,9,13,4,Sex,6,1,0,Inverno,Tarde,Cheio,29.382,0.22263828684444475,-0.3249962617616311
2024-02-09 14:00:00+00:00,2024,2,9,14,4,Sex,6,1,0,Inverno,Tarde,Cheio,12.741180834363597,0.08131547263437666,-1.014759399963517
2024-02-09 14:00:00+00:00,2024,2,9,14,4,Sex,6,1,0,Inverno,Tarde,Cheio,24.272,0.17924140995843657,-0.5368061252742512
2024-02-09 15:00:00+00:00,2024,2,9,15,4,Sex,6,1,0,Inverno,Tarde,Cheio,38.433476003202486,0.29950830440758275,0.050188062470477135
2024-02-09 15:00:00+00:00,2024,2,9,15,4,Sex,6,1,0,Inverno,Tarde,Cheio,27.098,0.20324132660811545,-0.4196682242396789
2024-02-09 16:00:00+00:00,2024,2,9,16,4,Sex,6,1,0,Inverno,Tarde,Cheio,28.75973133185362,0.21735364559560544,-0.3507893423229354
2024-02-09 16:00:00+00:00,2024,2,9,16,4,Sex,6,1,0,Inverno,Tarde,Cheio,16.088,0.10973846662475935,-0.876033507463543
2024-02-09 17:00:00+00:00,2024,2,9,17,4,Sex,6,1,0,Inverno,Tarde,Cheio,25.286,0.18785284501957403,-0.49477575314082706
2024-02-09 17:00:00+00:00,2024,2,9,17,4,Sex,6,1,0,Inverno,Tarde,Cheio,82.02676951414037,0.6697260718341561,1.8571331796167265
2024-02-09 18:00:00+00:00,2024,2,9,18,4,Sex,6,1,0,Inverno,Noite,Ponta,49.807440555999904,0.3961021477350916,0.5216397022993222
2024-02-09 18:00:00+00:00,2024,2,9,18,4,Sex,6,1,0,Inverno,Noite,Ponta,120.7410705954276,0.998508803292566,3.4618437134746376
2024-02-09 19:00:00+00:00,2024,2,9,19,4,Sex,6,1,0,Inverno,Noite,Ponta,51.235172132536555,0.40822721455568406,0.58081927771202
2024-02-09 19:00:00+00:00,2024,2,9,19,4,Sex,6,1,0,Inverno,Noite,Ponta,99.696,0.8197827098117202,2.5895240402004744
2024-02-09 20:00:00+00:00,2024,2,9,20,4,Sex,6,1,0,Inverno,Noite,Ponta,51.31268595230122,0.40888550373245347,0.5840322310554048
2024-02-09 20:00:00+00:00,2024,2,9,20,4,Sex,6,1,0,Inverno,Noite,Ponta,40.88,0.3202855061077171,0.15159665617733262
2024-02-09 21:00:00+00:00,2024,2,9,21,4,Sex,6,1,0,Inverno,Noite,Cheio,29.87127509646213,0.22679347493144217,-0.3047157742074691
2024-02-09 21:00:00+00:00,2024,2,9,21,4,Sex,6,1,0,Inverno,Noite,Cheio,87.84831079438668,0.7191657411542468,2.098436479812823
2024-02-09 22:00:00+00:00,2024,2,9,22,4,Sex,6,1,0,Inverno,Noite,Vazio,41.202164547293,0.3230215012536879,0.1649503995806076
2024-02-09 22:00:00+00:00,2024,2,9,22,4,Sex,6,1,0,Inverno,Noite,Vazio,72.2604251301508,0.5867850063041458,1.4523175101470447
2024-02-09 23:00:00+00:00,2024,2,9,23,4,Sex,6,1,0,Inverno,Noite,Vazio,25.703375781820228,0.19139742533637516,-0.4774754972933094
2024-02-09 23:00:00+00:00,2024,2,9,23,4,Sex,6,1,0,Inverno,Noite,Vazio,24.594,0.18197600768002067,-0.5234592023679764
2024-02-10 00:00:00+00:00,2024,2,10,0,5,Sã¡,6,1,1,Inverno,Madrugada,Vazio,24.341695005483764,0.17983329754601948,-0.5339172623390207
2024-02-10 00:00:00+00:00,2024,2,10,0,5,Sã¡,6,1,1,Inverno,Madrugada,Vazio,32.908,0.2525829811497412,-0.17884331093080957
2024-02-10 01:00:00+00:00,2024,2,10,1,5,Sã¡,6,1,1,Inverno,Madrugada,Vazio,55.91688675698809,0.44798686096913753,0.7748766819410058
2024-02-10 01:00:00+00:00,2024,2,10,1,5,Sã¡,6,1,1,Inverno,Madrugada,Vazio,20.636779755745,0.1483691584137284,-0.6874862629990974
2024-02-10 02:00:00+00:00,2024,2,10,2,5,Sã¡,6,1,1,Inverno,Madrugada,Vazio,21.314,0.15412047809369842,-0.6594154356989732
2024-02-10 02:00:00+00:00,2024,2,10,2,5,Sã¡,6,1,1,Inverno,Madrugada,Vazio,20.024,0.14316510212834607,-0.7128860274663469
2024-02-10 03:00:00+00:00,2024,2,10,3,5,Sã¡,6,1,1,Inverno,Madrugada,Vazio,21.307626312272568,0.15406634929886137,-0.6596796255086834
2024-02-10 03:00:00+00:00,2024,2,10,3,5,Sã¡,6,1,1,Inverno,Madrugada,Vazio,43.11719390106747,0.33928496369964534,0.2443285025249582
2024-02-10 04:00:00+00:00,2024,2,10,4,5,Sã¡,6,1,1,Inverno,Madrugada,Vazio,15.978,0.10880428727887657,-0.8805930152886678
2024-02-10 04:00:00+00:00,2024,2,10,4,5,Sã¡,6,1,1,Inverno,Madrugada,Vazio,22.191092708260552,0.16156922257080186,-0.6230598805473917
2024-02-10 05:00:00+00:00,2024,2,10,5,5,Sã¡,6,1,1,Inverno,Madrugada,Vazio,11.024181920372396,0.06673379152207022,-1.0859291270914608
2024-02-10 05:00:00+00:00,2024,2,10,5,5,Sã¡,6,1,1,Inverno,Madrugada,Vazio,10.034645872680423,0.058330117542431156,-1.126945466661413
2024-02-10 06:00:00+00:00,2024,2,10,6,5,Sã¡,6,1,1,Inverno,Manhã,Vazio,15.1169940580316,0.10149216030006558,-0.9162817728330674
2024-02-10 06:00:00+00:00,2024,2,10,6,5,Sã¡,6,1,1,Inverno,Manhã,Vazio,10.97349269794458,0.06630331129797093,-1.0880301989669985
2024-02-10 07:00:00+00:00,2024,2,10,7,5,Sã¡,6,1,1,Inverno,Manhã,Vazio,23.922,0.1762690211306278,-0.5513136501723758
2024-02-10 07:00:00+00:00,2024,2,10,7,5,Sã¡,6,1,1,Inverno,Manhã,Vazio,16.506,0.11328834813911383,-0.8587073777280685
2024-02-10 08:00:00+00:00,2024,2,10,8,5,Sã¡,6,1,1,Inverno,Manhã,Vazio,24.306,0.17953015630170946,-0.5353968228555761
2024-02-10 08:00:00+00:00,2024,2,10,8,5,Sã¡,6,1,1,Inverno,Manhã,Vazio,24.582188819127538,0.18187570075982484,-0.5239487766553579
2024-02-10 09:00:00+00:00,2024,2,10,9,5,Sã¡,6,1,1,Inverno,Manhã,Vazio,15.997542187150575,0.10897025007532607,-0.8797829902410943
2024-02-10 09:00:00+00:00,2024,2,10,9,5,Sã¡,6,1,1,Inverno,Manhã,Vazio,81.89518389951174,0.6686085758032346,1.851678946529698
2024-02-10 10:00:00+00:00,2024,2,10,10,5,Sã¡,6,1,1,Inverno,Manhã,Vazio,37.72207441399756,0.2934666983051881,0.020700415990603134
2024-02-10 10:00:00+00:00,2024,2,10,10,5,Sã¡,6,1,1,Inverno,Manhã,Vazio,31.961328068681457,0.24454333237188003,-0.21808292982783684
2024-02-10 11:00:00+00:00,2024,2,10,11,5,Sã¡,6,1,1,Inverno,Manhã,Vazio,37.328,0.290120005775212,0.004366003496936125
2024-02-10 11:00:00+00:00,2024,2,10,11,5,Sã¡,6,1,1,Inverno,Manhã,Vazio,23.50198800720397,0.17270205268796318,-0.568723177152374
2024-02-10 12:00:00+00:00,2024,2,10,12,5,Sã¡,6,1,1,Inverno,Tarde,Vazio,34.43405982227681,0.26554310448203666,-0.11558802273735684
2024-02-10 12:00:00+00:00,2024,2,10,12,5,Sã¡,6,1,1,Inverno,Tarde,Vazio,27.020000000000003,0.20257890852648952,-0.4229013297884037
2024-02-10 13:00:00+00:00,2024,2,10,13,5,Sã¡,6,1,1,Inverno,Tarde,Vazio,17.536,0.12203566383237967,-0.8160138044564444
2024-02-10 13:00:00+00:00,2024,2,10,13,5,Sã¡,6,1,1,Inverno,Tarde,Vazio,26.724,0.2000651168321141,-0.43517055084510353
2024-02-10 14:00:00+00:00,2024,2,10,14,5,Sã¡,6,1,1,Inverno,Tarde,Vazio,13.6986697094814,0.0894469847348091,-0.9750714179765202
2024-02-10 14:00:00+00:00,2024,2,10,14,5,Sã¡,6,1,1,Inverno,Tarde,Vazio,19.23562208791621,0.13646977156272014,-0.745564348005453
2024-02-10 15:00:00+00:00,2024,2,10,15,5,Sã¡,6,1,1,Inverno,Tarde,Vazio,14.93384301911586,0.09993674286613782,-0.9238733964250316
2024-02-10 15:00:00+00:00,2024,2,10,15,5,Sã¡,6,1,1,Inverno,Tarde,Vazio,41.5589145128156,0.3260512144303751,0.1797377110298195
2024-02-10 16:00:00+00:00,2024,2,10,16,5,Sã¡,6,1,1,Inverno,Tarde,Vazio,12.684,0.08082986213944196,-1.0171295496155899
2024-02-10 16:00:00+00:00,2024,2,10,16,5,Sã¡,6,1,1,Inverno,Tarde,Vazio,94.4347695981451,0.7751015027631447,2.371445665772816
2024-02-10 17:00:00+00:00,2024,2,10,17,5,Sã¡,6,1,1,Inverno,Tarde,Vazio,36.464,0.2827824516402783,-0.031446857965863204
2024-02-10 17:00:00+00:00,2024,2,10,17,5,Sã¡,6,1,1,Inverno,Tarde,Vazio,38.54943562374536,0.3004930960663787,0.05499459699105666
2024-02-10 18:00:00+00:00,2024,2,10,18,5,Sã¡,6,1,1,Inverno,Noite,Vazio,40.982,0.32115174513753564,0.15582456343335738
2024-02-10 18:00:00+00:00,2024,2,10,18,5,Sã¡,6,1,1,Inverno,Noite,Vazio,32.592,0.24989933866520522,-0.19194153341025938
2024-02-10 19:00:00+00:00,2024,2,10,19,5,Sã¡,6,1,1,Inverno,Noite,Vazio,76.78460275171122,0.6252067634965706,1.6398449943994053
2024-02-10 19:00:00+00:00,2024,2,10,19,5,Sã¡,6,1,1,Inverno,Noite,Vazio,71.8719314841717,0.5834857086670516,1.4362144208847447
2024-02-10 20:00:00+00:00,2024,2,10,20,5,Sã¡,6,1,1,Inverno,Noite,Vazio,38.296673203125984,0.2983465012231246,0.044517576675497064
2024-02-10 20:00:00+00:00,2024,2,10,20,5,Sã¡,6,1,1,Inverno,Noite,Vazio,51.05937190460244,0.40673422417443383,0.5735323457581626
2024-02-10 21:00:00+00:00,2024,2,10,21,5,Sã¡,6,1,1,Inverno,Noite,Vazio,47.932,0.38017489471830995,0.44390255783897564
2024-02-10 21:00:00+00:00,2024,2,10,21,5,Sã¡,6,1,1,Inverno,Noite,Vazio,63.33810830702073,0.5110118781805969,1.0824868431169994
2024-02-10 22:00:00+00:00,2024,2,10,22,5,Sã¡,6,1,1,Inverno,Noite,Vazio,55.122,0.4412362537810102,0.7419285693175934
2024-02-10 22:00:00+00:00,2024,2,10,22,5,Sã¡,6,1,1,Inverno,Noite,Vazio,26.688,0.19975938540982516,-0.43666275340605354
2024-02-10 23:00:00+00:00,2024,2,10,23,5,Sã¡,6,1,1,Inverno,Noite,Vazio,44.95916301919248,0.35492795920788406,0.32067825350431606
2024-02-10 23:00:00+00:00,2024,2,10,23,5,Sã¡,6,1,1,Inverno,Noite,Vazio,92.4008668584604,0.757828503390892,2.2871402525261315
2024-02-11 00:00:00+00:00,2024,2,11,0,6,Dom,6,1,1,Inverno,Madrugada,Vazio,29.95455291496065,0.227500715095183,-0.30126390270652975
2024-02-11 00:00:00+00:00,2024,2,11,0,6,Dom,6,1,1,Inverno,Madrugada,Vazio,26.002,0.19393350330731995,-0.46509750220637786
2024-02-11 01:00:00+00:00,2024,2,11,1,6,Dom,6,1,1,Inverno,Madrugada,Vazio,15.068,0.10107607632657374,-0.9183125800237921
2024-02-11 01:00:00+00:00,2024,2,11,1,6,Dom,6,1,1,Inverno,Madrugada,Vazio,13.542569990694938,0.08812130170582344,-0.9815417624247628
2024-02-11 02:00:00+00:00,2024,2,11,2,6,Dom,6,1,1,Inverno,Madrugada,Vazio,13.268425220238043,0.08579311641179982,-0.9929050826621743
2024-02-11 02:00:00+00:00,2024,2,11,2,6,Dom,6,1,1,Inverno,Madrugada,Vazio,19.156,0.13579357783538026,-0.7488646892136961
2024-02-11 03:00:00+00:00,2024,2,11,3,6,Dom,6,1,1,Inverno,Madrugada,Vazio,116.63489212498268,0.9636369204053105,3.2916423237714287
2024-02-11 03:00:00+00:00,2024,2,11,3,6,Dom,6,1,1,Inverno,Madrugada,Vazio,23.832,0.17550469257490556,-0.5550441565747507
2024-02-11 04:00:00+00:00,2024,2,11,4,6,Dom,6,1,1,Inverno,Madrugada,Vazio,22.23,0.16189964428304937,-0.621447170537024
2024-02-11 04:00:00+00:00,2024,2,11,4,6,Dom,6,1,1,Inverno,Madrugada,Vazio,37.22715399515548,0.2892635670948434,0.00018592942219819702
2024-02-11 05:00:00+00:00,2024,2,11,5,6,Dom,6,1,1,Inverno,Madrugada,Vazio,5.128,0.016660233616804476,-1.3303262871305321
2024-02-11 05:00:00+00:00,2024,2,11,5,6,Dom,6,1,1,Inverno,Madrugada,Vazio,8.078171794928908,0.04171468414069948,-1.2080414563628858
2024-02-11 06:00:00+00:00,2024,2,11,6,6,Dom,6,1,1,Inverno,Manhã,Vazio,33.60550393332849,0.2585065608605363,-0.14993172327565826
2024-02-11 06:00:00+00:00,2024,2,11,6,6,Dom,6,1,1,Inverno,Manhã,Vazio,9.138,0.05071531704398504,-1.1641115018691612
2024-02-11 07:00:00+00:00,2024,2,11,7,6,Dom,6,1,1,Inverno,Manhã,Vazio,16.90245519797952,0.1166552595711168,-0.8422742815689861
2024-02-11 07:00:00+00:00,2024,2,11,7,6,Dom,6,1,1,Inverno,Manhã,Vazio,83.672,0.6836982567351263,1.9253281002931901
2024-02-11 08:00:00+00:00,2024,2,11,8,6,Dom,6,1,1,Inverno,Manhã,Vazio,26.843323332710845,0.20107847494939016,-0.43022459021587556
2024-02-11 08:00:00+00:00,2024,2,11,8,6,Dom,6,1,1,Inverno,Manhã,Vazio,29.318814655296308,0.22210168280822046,-0.3276152987944466
2024-02-11 09:00:00+00:00,2024,2,11,9,6,Dom,6,1,1,Inverno,Manhã,Vazio,22.790108146078,0.1666563848423835,-0.5982306480373982
2024-02-11 09:00:00+00:00,2024,2,11,9,6,Dom,6,1,1,Inverno,Manhã,Vazio,35.29577221826828,0.27286123104954924,-0.07986998262344548
2024-02-11 10:00:00+00:00,2024,2,11,10,6,Dom,6,1,1,Inverno,Manhã,Vazio,23.962,0.17660872271094882,-0.5496556473268758
2024-02-11 10:00:00+00:00,2024,2,11,10,6,Dom,6,1,1,Inverno,Manhã,Vazio,34.65120470525685,0.2673872159797102,-0.10658735189069013
2024-02-11 11:00:00+00:00,2024,2,11,11,6,Dom,6,1,1,Inverno,Manhã,Vazio,58.87515546392799,0.47311007483817885,0.8974971302875017
2024-02-11 11:00:00+00:00,2024,2,11,11,6,Dom,6,1,1,Inverno,Manhã,Vazio,28.908497924433718,0.2186170517605662,-0.344622956477607
2024-02-11 12:00:00+00:00,2024,2,11,12,6,Dom,6,1,1,Inverno,Tarde,Vazio,18.466,0.12993372557484298,-0.7774652382985704
2024-02-11 12:00:00+00:00,2024,2,11,12,6,Dom,6,1,1,Inverno,Tarde,Vazio,62.098,0.5004802093889932,1.0310842655727865
2024-02-11 13:00:00+00:00,2024,2,11,13,6,Dom,6,1,1,Inverno,Tarde,Vazio,91.57040611884412,0.750775782749837,2.2527175957921366
2024-02-11 13:00:00+00:00,2024,2,11,13,6,Dom,6,1,1,Inverno,Tarde,Vazio,19.46223571898166,0.13839429677760048,-0.7361711968770631
2024-02-11 14:00:00+00:00,2024,2,11,14,6,Dom,6,1,1,Inverno,Tarde,Vazio,38.77922211193844,0.30244456689576876,0.06451926327309582
2024-02-11 14:00:00+00:00,2024,2,11,14,6,Dom,6,1,1,Inverno,Tarde,Vazio,101.8729302681741,0.8382703761204043,2.6797579546776653
2024-02-11 15:00:00+00:00,2024,2,11,15,6,Dom,6,1,1,Inverno,Tarde,Vazio,51.24000000000001,0.40826821541085695,0.5810193931618226
2024-02-11 15:00:00+00:00,2024,2,11,15,6,Dom,6,1,1,Inverno,Tarde,Vazio,72.56651466053907,0.589384483733961,1.4650049429560823
2024-02-11 16:00:00+00:00,2024,2,11,16,6,Dom,6,1,1,Inverno,Tarde,Vazio,15.58599652248552,0.10547518225880163,-0.8968415873177902
2024-02-11 16:00:00+00:00,2024,2,11,16,6,Dom,6,1,1,Inverno,Tarde,Vazio,15.428,0.1041333905494628,-0.9033905544142924
2024-02-11 17:00:00+00:00,2024,2,11,17,6,Dom,6,1,1,Inverno,Tarde,Vazio,38.54943562374536,0.3004930960663787,0.05499459699105666
2024-02-11 17:00:00+00:00,2024,2,11,17,6,Dom,6,1,1,Inverno,Tarde,Vazio,58.962,0.4738476054918266,0.9010968424855897
2024-02-11 18:00:00+00:00,2024,2,11,18,6,Dom,6,1,1,Inverno,Noite,Vazio,22.27,0.16223934586337038,-0.6197891676915241
2024-02-11 18:00:00+00:00,2024,2,11,18,6,Dom,6,1,1,Inverno,Noite,Vazio,23.934,0.1763709316047241,-0.5508162493187257
2024-02-11 19:00:00+00:00,2024,2,11,19,6,Dom,6,1,1,Inverno,Noite,Vazio,45.27,0.3575677545479472,0.3335624684709533
2024-02-11 19:00:00+00:00,2024,2,11,19,6,Dom,6,1,1,Inverno,Noite,Vazio,36.150000000000006,0.2801157942347585,-0.0444621803030376
2024-02-11 20:00:00+00:00,2024,2,11,20,6,Dom,6,1,1,Inverno,Noite,Vazio,32.72,0.2509863837222324,-0.1866359243046595
2024-02-11 20:00:00+00:00,2024,2,11,20,6,Dom,6,1,1,Inverno,Noite,Vazio,23.650122267854314,0.17396008874902832,-0.5625830015105163
2024-02-11 21:00:00+00:00,2024,2,11,21,6,Dom,6,1,1,Inverno,Noite,Vazio,31.154,0.2376870668526652,-0.2515467357059829
2024-02-11 21:00:00+00:00,2024,2,11,21,6,Dom,6,1,1,Inverno,Noite,Vazio,18.382,0.12922035225616887,-0.7809470442741202
2024-02-11 22:00:00+00:00,2024,2,11,22,6,Dom,6,1,1,Inverno,Noite,Vazio,49.5430884026574,0.39385712662879896,0.5106822867379246
2024-02-11 22:00:00+00:00,2024,2,11,22,6,Dom,6,1,1,Inverno,Noite,Vazio,59.989575946513895,0.48257433481509204,0.9436899385677735
2024-02-11 23:00:00+00:00,2024,2,11,23,6,Dom,6,1,1,Inverno,Noite,Vazio,52.65881680356916,0.4203175731698178,0.639829450600843
2024-02-11 23:00:00+00:00,2024,2,11,23,6,Dom,6,1,1,Inverno,Noite,Vazio,19.168,0.1358954883094766,-0.7483672883600461
2024-02-12 00:00:00+00:00,2024,2,12,0,0,Seg,7,1,0,Inverno,Madrugada,Vazio,16.578,0.11389981098369163,-0.8557229726061686
2024-02-12 00:00:00+00:00,2024,2,12,0,0,Seg,7,1,0,Inverno,Madrugada,Vazio,91.96816076801456,0.7541537298224176,2.269204554295522
2024-02-12 01:00:00+00:00,2024,2,12,1,0,Seg,7,1,0,Inverno,Madrugada,Vazio,9.806,0.056388333435345786,-1.136422854349312
2024-02-12 01:00:00+00:00,2024,2,12,1,0,Seg,7,1,0,Inverno,Madrugada,Vazio,17.726830625011065,0.12365630045462725,-0.8081038614745224
2024-02-12 02:00:00+00:00,2024,2,12,2,0,Seg,7,1,0,Inverno,Madrugada,Vazio,26.88771681986308,0.2014554883929295,-0.42838447701537374
2024-02-12 02:00:00+00:00,2024,2,12,2,0,Seg,7,1,0,Inverno,Madrugada,Vazio,17.396136502196825,0.12084786755155562,-0.8218111563899255
2024-02-12 03:00:00+00:00,2024,2,12,3,0,Seg,7,1,0,Inverno,Madrugada,Vazio,26.1762596301738,0.19541341010122482,-0.4578744281392796
2024-02-12 03:00:00+00:00,2024,2,12,3,0,Seg,7,1,0,Inverno,Madrugada,Vazio,27.535500301145163,0.20695681520036363,-0.40153380563453467
2024-02-12 04:00:00+00:00,2024,2,12,4,0,Seg,7,1,0,Inverno,Madrugada,Vazio,20.63644542501938,0.14836631909683237,-0.6875001210314577
2024-02-12 04:00:00+00:00,2024,2,12,4,0,Seg,7,1,0,Inverno,Madrugada,Vazio,30.518,0.23228581172556123,-0.2779089809494322
2024-02-12 05:00:00+00:00,2024,2,12,5,0,Seg,7,1,0,Inverno,Madrugada,Vazio,11.358,0.06956875475180073,-1.0720923439439134
2024-02-12 05:00:00+00:00,2024,2,12,5,0,Seg,7,1,0,Inverno,Madrugada,Vazio,31.088154223758185,0.237127868996495,-0.25427604781531
2024-02-12 06:00:00+00:00,2024,2,12,6,0,Seg,7,1,0,Inverno,Manhã,Vazio,11.036,0.06683415703021664,-1.085439266850188
2024-02-12 06:00:00+00:00,2024,2,12,6,0,Seg,7,1,0,Inverno,Manhã,Vazio,13.644,0.08898270006714604,-0.9773374813235907
2024-02-12 07:00:00+00:00,2024,2,12,7,0,Seg,7,1,0,Inverno,Manhã,Cheio,91.87788120575846,0.7533870270731905,2.2654624600177447
2024-02-12 07:00:00+00:00,2024,2,12,7,0,Seg,7,1,0,Inverno,Manhã,Cheio,51.30825084006715,0.40884783836658306,0.5838483953377999
2024-02-12 08:00:00+00:00,2024,2,12,8,0,Seg,7,1,0,Inverno,Manhã,Cheio,60.36802099581197,0.48578829434787246,0.9593765127828129
2024-02-12 08:00:00+00:00,2024,2,12,8,0,Seg,7,1,0,Inverno,Manhã,Cheio,28.959407327648155,0.2190494018786948,-0.34251275809280096
2024-02-12 09:00:00+00:00,2024,2,12,9,0,Seg,7,1,0,Inverno,Manhã,Ponta,57.58211105102183,0.46212884407594224,0.8439003473885959
2024-02-12 09:00:00+00:00,2024,2,12,9,0,Seg,7,1,0,Inverno,Manhã,Ponta,44.98466149024073,0.35514450598065556,0.32173516694316356
2024-02-12 10:00:00+00:00,2024,2,12,10,0,Seg,7,1,0,Inverno,Manhã,Ponta,43.44034399826009,0.34202932866707575,0.2577230970416819
2024-02-12 10:00:00+00:00,2024,2,12,10,0,Seg,7,1,0,Inverno,Manhã,Ponta,64.73741499784738,0.522895545536286,1.1404882049949423
2024-02-12 11:00:00+00:00,2024,2,12,11,0,Seg,7,1,0,Inverno,Manhã,Ponta,22.758,0.16638370514328663,-0.5995615329764247
2024-02-12 11:00:00+00:00,2024,2,12,11,0,Seg,7,1,0,Inverno,Manhã,Ponta,43.508,0.342603899934807,0.26052744312668
2024-02-12 12:00:00+00:00,2024,2,12,12,0,Seg,7,1,0,Inverno,Tarde,Cheio,10.418074043346952,0.06158639643030643,-1.111052341711164
2024-02-12 12:00:00+00:00,2024,2,12,12,0,Seg,7,1,0,Inverno,Tarde,Cheio,22.58,0.16487203311085813,-0.6069396456388996
2024-02-12 13:00:00+00:00,2024,2,12,13,0,Seg,7,1,0,Inverno,Tarde,Cheio,23.21015908904948,0.17022368407095195,-0.5808195065698569
2024-02-12 13:00:00+00:00,2024,2,12,13,0,Seg,7,1,0,Inverno,Tarde,Cheio,54.946904834372,0.43974925116925023,0.7346708622464806
2024-02-12 14:00:00+00:00,2024,2,12,14,0,Seg,7,1,0,Inverno,Tarde,Cheio,73.40400000000001,0.5964968610667248,1.499718769853351
2024-02-12 14:00:00+00:00,2024,2,12,14,0,Seg,7,1,0,Inverno,Tarde,Cheio,22.11597149661448,0.1609312527130069,-0.6261736601140564
2024-02-12 15:00:00+00:00,2024,2,12,15,0,Seg,7,1,0,Inverno,Tarde,Cheio,54.80713131506076,0.4385622190343238,0.7288772399278911
2024-02-12 15:00:00+00:00,2024,2,12,15,0,Seg,7,1,0,Inverno,Tarde,Cheio,34.433009093621884,0.26553418112742255,-0.11563157551484966
2024-02-12 16:00:00+00:00,2024,2,12,16,0,Seg,7,1,0,Inverno,Tarde,Cheio,38.37497763689952,0.2990115047205999,0.047763301025791835
2024-02-12 16:00:00+00:00,2024,2,12,16,0,Seg,7,1,0,Inverno,Tarde,Cheio,16.18499332339089,0.11056218625567114,-0.8720131273091282
2024-02-12 17:00:00+00:00,2024,2,12,17,0,Seg,7,1,0,Inverno,Tarde,Cheio,27.266,0.20466807324546366,-0.41270461228857913
2024-02-12 17:00:00+00:00,2024,2,12,17,0,Seg,7,1,0,Inverno,Tarde,Cheio,38.54943562374536,0.3004930960663787,0.05499459699105666
2024-02-12 18:00:00+00:00,2024,2,12,18,0,Seg,7,1,0,Inverno,Noite,Ponta,14.462,0.09592959738471056,-0.9434313231331164
2024-02-12 18:00:00+00:00,2024,2,12,18,0,Seg,7,1,0,Inverno,Noite,Ponta,44.026,0.34700303539996397,0.28199857997590455
2024-02-12 19:00:00+00:00,2024,2,12,19,0,Seg,7,1,0,Inverno,Noite,Ponta,47.544,0.37687978938919614,0.4278199302376258
2024-02-12 19:00:00+00:00,2024,2,12,19,0,Seg,7,1,0,Inverno,Noite,Ponta,18.544684124057557,0.13060195360705612,-0.7742037757589928
2024-02-12 20:00:00+00:00,2024,2,12,20,0,Seg,7,1,0,Inverno,Noite,Ponta,43.646042167421726,0.3437762284954094,0.266249300786285
2024-02-12 20:00:00+00:00,2024,2,12,20,0,Seg,7,1,0,Inverno,Noite,Ponta,51.566,0.4110367832904731,0.594532116352647
2024-02-12 21:00:00+00:00,2024,2,12,21,0,Seg,7,1,0,Inverno,Noite,Cheio,26.98143835761624,0.2022514222550511,-0.4244997126083894
2024-02-12 21:00:00+00:00,2024,2,12,21,0,Seg,7,1,0,Inverno,Noite,Cheio,29.76833133542835,0.22591922097375808,-0.30898280042548104
2024-02-12 22:00:00+00:00,2024,2,12,22,0,Seg,7,1,0,Inverno,Noite,Vazio,49.52913948889984,0.3937386649276188,0.5101041032703826
2024-02-12 22:00:00+00:00,2024,2,12,22,0,Seg,7,1,0,Inverno,Noite,Vazio,46.32867342270504,0.36655858041636585,0.37744455715345654
2024-02-12 23:00:00+00:00,2024,2,12,23,0,Seg,7,1,0,Inverno,Noite,Vazio,25.144,0.18664690440943443,-0.5006616632423521
2024-02-12 23:00:00+00:00,2024,2,12,23,0,Seg,7,1,0,Inverno,Noite,Vazio,20.408,0.1464262372994277,-0.6969692001495472
2024-02-13 00:00:00+00:00,2024,2,13,0,1,Ter,7,1,0,Inverno,Madrugada,Vazio,22.30612637160587,0.16254615050151483,-0.6182917270185211
2024-02-13 00:00:00+00:00,2024,2,13,0,1,Ter,7,1,0,Inverno,Madrugada,Vazio,15.99,0.10890619775297287,-0.8800956144350178
2024-02-13 01:00:00+00:00,2024,2,13,1,1,Ter,7,1,0,Inverno,Madrugada,Vazio,37.138128957644994,0.2885075184465822,-0.0035041647156300653
2024-02-13 01:00:00+00:00,2024,2,13,1,1,Ter,7,1,0,Inverno,Madrugada,Vazio,31.574,0.24125393344603574,-0.23413770582823326
2024-02-13 02:00:00+00:00,2024,2,13,2,1,Ter,7,1,0,Inverno,Madrugada,Vazio,45.53643353046737,0.3598304518317039,0.3446061572622407
2024-02-13 02:00:00+00:00,2024,2,13,2,1,Ter,7,1,0,Inverno,Madrugada,Vazio,19.437450979682957,0.13818381139991015,-0.7371985260841187
2024-02-13 03:00:00+00:00,2024,2,13,3,1,Ter,7,1,0,Inverno,Madrugada,Vazio,21.685252624545136,0.15727335567510597,-0.6440269880015941
2024-02-13 03:00:00+00:00,2024,2,13,3,1,Ter,7,1,0,Inverno,Madrugada,Vazio,10.483999999999998,0.06214627522178678,-1.1083197061180876
2024-02-13 04:00:00+00:00,2024,2,13,4,1,Ter,7,1,0,Inverno,Madrugada,Vazio,15.56,0.1052544057645221,-0.8979191450241424
2024-02-13 04:00:00+00:00,2024,2,13,4,1,Ter,7,1,0,Inverno,Madrugada,Vazio,11.31934488497522,0.06924047466026552,-1.0736946012115187
2024-02-13 05:00:00+00:00,2024,2,13,5,1,Ter,7,1,0,Inverno,Madrugada,Vazio,14.293531235372711,0.09449886974524514,-0.9504143654113641
2024-02-13 05:00:00+00:00,2024,2,13,5,1,Ter,7,1,0,Inverno,Madrugada,Vazio,29.758,0.22583148169946216,-0.3094110350139316
2024-02-13 06:00:00+00:00,2024,2,13,6,1,Ter,7,1,0,Inverno,Manhã,Vazio,16.514500263958226,0.11336053696660771,-0.8583550411823124
2024-02-13 06:00:00+00:00,2024,2,13,6,1,Ter,7,1,0,Inverno,Manhã,Vazio,15.068005932403084,0.10107612670774131,-0.9183123341252623
2024-02-13 07:00:00+00:00,2024,2,13,7,1,Ter,7,1,0,Inverno,Manhã,Cheio,12.32368501793536,0.07776987291892465,-1.0320646312540755
2024-02-13 07:00:00+00:00,2024,2,13,7,1,Ter,7,1,0,Inverno,Manhã,Cheio,9.519032180544327,0.053951247891086684,-1.1483176908799224
2024-02-13 08:00:00+00:00,2024,2,13,8,1,Ter,7,1,0,Inverno,Manhã,Cheio,28.959407327648155,0.2190494018786948,-0.34251275809280096
2024-02-13 08:00:00+00:00,2024,2,13,8,1,Ter,7,1,0,Inverno,Manhã,Cheio,9.013867191020886,0.04966111425948778,-1.169256815631843
2024-02-13 09:00:00+00:00,2024,2,13,9,1,Ter,7,1,0,Inverno,Manhã,Ponta,61.43828574100197,0.4948775599804449,1.0037390626068958
2024-02-13 09:00:00+00:00,2024,2,13,9,1,Ter,7,1,0,Inverno,Manhã,Ponta,50.36116970905736,0.4008047144441773,0.5445918150844608
2024-02-13 10:00:00+00:00,2024,2,13,10,1,Ter,7,1,0,Inverno,Manhã,Ponta,46.56326879088101,0.36855089084899995,0.3871685518528784
2024-02-13 10:00:00+00:00,2024,2,13,10,1,Ter,7,1,0,Inverno,Manhã,Ponta,19.378647872587845,0.1376844236897103,-0.7396359190563171
2024-02-13 11:00:00+00:00,2024,2,13,11,1,Ter,7,1,0,Inverno,Manhã,Ponta,20.40710466551129,0.14641863363590943,-0.6970063118277962
2024-02-13 11:00:00+00:00,2024,2,13,11,1,Ter,7,1,0,Inverno,Manhã,Ponta,51.57596369992571,0.41112140040573825,0.5949451124233602
2024-02-13 12:00:00+00:00,2024,2,13,12,1,Ter,7,1,0,Inverno,Tarde,Cheio,71.21910880215842,0.5779415862483189,1.4091548742751214
2024-02-13 12:00:00+00:00,2024,2,13,12,1,Ter,7,1,0,Inverno,Tarde,Cheio,56.84546485657261,0.4558728471661459,0.8133663102255078
2024-02-13 13:00:00+00:00,2024,2,13,13,1,Ter,7,1,0,Inverno,Tarde,Cheio,47.7609323032361,0.3787220955449957,0.4368117896387839
2024-02-13 13:00:00+00:00,2024,2,13,13,1,Ter,7,1,0,Inverno,Tarde,Cheio,58.572943725820274,0.4705435297125102,0.8849704322443497
2024-02-13 14:00:00+00:00,2024,2,13,14,1,Ter,7,1,0,Inverno,Tarde,Cheio,62.54711861683526,0.5042943669862562,1.0497002641897835
2024-02-13 14:00:00+00:00,2024,2,13,14,1,Ter,7,1,0,Inverno,Tarde,Cheio,9.718,0.055640989958639586,-1.1400704606094119
2024-02-13 15:00:00+00:00,2024,2,13,15,1,Ter,7,1,0,Inverno,Tarde,Cheio,63.85466449942782,0.515398752052729,1.1038981340387888
2024-02-13 15:00:00+00:00,2024,2,13,15,1,Ter,7,1,0,Inverno,Tarde,Cheio,10.044270419484777,0.05841185438641397,-1.1265465285117062
2024-02-13 16:00:00+00:00,2024,2,13,16,1,Ter,7,1,0,Inverno,Tarde,Cheio,37.348488818449766,0.29029400787536935,0.0052152664792021195
2024-02-13 16:00:00+00:00,2024,2,13,16,1,Ter,7,1,0,Inverno,Tarde,Cheio,67.16515473483172,0.5435132211678279,1.2411181897962762
2024-02-13 17:00:00+00:00,2024,2,13,17,1,Ter,7,1,0,Inverno,Tarde,Cheio,43.157852867505866,0.33963026157847886,0.24601381957620677
2024-02-13 17:00:00+00:00,2024,2,13,17,1,Ter,7,1,0,Inverno,Tarde,Cheio,20.338127665555863,0.14583284373864291,-0.6998654133828
2024-02-13 18:00:00+00:00,2024,2,13,18,1,Ter,7,1,0,Inverno,Noite,Ponta,57.38441229030413,0.46044987953985955,0.8357057196930515
2024-02-13 18:00:00+00:00,2024,2,13,18,1,Ter,7,1,0,Inverno,Noite,Ponta,44.962,0.35495205237947547,0.3207958465606036
2024-02-13 19:00:00+00:00,2024,2,13,19,1,Ter,7,1,0,Inverno,Noite,Ponta,51.235172132536555,0.40822721455568406,0.58081927771202
2024-02-13 19:00:00+00:00,2024,2,13,19,1,Ter,7,1,0,Inverno,Noite,Ponta,36.52,0.28325803385272774,-0.02912565398216307
2024-02-13 20:00:00+00:00,2024,2,13,20,1,Ter,7,1,0,Inverno,Noite,Ponta,25.96,0.19357681664798293,-0.46683840519415276
2024-02-13 20:00:00+00:00,2024,2,13,20,1,Ter,7,1,0,Inverno,Noite,Ponta,20.484,0.1470716703020376,-0.6938189947430973
2024-02-13 21:00:00+00:00,2024,2,13,21,1,Ter,7,1,0,Inverno,Noite,Cheio,39.037136623284496,0.30463491607306814,0.07520983811578323
2024-02-13 21:00:00+00:00,2024,2,13,21,1,Ter,7,1,0,Inverno,Noite,Cheio,49.75556535990008,0.39566159558272734,0.5194894717307129
2024-02-13 22:00:00+00:00,2024,2,13,22,1,Ter,7,1,0,Inverno,Noite,Vazio,49.25756974444992,0.39143234814369354,0.498847518044141
2024-02-13 22:00:00+00:00,2024,2,13,22,1,Ter,7,1,0,Inverno,Noite,Vazio,61.5470219605607,0.49580100662100074,1.0082461866428278
2024-02-13 23:00:00+00:00,2024,2,13,23,1,Ter,7,1,0,Inverno,Noite,Vazio,20.32808471990127,0.14574755362589434,-0.7002816941946128
2024-02-13 23:00:00+00:00,2024,2,13,23,1,Ter,7,1,0,Inverno,Noite,Vazio,32.206,0.2466212184151076,-0.20794126086933382
2024-02-14 00:00:00+00:00,2024,2,14,0,2,Qua,7,1,0,Inverno,Madrugada,Vazio,21.709651533738334,0.15748056437538194,-0.6430156514798586
2024-02-14 00:00:00+00:00,2024,2,14,0,2,Qua,7,1,0,Inverno,Madrugada,Vazio,15.518594844640493,0.10490277084679557,-0.8996353916592533
2024-02-14 01:00:00+00:00,2024,2,14,1,2,Qua,7,1,0,Inverno,Madrugada,Vazio,12.332,0.07784048823261716,-1.0317199746559893
2024-02-14 01:00:00+00:00,2024,2,14,1,2,Qua,7,1,0,Inverno,Madrugada,Vazio,10.563632568881095,0.06282255795913502,-1.1050189304731042
2024-02-14 02:00:00+00:00,2024,2,14,2,2,Qua,7,1,0,Inverno,Madrugada,Vazio,7.44182720522448,0.03631050257191662,-1.234417984874097
2024-02-14 02:00:00+00:00,2024,2,14,2,2,Qua,7,1,0,Inverno,Madrugada,Vazio,29.968,0.22761491499614744,-0.3007065200750567
2024-02-14 03:00:00+00:00,2024,2,14,3,2,Qua,7,1,0,Inverno,Madrugada,Vazio,44.79520352285029,0.3535355267074821,0.3138821207172636
2024-02-14 03:00:00+00:00,2024,2,14,3,2,Qua,7,1,0,Inverno,Madrugada,Vazio,68.502,0.5548664323983858,1.2965305211373301
2024-02-14 04:00:00+00:00,2024,2,14,4,2,Qua,7,1,0,Inverno,Madrugada,Vazio,25.89359870966743,0.19301290106644972,-0.46959074340205953
2024-02-14 04:00:00+00:00,2024,2,14,4,2,Qua,7,1,0,Inverno,Madrugada,Vazio,8.24400634210857,0.04312304058441821,-1.201167602585234
2024-02-14 05:00:00+00:00,2024,2,14,5,2,Qua,7,1,0,Inverno,Madrugada,Vazio,14.31138838963632,0.09465052233332974,-0.9496741850968242
2024-02-14 05:00:00+00:00,2024,2,14,5,2,Qua,7,1,0,Inverno,Madrugada,Vazio,16.0043074594441,0.10902770441756136,-0.8795025692232631
2024-02-14 06:00:00+00:00,2024,2,14,6,2,Qua,7,1,0,Inverno,Manhã,Vazio,12.7,0.08096574277157037,-1.0164663484773897
2024-02-14 06:00:00+00:00,2024,2,14,6,2,Qua,7,1,0,Inverno,Manhã,Vazio,13.776,0.09010371528220536,-0.9718660719334408
2024-02-14 07:00:00+00:00,2024,2,14,7,2,Qua,7,1,0,Inverno,Manhã,Cheio,46.75,0.37013671301982426,0.3949085737544517
2024-02-14 07:00:00+00:00,2024,2,14,7,2,Qua,7,1,0,Inverno,Manhã,Cheio,30.235482846389807,0.22988652363683187,-0.2896193370641385
2024-02-14 08:00:00+00:00,2024,2,14,8,2,Qua,7,1,0,Inverno,Manhã,Cheio,27.891246161966453,0.20997800097820482,-0.38678811439662136
2024-02-14 08:00:00+00:00,2024,2,14,8,2,Qua,7,1,0,Inverno,Manhã,Cheio,42.54571329198051,0.3344316420489041,0.22064059062460237
2024-02-14 09:00:00+00:00,2024,2,14,9,2,Qua,7,1,0,Inverno,Manhã,Ponta,14.048000000000002,0.0924136860283882,-0.960591652584041
2024-02-14 09:00:00+00:00,2024,2,14,9,2,Qua,7,1,0,Inverno,Manhã,Ponta,35.29577221826828,0.27286123104954924,-0.07986998262344548
2024-02-14 10:00:00+00:00,2024,2,14,10,2,Qua,7,1,0,Inverno,Manhã,Ponta,21.158,0.1527956419304465,-0.665881646796423
2024-02-14 10:00:00+00:00,2024,2,14,10,2,Qua,7,1,0,Inverno,Manhã,Ponta,84.09056449750571,0.6872529322668502,1.9426776284904335
2024-02-14 11:00:00+00:00,2024,2,14,11,2,Qua,7,1,0,Inverno,Manhã,Ponta,36.25862733777121,0.281038316192432,-0.03995956942494409
2024-02-14 11:00:00+00:00,2024,2,14,11,2,Qua,7,1,0,Inverno,Manhã,Ponta,19.07,0.13506321943769012,-0.752429395331521
2024-02-14 12:00:00+00:00,2024,2,14,12,2,Qua,7,1,0,Inverno,Tarde,Cheio,36.77,0.285381168729734,-0.018763136197788317
2024-02-14 12:00:00+00:00,2024,2,14,12,2,Qua,7,1,0,Inverno,Tarde,Cheio,41.98321981301023,0.3296546439557425,0.1973251959069049
2024-02-14 13:00:00+00:00,2024,2,14,13,2,Qua,7,1,0,Inverno,Tarde,Cheio,47.0105062885488,0.37234907296741393,0.4057065779465652
2024-02-14 13:00:00+00:00,2024,2,14,13,2,Qua,7,1,0,Inverno,Tarde,Cheio,8.684,0.046859704107341645,-1.1829298341655858
2024-02-14 14:00:00+00:00,2024,2,14,14,2,Qua,7,1,0,Inverno,Tarde,Cheio,16.55,0.11366201987746694,-0.8568835745980184
2024-02-14 14:00:00+00:00,2024,2,14,14,2,Qua,7,1,0,Inverno,Tarde,Cheio,40.29854192366357,0.31534745042216966,0.12749517754971418
2024-02-14 15:00:00+00:00,2024,2,14,15,2,Qua,7,1,0,Inverno,Tarde,Cheio,25.09,0.1861883072760011,-0.5028999670837769
2024-02-14 15:00:00+00:00,2024,2,14,15,2,Qua,7,1,0,Inverno,Tarde,Cheio,20.982823224340187,0.1513079462422671,-0.67314273660916
2024-02-14 16:00:00+00:00,2024,2,14,16,2,Qua,7,1,0,Inverno,Tarde,Cheio,20.918,0.15075743244852047,-0.6758296638694229
2024-02-14 16:00:00+00:00,2024,2,14,16,2,Qua,7,1,0,Inverno,Tarde,Cheio,115.6888238715734,0.9556023983859439,3.252427727366684
2024-02-14 17:00:00+00:00,2024,2,14,17,2,Qua,7,1,0,Inverno,Tarde,Cheio,76.10700176375482,0.6194522103356741,1.611758385245773
2024-02-14 17:00:00+00:00,2024,2,14,17,2,Qua,7,1,0,Inverno,Tarde,Cheio,56.008,0.4487606437851205,0.7786533323454177
2024-02-14 18:00:00+00:00,2024,2,14,18,2,Qua,7,1,0,Inverno,Noite,Ponta,35.82144748679501,0.2773255490359041,-0.0580807053477888
2024-02-14 18:00:00+00:00,2024,2,14,18,2,Qua,7,1,0,Inverno,Noite,Ponta,8.75107744017982,0.04742936191816596,-1.180149469498411
2024-02-14 19:00:00+00:00,2024,2,14,19,2,Qua,7,1,0,Inverno,Noite,Ponta,66.80701878966823,0.5404717375042831,1.2262734293923543
2024-02-14 19:00:00+00:00,2024,2,14,19,2,Qua,7,1,0,Inverno,Noite,Ponta,117.80544353517274,0.973577874502524,3.3401617629939064
2024-02-14 20:00:00+00:00,2024,2,14,20,2,Qua,7,1,0,Inverno,Noite,Ponta,89.00372042985774,0.7289781031314376,2.1463282913960504
2024-02-14 20:00:00+00:00,2024,2,14,20,2,Qua,7,1,0,Inverno,Noite,Ponta,100.87463247928775,0.829792292707513,2.638378440311919
2024-02-14 21:00:00+00:00,2024,2,14,21,2,Qua,7,1,0,Inverno,Noite,Cheio,40.27778244096,0.3151711496951435,0.1266346955148736
2024-02-14 21:00:00+00:00,2024,2,14,21,2,Qua,7,1,0,Inverno,Noite,Cheio,25.412000000000003,0.1889229049975852,-0.4895530441775021
2024-02-14 22:00:00+00:00,2024,2,14,22,2,Qua,7,1,0,Inverno,Noite,Vazio,16.515648889648,0.11337029171565803,-0.8583074305657611
2024-02-14 22:00:00+00:00,2024,2,14,22,2,Qua,7,1,0,Inverno,Noite,Vazio,14.87477966344781,0.09943514498465039,-0.9263215767190918
2024-02-14 23:00:00+00:00,2024,2,14,23,2,Qua,7,1,0,Inverno,Noite,Vazio,21.086,0.15218417908586868,-0.668866051918323
2024-02-14 23:00:00+00:00,2024,2,14,23,2,Qua,7,1,0,Inverno,Noite,Vazio,61.93516154934523,0.499097297413382,1.0243346002092262
2024-02-15 00:00:00+00:00,2024,2,15,0,3,Qui,7,1,0,Inverno,Madrugada,Vazio,49.38,0.39247209192593024,0.5039222608460742
2024-02-15 00:00:00+00:00,2024,2,15,0,3,Qui,7,1,0,Inverno,Madrugada,Vazio,41.490573636295466,0.32547082683651485,0.176904976836461
2024-02-15 01:00:00+00:00,2024,2,15,1,3,Qui,7,1,0,Inverno,Madrugada,Vazio,31.442,0.2401329182309764,-0.23960911521838318
2024-02-15 01:00:00+00:00,2024,2,15,1,3,Qui,7,1,0,Inverno,Madrugada,Vazio,19.136,0.13562372704521977,-0.7496936906364461
2024-02-15 02:00:00+00:00,2024,2,15,2,3,Qui,7,1,0,Inverno,Madrugada,Vazio,65.98860443439138,0.5335213212581595,1.1923500961461782
2024-02-15 02:00:00+00:00,2024,2,15,2,3,Qui,7,1,0,Inverno,Madrugada,Vazio,25.40378545908277,0.1888531426843053,-0.48989353748288333
2024-02-15 03:00:00+00:00,2024,2,15,3,3,Qui,7,1,0,Inverno,Madrugada,Vazio,35.414,0.273865285156852,-0.07496943266023705
2024-02-15 03:00:00+00:00,2024,2,15,3,3,Qui,7,1,0,Inverno,Madrugada,Vazio,14.727716569028376,0.0981862058451209,-0.9324173524444782
2024-02-15 04:00:00+00:00,2024,2,15,4,3,Qui,7,1,0,Inverno,Madrugada,Vazio,21.753360223798058,0.15785176215255817,-0.6412039231675563
2024-02-15 04:00:00+00:00,2024,2,15,4,3,Qui,7,1,0,Inverno,Madrugada,Vazio,21.753360223798058,0.15785176215255817,-0.6412039231675563
2024-02-15 05:00:00+00:00,2024,2,15,5,3,Qui,7,1,0,Inverno,Madrugada,Vazio,47.72327553362612,0.3784022939413383,0.43525091385964176
2024-02-15 05:00:00+00:00,2024,2,15,5,3,Qui,7,1,0,Inverno,Madrugada,Vazio,22.806,0.16679134703967183,-0.5975719295618246
2024-02-15 06:00:00+00:00,2024,2,15,6,3,Qui,7,1,0,Inverno,Manhã,Vazio,37.07724885484583,0.28799049176830765,-0.006027649307513809
2024-02-15 06:00:00+00:00,2024,2,15,6,3,Qui,7,1,0,Inverno,Manhã,Vazio,23.915170200025024,0.17621101878450843,-0.5515967458671934
2024-02-15 07:00:00+00:00,2024,2,15,7,3,Qui,7,1,0,Inverno,Manhã,Cheio,30.235482846389807,0.22988652363683187,-0.2896193370641385
2024-02-15 07:00:00+00:00,2024,2,15,7,3,Qui,7,1,0,Inverno,Manhã,Cheio,12.632,0.08038825008502465,-1.0192849533147397
2024-02-15 08:00:00+00:00,2024,2,15,8,3,Qui,7,1,0,Inverno,Manhã,Cheio,49.674,0.3949688985412896,0.5161085817604988
2024-02-15 08:00:00+00:00,2024,2,15,8,3,Qui,7,1,0,Inverno,Manhã,Cheio,27.66,0.20801413381162556,-0.39637328426040447
2024-02-15 09:00:00+00:00,2024,2,15,9,3,Qui,7,1,0,Inverno,Manhã,Ponta,29.2932840357226,0.22188486301282637,-0.3286735447919612
2024-02-15 09:00:00+00:00,2024,2,15,9,3,Qui,7,1,0,Inverno,Manhã,Ponta,45.989863394484765,0.3636812228659901,0.3634008573816282
2024-02-15 10:00:00+00:00,2024,2,15,10,3,Qui,7,1,0,Inverno,Manhã,Ponta,86.21099458706351,0.705260768576425,2.030569606544698
2024-02-15 10:00:00+00:00,2024,2,15,10,3,Qui,7,1,0,Inverno,Manhã,Ponta,33.94420663593,0.26138300694385447,-0.13589247215836253
2024-02-15 11:00:00+00:00,2024,2,15,11,3,Qui,7,1,0,Inverno,Manhã,Ponta,61.02496419698593,0.49136741043837073,0.9866068552047699
2024-02-15 11:00:00+00:00,2024,2,15,11,3,Qui,7,1,0,Inverno,Manhã,Ponta,32.0,0.24487175527645438,-0.21647997552365875
2024-02-15 12:00:00+00:00,2024,2,15,12,3,Qui,7,1,0,Inverno,Tarde,Cheio,41.98321981301023,0.3296546439557425,0.1973251959069049
2024-02-15 12:00:00+00:00,2024,2,15,12,3,Qui,7,1,0,Inverno,Tarde,Cheio,74.35101075576799,0.6045393873246091,1.5389724330479102
2024-02-15 13:00:00+00:00,2024,2,15,13,3,Qui,7,1,0,Inverno,Tarde,Cheio,29.86938492503641,0.2267774225759323,-0.3047941219475273
2024-02-15 13:00:00+00:00,2024,2,15,13,3,Qui,7,1,0,Inverno,Tarde,Cheio,90.966,0.7456428399066611,2.227664919170108
2024-02-15 14:00:00+00:00,2024,2,15,14,3,Qui,7,1,0,Inverno,Tarde,Cheio,24.285430222247957,0.17935546665147892,-0.5362494416066809
2024-02-15 14:00:00+00:00,2024,2,15,14,3,Qui,7,1,0,Inverno,Tarde,Cheio,26.6043208365301,0.19904873680805857,-0.4401312606846073
2024-02-15 15:00:00+00:00,2024,2,15,15,3,Qui,7,1,0,Inverno,Tarde,Cheio,38.433476003202486,0.29950830440758275,0.050188062470477135
2024-02-15 15:00:00+00:00,2024,2,15,15,3,Qui,7,1,0,Inverno,Tarde,Cheio,14.308,0.09462174630047471,-0.9498146340882913
2024-02-15 16:00:00+00:00,2024,2,15,16,3,Qui,7,1,0,Inverno,Tarde,Cheio,65.44712878276326,0.5289228178940741,1.1699058918669691
2024-02-15 16:00:00+00:00,2024,2,15,16,3,Qui,7,1,0,Inverno,Tarde,Cheio,24.353950677609788,0.17993737932574713,-0.5334092638575592
2024-02-15 17:00:00+00:00,2024,2,15,17,3,Qui,7,1,0,Inverno,Tarde,Cheio,64.572,0.5214907521318473,1.1336317415669592
2024-02-15 17:00:00+00:00,2024,2,15,17,3,Qui,7,1,0,Inverno,Tarde,Cheio,12.674711539744443,0.08075097952375294,-1.0175145569539403
2024-02-15 18:00:00+00:00,2024,2,15,18,3,Qui,7,1,0,Inverno,Noite,Ponta,29.734,0.22562766075126958,-0.31040583672123145
2024-02-15 18:00:00+00:00,2024,2,15,18,3,Qui,7,1,0,Inverno,Noite,Ponta,27.286,0.20483792403562417,-0.411875610865829
2024-02-15 19:00:00+00:00,2024,2,15,19,3,Qui,7,1,0,Inverno,Noite,Ponta,51.235172132536555,0.40822721455568406,0.58081927771202
2024-02-15 19:00:00+00:00,2024,2,15,19,3,Qui,7,1,0,Inverno,Noite,Ponta,80.5259060846274,0.6569799298628671,1.794922283695743
2024-02-15 20:00:00+00:00,2024,2,15,20,3,Qui,7,1,0,Inverno,Noite,Ponta,51.31268595230122,0.40888550373245347,0.5840322310554048
2024-02-15 20:00:00+00:00,2024,2,15,20,3,Qui,7,1,0,Inverno,Noite,Ponta,51.31268595230122,0.40888550373245347,0.5840322310554048
2024-02-15 21:00:00+00:00,2024,2,15,21,3,Qui,7,1,0,Inverno,Noite,Cheio,21.454,0.1553094336248219,-0.6536124257397233
2024-02-15 21:00:00+00:00,2024,2,15,21,3,Qui,7,1,0,Inverno,Noite,Cheio,30.29,0.2303495127177315,-0.28735959716878207
2024-02-15 22:00:00+00:00,2024,2,15,22,3,Qui,7,1,0,Inverno,Noite,Vazio,20.65737494718715,0.14854406389072622,-0.6866325908487299
2024-02-15 22:00:00+00:00,2024,2,15,22,3,Qui,7,1,0,Inverno,Noite,Vazio,64.58878393444925,0.5216332903582577,1.1343274368438478
2024-02-15 23:00:00+00:00,2024,2,15,23,3,Qui,7,1,0,Inverno,Noite,Vazio,14.574000000000002,0.09688076180960939,-0.9387889151657165
2024-02-15 23:00:00+00:00,2024,2,15,23,3,Qui,7,1,0,Inverno,Noite,Vazio,19.930873358224,0.14237422044381368,-0.7167461333927584
2024-02-16 00:00:00+00:00,2024,2,16,0,4,Sex,7,1,0,Inverno,Madrugada,Vazio,12.32,0.07773857775852085,-1.0322173755096393
2024-02-16 00:00:00+00:00,2024,2,16,0,4,Sex,7,1,0,Inverno,Madrugada,Vazio,31.815818446914,0.24330758616022213,-0.22411431400128845
2024-02-16 01:00:00+00:00,2024,2,16,1,4,Sex,7,1,0,Inverno,Madrugada,Vazio,46.414,0.36728321974512784,0.3809813498522521
2024-02-16 01:00:00+00:00,2024,2,16,1,4,Sex,7,1,0,Inverno,Madrugada,Vazio,43.494,0.3424850043816946,0.2599471421307549
2024-02-16 02:00:00+00:00,2024,2,16,2,4,Sex,7,1,0,Inverno,Madrugada,Vazio,17.45,0.1213053054346895,-0.8195785105742694
2024-02-16 02:00:00+00:00,2024,2,16,2,4,Sex,7,1,0,Inverno,Madrugada,Vazio,19.06489958782516,0.1350199039857881,-0.7526408077789987
2024-02-16 03:00:00+00:00,2024,2,16,3,4,Sex,7,1,0,Inverno,Madrugada,Vazio,25.144207119848,0.18664866338292652,-0.5006530781099183
2024-02-16 03:00:00+00:00,2024,2,16,3,4,Sex,7,1,0,Inverno,Madrugada,Vazio,3.1662506786031104,0.0,-1.4116409360563735
2024-02-16 04:00:00+00:00,2024,2,16,4,4,Sex,7,1,0,Inverno,Madrugada,Vazio,30.67462988610576,0.23361599722145185,-0.2714166610280902
2024-02-16 04:00:00+00:00,2024,2,16,4,4,Sex,7,1,0,Inverno,Madrugada,Vazio,19.01,0.13455366706720864,-0.7549163995997709
2024-02-16 05:00:00+00:00,2024,2,16,5,4,Sex,7,1,0,Inverno,Madrugada,Vazio,8.659999999999998,0.046655883159149036,-1.1839246358728859
2024-02-16 05:00:00+00:00,2024,2,16,5,4,Sex,7,1,0,Inverno,Madrugada,Vazio,23.076,0.1690843327068386,-0.5863804103546999
2024-02-16 06:00:00+00:00,2024,2,16,6,4,Sex,7,1,0,Inverno,Manhã,Vazio,16.629023052272284,0.11433312627093403,-0.85360806345983
2024-02-16 06:00:00+00:00,2024,2,16,6,4,Sex,7,1,0,Inverno,Manhã,Vazio,21.32849505159832,0.154243577892068,-0.6588146147790811
2024-02-16 07:00:00+00:00,2024,2,16,7,4,Sex,7,1,0,Inverno,Manhã,Cheio,35.08,0.2710287769611716,-0.08881375642016184
2024-02-16 07:00:00+00:00,2024,2,16,7,4,Sex,7,1,0,Inverno,Manhã,Cheio,52.05102389158669,0.41515586785210906,0.6146363911623017
2024-02-16 08:00:00+00:00,2024,2,16,8,4,Sex,7,1,0,Inverno,Manhã,Cheio,24.6832739877606,0.1827341705481165,-0.5197587892245713
2024-02-16 08:00:00+00:00,2024,2,16,8,4,Sex,7,1,0,Inverno,Manhã,Cheio,16.89,0.11654948331019546,-0.8427905504112688
2024-02-16 09:00:00+00:00,2024,2,16,9,4,Sex,7,1,0,Inverno,Manhã,Ponta,30.288077290076508,0.23033318402774378,-0.2874392936318876
2024-02-16 09:00:00+00:00,2024,2,16,9,4,Sex,7,1,0,Inverno,Manhã,Ponta,35.29577221826828,0.27286123104954924,-0.07986998262344548
2024-02-16 10:00:00+00:00,2024,2,16,10,4,Sex,7,1,0,Inverno,Manhã,Ponta,41.9158430931096,0.32908244450006524,0.19453242607401247
2024-02-16 10:00:00+00:00,2024,2,16,10,4,Sex,7,1,0,Inverno,Manhã,Ponta,23.402,0.17185290058645478,-0.5728676871638753
2024-02-16 11:00:00+00:00,2024,2,16,11,4,Sex,7,1,0,Inverno,Manhã,Ponta,38.0927258753652,0.29661447048455997,0.03606394543150962
2024-02-16 11:00:00+00:00,2024,2,16,11,4,Sex,7,1,0,Inverno,Manhã,Ponta,44.35407035926125,0.3497891858874021,0.2955971197053881
2024-02-16 12:00:00+00:00,2024,2,16,12,4,Sex,7,1,0,Inverno,Tarde,Cheio,41.98321981301023,0.3296546439557425,0.1973251959069049
2024-02-16 12:00:00+00:00,2024,2,16,12,4,Sex,7,1,0,Inverno,Tarde,Cheio,31.878,0.24383566545647534,-0.22153688420243361
2024-02-16 13:00:00+00:00,2024,2,16,13,4,Sex,7,1,0,Inverno,Tarde,Cheio,81.20083619850774,0.6627118005201519,1.8228981849289239
2024-02-16 13:00:00+00:00,2024,2,16,13,4,Sex,7,1,0,Inverno,Tarde,Cheio,25.892,0.1929993239614372,-0.46965701003150273
2024-02-16 14:00:00+00:00,2024,2,16,14,4,Sex,7,1,0,Inverno,Tarde,Cheio,38.77922211193844,0.30244456689576876,0.06451926327309582
2024-02-16 14:00:00+00:00,2024,2,16,14,4,Sex,7,1,0,Inverno,Tarde,Cheio,38.77922211193844,0.30244456689576876,0.06451926327309582
2024-02-16 15:00:00+00:00,2024,2,16,15,4,Sex,7,1,0,Inverno,Tarde,Cheio,5.357474695316105,0.018609056532868512,-1.3208145446854236
2024-02-16 15:00:00+00:00,2024,2,16,15,4,Sex,7,1,0,Inverno,Tarde,Cheio,112.08601583365504,0.9250054087840919,3.103091077900215
2024-02-16 16:00:00+00:00,2024,2,16,16,4,Sex,7,1,0,Inverno,Tarde,Cheio,44.822,0.35376309684835194,0.31499283660135374
2024-02-16 16:00:00+00:00,2024,2,16,16,4,Sex,7,1,0,Inverno,Tarde,Cheio,40.50245470901114,0.3170791878079253,0.13594737700821646
2024-02-16 17:00:00+00:00,2024,2,16,17,4,Sex,7,1,0,Inverno,Tarde,Cheio,61.42979015914858,0.49480541091591135,1.0033869201347183
2024-02-16 17:00:00+00:00,2024,2,16,17,4,Sex,7,1,0,Inverno,Tarde,Cheio,45.04700277113954,0.3556739417716696,0.3243192174712219
2024-02-16 18:00:00+00:00,2024,2,16,18,4,Sex,7,1,0,Inverno,Noite,Ponta,14.947074529387178,0.10004911198986784,-0.923324949383029
2024-02-16 18:00:00+00:00,2024,2,16,18,4,Sex,7,1,0,Inverno,Noite,Ponta,111.18114619358612,0.9173207676161941,3.0655841669491948
2024-02-16 19:00:00+00:00,2024,2,16,19,4,Sex,7,1,0,Inverno,Noite,Ponta,50.905010964045,0.4054233077882538,0.5671340737912052
2024-02-16 19:00:00+00:00,2024,2,16,19,4,Sex,7,1,0,Inverno,Noite,Ponta,24.92380854886739,0.1847769198113614,-0.5097886145556677
2024-02-16 20:00:00+00:00,2024,2,16,20,4,Sex,7,1,0,Inverno,Noite,Ponta,30.842,0.23503739452616135,-0.26447915790088267
2024-02-16 20:00:00+00:00,2024,2,16,20,4,Sex,7,1,0,Inverno,Noite,Ponta,51.31268595230122,0.40888550373245347,0.5840322310554048
2024-02-16 21:00:00+00:00,2024,2,16,21,4,Sex,7,1,0,Inverno,Noite,Cheio,28.21,0.21268503054103935,-0.37357574513478
2024-02-16 21:00:00+00:00,2024,2,16,21,4,Sex,7,1,0,Inverno,Noite,Cheio,54.08838629664972,0.4324582485692719,0.6990852077850307
2024-02-16 22:00:00+00:00,2024,2,16,22,4,Sex,7,1,0,Inverno,Noite,Vazio,28.299544105331385,0.2134454873932769,-0.3698641355988504
2024-02-16 22:00:00+00:00,2024,2,16,22,4,Sex,7,1,0,Inverno,Noite,Vazio,22.111360076526672,0.16089209004572308,-0.626364803804741
2024-02-16 23:00:00+00:00,2024,2,16,23,4,Sex,7,1,0,Inverno,Noite,Vazio,28.575446696846406,0.21578860105208472,-0.35842795355353246
2024-02-16 23:00:00+00:00,2024,2,16,23,4,Sex,7,1,0,Inverno,Noite,Vazio,23.424,0.1720397364556313,-0.5719557855988503
2024-02-17 00:00:00+00:00,2024,2,17,0,5,Sã¡,7,1,1,Inverno,Madrugada,Vazio,22.626904719999985,0.1652703732985709,-0.6049954416582156
2024-02-17 00:00:00+00:00,2024,2,17,0,5,Sã¡,7,1,1,Inverno,Madrugada,Vazio,49.72,0.39535955535865874,0.5180152850328237
2024-02-17 01:00:00+00:00,2024,2,17,1,5,Sã¡,7,1,1,Inverno,Madrugada,Vazio,64.63554558710428,0.5220304155408909,1.1362657106729055
2024-02-17 01:00:00+00:00,2024,2,17,1,5,Sã¡,7,1,1,Inverno,Madrugada,Vazio,42.40151459458334,0.33320702891425286,0.2146635443595549
2024-02-17 02:00:00+00:00,2024,2,17,2,5,Sã¡,7,1,1,Inverno,Madrugada,Vazio,23.78040322598236,0.17506650493307413,-0.5571828465282472
2024-02-17 02:00:00+00:00,2024,2,17,2,5,Sã¡,7,1,1,Inverno,Madrugada,Vazio,32.74706737468402,0.251216254471115,-0.1855139796985014
2024-02-17 03:00:00+00:00,2024,2,17,3,5,Sã¡,7,1,1,Inverno,Madrugada,Vazio,25.899747803672568,0.19306512249022692,-0.46933586301811536
2024-02-17 03:00:00+00:00,2024,2,17,3,5,Sã¡,7,1,1,Inverno,Madrugada,Vazio,73.23767683449009,0.5950843550125321,1.4928246628111506
2024-02-17 04:00:00+00:00,2024,2,17,4,5,Sã¡,7,1,1,Inverno,Madrugada,Vazio,11.912750087999068,0.0742799917912132,-1.0490979133328182
2024-02-17 04:00:00+00:00,2024,2,17,4,5,Sã¡,7,1,1,Inverno,Madrugada,Vazio,21.753360223798058,0.15785176215255817,-0.6412039231675563
2024-02-17 05:00:00+00:00,2024,2,17,5,5,Sã¡,7,1,1,Inverno,Madrugada,Vazio,9.30190065024,0.052107249791539245,-1.1573178082572309
2024-02-17 05:00:00+00:00,2024,2,17,5,5,Sã¡,7,1,1,Inverno,Madrugada,Vazio,20.86590065024,0.15031497666234125,-0.6779891856231922
2024-02-17 06:00:00+00:00,2024,2,17,6,5,Sã¡,7,1,1,Inverno,Manhã,Vazio,34.088,0.26260417776921074,-0.12993222698856077
2024-02-17 06:00:00+00:00,2024,2,17,6,5,Sã¡,7,1,1,Inverno,Manhã,Vazio,16.663350518187976,0.11462465363143343,-0.8521851875556545
2024-02-17 07:00:00+00:00,2024,2,17,7,5,Sã¡,7,1,1,Inverno,Manhã,Vazio,26.80648202214004,0.2007655986638402,-0.43175166515983404
2024-02-17 07:00:00+00:00,2024,2,17,7,5,Sã¡,7,1,1,Inverno,Manhã,Vazio,30.235482846389807,0.22988652363683187,-0.2896193370641385
2024-02-17 08:00:00+00:00,2024,2,17,8,5,Sã¡,7,1,1,Inverno,Manhã,Vazio,13.35735679153262,0.08654837129452976,-0.9892188627056445
2024-02-17 08:00:00+00:00,2024,2,17,8,5,Sã¡,7,1,1,Inverno,Manhã,Vazio,28.959407327648155,0.2190494018786948,-0.34251275809280096
2024-02-17 09:00:00+00:00,2024,2,17,9,5,Sã¡,7,1,1,Inverno,Manhã,Vazio,35.29577221826828,0.27286123104954924,-0.07986998262344548
2024-02-17 09:00:00+00:00,2024,2,17,9,5,Sã¡,7,1,1,Inverno,Manhã,Vazio,26.738,0.20018401238522643,-0.43459024984917854
2024-02-17 10:00:00+00:00,2024,2,17,10,5,Sã¡,7,1,1,Inverno,Manhã,Vazio,69.934,0.5670277489738778,1.3558870230062288
2024-02-17 10:00:00+00:00,2024,2,17,10,5,Sã¡,7,1,1,Inverno,Manhã,Vazio,41.9158430931096,0.32908244450006524,0.19453242607401247
2024-02-17 11:00:00+00:00,2024,2,17,11,5,Sã¡,7,1,1,Inverno,Manhã,Vazio,22.326467229014625,0.1627188960366858,-0.6174485970319304
2024-02-17 11:00:00+00:00,2024,2,17,11,5,Sã¡,7,1,1,Inverno,Manhã,Vazio,16.819036118594674,0.11594681974371793,-0.8457320083437126
2024-02-17 12:00:00+00:00,2024,2,17,12,5,Sã¡,7,1,1,Inverno,Tarde,Vazio,59.5149634276017,0.47854366924722697,0.9240172158961154
2024-02-17 12:00:00+00:00,2024,2,17,12,5,Sã¡,7,1,1,Inverno,Tarde,Vazio,13.41427782471288,0.08703177541765073,-0.9868594818311028
2024-02-17 13:00:00+00:00,2024,2,17,13,5,Sã¡,7,1,1,Inverno,Tarde,Vazio,78.07579785205776,0.636172288898832,1.6933651231611597
2024-02-17 13:00:00+00:00,2024,2,17,13,5,Sã¡,7,1,1,Inverno,Tarde,Vazio,16.945999999999998,0.11702506552264484,-0.840469346427569
2024-02-17 14:00:00+00:00,2024,2,17,14,5,Sã¡,7,1,1,Inverno,Tarde,Vazio,38.658,0.30141508332088535,0.05949459810980974
2024-02-17 14:00:00+00:00,2024,2,17,14,5,Sã¡,7,1,1,Inverno,Tarde,Vazio,75.65599999999999,0.6156220600387972,1.5930643300549978
2024-02-17 15:00:00+00:00,2024,2,17,15,5,Sã¡,7,1,1,Inverno,Tarde,Vazio,38.433476003202486,0.29950830440758275,0.050188062470477135
2024-02-17 15:00:00+00:00,2024,2,17,15,5,Sã¡,7,1,1,Inverno,Tarde,Vazio,19.01931002562017,0.13463273282760865,-0.7545304983755229
2024-02-17 16:00:00+00:00,2024,2,17,16,5,Sã¡,7,1,1,Inverno,Tarde,Vazio,9.621083769328086,0.05481792504068948,-1.1440876452651407
2024-02-17 16:00:00+00:00,2024,2,17,16,5,Sã¡,7,1,1,Inverno,Tarde,Vazio,75.35490013272634,0.6130649575201146,1.5805837191370136
2024-02-17 17:00:00+00:00,2024,2,17,17,5,Sã¡,7,1,1,Inverno,Tarde,Vazio,24.119851267226515,0.1779492808342618,-0.5431127010711924
2024-02-17 17:00:00+00:00,2024,2,17,17,5,Sã¡,7,1,1,Inverno,Tarde,Vazio,40.45687124749072,0.3166920684600506,0.13405793928550153
2024-02-17 18:00:00+00:00,2024,2,17,18,5,Sã¡,7,1,1,Inverno,Noite,Vazio,49.807440555999904,0.3961021477350916,0.5216397022993222
2024-02-17 18:00:00+00:00,2024,2,17,18,5,Sã¡,7,1,1,Inverno,Noite,Vazio,15.7297959222533,0.1066964043425598,-0.8908810919678859
2024-02-17 19:00:00+00:00,2024,2,17,19,5,Sã¡,7,1,1,Inverno,Noite,Vazio,51.56533330102811,0.4110311213231143,0.5945044816328349
2024-02-17 19:00:00+00:00,2024,2,17,19,5,Sã¡,7,1,1,Inverno,Noite,Vazio,51.235172132536555,0.40822721455568406,0.58081927771202
2024-02-17 20:00:00+00:00,2024,2,17,20,5,Sã¡,7,1,1,Inverno,Noite,Vazio,29.466,0.22335166016311886,-0.3215144557860812
2024-02-17 20:00:00+00:00,2024,2,17,20,5,Sã¡,7,1,1,Inverno,Noite,Vazio,11.39979033848762,0.06992366085246057,-1.0703601314407414
2024-02-17 21:00:00+00:00,2024,2,17,21,5,Sã¡,7,1,1,Inverno,Noite,Vazio,33.834,0.2604470727341724,-0.14046054505748543
2024-02-17 21:00:00+00:00,2024,2,17,21,5,Sã¡,7,1,1,Inverno,Noite,Vazio,27.81931533204887,0.2093671255632847,-0.38976965241368455
2024-02-17 22:00:00+00:00,2024,2,17,22,5,Sã¡,7,1,1,Inverno,Noite,Vazio,108.438,0.8940244901908754,2.9518805620844906
2024-02-17 22:00:00+00:00,2024,2,17,22,5,Sã¡,7,1,1,Inverno,Noite,Vazio,93.65870991904411,0.7685107852777944,2.339277936867136
2024-02-17 23:00:00+00:00,2024,2,17,23,5,Sã¡,7,1,1,Inverno,Noite,Vazio,37.002,0.2873514378955958,-0.009146719693888574
2024-02-17 23:00:00+00:00,2024,2,17,23,5,Sã¡,7,1,1,Inverno,Noite,Vazio,23.846365972021378,0.17562669615986828,-0.5544486860125053
2024-02-18 00:00:00+00:00,2024,2,18,0,6,Dom,7,1,1,Inverno,Madrugada,Vazio,14.878,0.099462493820049,-0.9261880935399168
2024-02-18 00:00:00+00:00,2024,2,18,0,6,Dom,7,1,1,Inverno,Madrugada,Vazio,11.768,0.073050695950091,-1.0550978147775387
2024-02-18 01:00:00+00:00,2024,2,18,1,6,Dom,7,1,1,Inverno,Madrugada,Vazio,13.668,0.08918652101533865,-0.9763426796162907
2024-02-18 01:00:00+00:00,2024,2,18,1,6,Dom,7,1,1,Inverno,Madrugada,Vazio,44.49250705380247,0.35096486498515383,0.30133533054216183
2024-02-18 02:00:00+00:00,2024,2,18,2,6,Dom,7,1,1,Inverno,Madrugada,Vazio,11.028,0.06676621671415243,-1.085770867419288
2024-02-18 02:00:00+00:00,2024,2,18,2,6,Dom,7,1,1,Inverno,Madrugada,Vazio,11.32096626879901,0.06925424432644672,-1.0736273947366815
2024-02-18 03:00:00+00:00,2024,2,18,3,6,Dom,7,1,1,Inverno,Madrugada,Vazio,11.682,0.07232033755240083,-1.0586625208953635
2024-02-18 03:00:00+00:00,2024,2,18,3,6,Dom,7,1,1,Inverno,Madrugada,Vazio,11.14508883555282,0.06776059827603341,-1.0809175268562168
2024-02-18 04:00:00+00:00,2024,2,18,4,6,Dom,7,1,1,Inverno,Madrugada,Vazio,44.446715224353824,0.35057597606441643,0.2994372559539992
2024-02-18 04:00:00+00:00,2024,2,18,4,6,Dom,7,1,1,Inverno,Madrugada,Vazio,25.908316491575125,0.1931378924107713,-0.4689806902949994
2024-02-18 05:00:00+00:00,2024,2,18,5,6,Dom,7,1,1,Inverno,Madrugada,Vazio,26.638880912414912,0.19934223961791067,-0.4386987430806644
2024-02-18 05:00:00+00:00,2024,2,18,5,6,Dom,7,1,1,Inverno,Madrugada,Vazio,118.45765625766236,0.9791168168159038,3.3671960267378833
2024-02-18 06:00:00+00:00,2024,2,18,6,6,Dom,7,1,1,Inverno,Manhã,Vazio,10.151808163079096,0.05932512292249259,-1.1220890813897555
2024-02-18 06:00:00+00:00,2024,2,18,6,6,Dom,7,1,1,Inverno,Manhã,Vazio,63.74322918532566,0.5144523832451273,1.0992791323420248
2024-02-18 07:00:00+00:00,2024,2,18,7,6,Dom,7,1,1,Inverno,Manhã,Vazio,23.19250270374085,0.17007373652114952,-0.5815513649969307
2024-02-18 07:00:00+00:00,2024,2,18,7,6,Dom,7,1,1,Inverno,Manhã,Vazio,9.49077453451986,0.053711268715820104,-1.149488972317815
2024-02-18 08:00:00+00:00,2024,2,18,8,6,Dom,7,1,1,Inverno,Manhã,Vazio,14.834,0.0990888220816959,-0.9280118966699669
2024-02-18 08:00:00+00:00,2024,2,18,8,6,Dom,7,1,1,Inverno,Manhã,Vazio,17.25,0.11960679753308448,-0.8278685248017692
2024-02-18 09:00:00+00:00,2024,2,18,9,6,Dom,7,1,1,Inverno,Manhã,Vazio,49.9670497997362,0.39745763554336816,0.5282555168063943
2024-02-18 09:00:00+00:00,2024,2,18,9,6,Dom,7,1,1,Inverno,Manhã,Vazio,46.977909139071954,0.3720722403876328,0.4043554237818704
2024-02-18 10:00:00+00:00,2024,2,18,10,6,Dom,7,1,1,Inverno,Manhã,Vazio,36.964667642403526,0.28703439137378006,-0.010694148571993061
2024-02-18 10:00:00+00:00,2024,2,18,10,6,Dom,7,1,1,Inverno,Manhã,Vazio,19.46,0.13837530984581992,-0.7362638675878963
2024-02-18 11:00:00+00:00,2024,2,18,11,6,Dom,7,1,1,Inverno,Manhã,Vazio,13.63888271644498,0.08893924133438126,-0.9775495930909769
2024-02-18 11:00:00+00:00,2024,2,18,11,6,Dom,7,1,1,Inverno,Manhã,Vazio,90.50796901048446,0.7417529936323006,2.2086795020715098
2024-02-18 12:00:00+00:00,2024,2,18,12,6,Dom,7,1,1,Inverno,Tarde,Vazio,43.40920110821426,0.3417648464429675,0.256432222033855
2024-02-18 12:00:00+00:00,2024,2,18,12,6,Dom,7,1,1,Inverno,Tarde,Vazio,59.89366326411496,0.48175979257049845,0.9397143510593494
2024-02-18 13:00:00+00:00,2024,2,18,13,6,Dom,7,1,1,Inverno,Tarde,Vazio,16.727999999999998,0.11517369190989538,-0.8495054619355438
2024-02-18 13:00:00+00:00,2024,2,18,13,6,Dom,7,1,1,Inverno,Tarde,Vazio,66.2813943224896,0.536007850950384,1.2044862578361901
2024-02-18 14:00:00+00:00,2024,2,18,14,6,Dom,7,1,1,Inverno,Tarde,Vazio,38.77922211193844,0.30244456689576876,0.06451926327309582
2024-02-18 14:00:00+00:00,2024,2,18,14,6,Dom,7,1,1,Inverno,Tarde,Vazio,40.7118552075294,0.31885752981459187,0.14462704256802625
2024-02-18 15:00:00+00:00,2024,2,18,15,6,Dom,7,1,1,Inverno,Tarde,Vazio,24.908,0.18464266508554056,-0.5104438800308017
2024-02-18 15:00:00+00:00,2024,2,18,15,6,Dom,7,1,1,Inverno,Tarde,Vazio,25.248,0.18753012851826908,-0.49635085584405203
2024-02-18 16:00:00+00:00,2024,2,18,16,6,Dom,7,1,1,Inverno,Tarde,Vazio,24.574183250173,0.18180771314919422,-0.5242806080580196
2024-02-18 16:00:00+00:00,2024,2,18,16,6,Dom,7,1,1,Inverno,Tarde,Vazio,33.654,0.2589184156227279,-0.14792155786223524
2024-02-18 17:00:00+00:00,2024,2,18,17,6,Dom,7,1,1,Inverno,Tarde,Vazio,29.28558747628904,0.22181949967776102,-0.3289925677279962
2024-02-18 17:00:00+00:00,2024,2,18,17,6,Dom,7,1,1,Inverno,Tarde,Vazio,94.39904981404776,0.77479815108548,2.3699650781809654
2024-02-18 18:00:00+00:00,2024,2,18,18,6,Dom,7,1,1,Inverno,Noite,Vazio,52.474,0.4187480091637598,0.6321687809454959
2024-02-18 18:00:00+00:00,2024,2,18,18,6,Dom,7,1,1,Inverno,Noite,Vazio,22.951020278698397,0.16802293748598277,-0.5915608286933962
2024-02-18 19:00:00+00:00,2024,2,18,19,6,Dom,7,1,1,Inverno,Noite,Vazio,14.524165061915056,0.09645753662904301,-0.9408545768944703
2024-02-18 19:00:00+00:00,2024,2,18,19,6,Dom,7,1,1,Inverno,Noite,Vazio,22.964,0.16813316828193978,-0.5910228183220999
2024-02-18 20:00:00+00:00,2024,2,18,20,6,Dom,7,1,1,Inverno,Noite,Vazio,51.31268595230122,0.40888550373245347,0.5840322310554048
2024-02-18 20:00:00+00:00,2024,2,18,20,6,Dom,7,1,1,Inverno,Noite,Vazio,27.334,0.20524556593200938,-0.40988600745122916
2024-02-18 21:00:00+00:00,2024,2,18,21,6,Dom,7,1,1,Inverno,Noite,Vazio,31.44590822732362,0.2401661090059286,-0.2394471189177976
2024-02-18 21:00:00+00:00,2024,2,18,21,6,Dom,7,1,1,Inverno,Noite,Vazio,33.846000000000004,0.26054898320826875,-0.1399631442038354
2024-02-18 22:00:00+00:00,2024,2,18,22,6,Dom,7,1,1,Inverno,Noite,Vazio,19.85645685347323,0.14174223533716862,-0.7198307028084819
2024-02-18 22:00:00+00:00,2024,2,18,22,6,Dom,7,1,1,Inverno,Noite,Vazio,57.28244499340945,0.459583918242455,0.8314791679830686
2024-02-18 23:00:00+00:00,2024,2,18,23,6,Dom,7,1,1,Inverno,Noite,Vazio,61.39028867024514,0.49446994296077307,1.0017495806096337
2024-02-18 23:00:00+00:00,2024,2,18,23,6,Dom,7,1,1,Inverno,Noite,Vazio,101.38241509411816,0.8341046566254484,2.6594260658190247
2024-02-19 00:00:00+00:00,2024,2,19,0,0,Seg,8,1,0,Inverno,Madrugada,Vazio,12.35,0.07799335394376158,-1.0309738733755143
2024-02-19 00:00:00+00:00,2024,2,19,0,0,Seg,8,1,0,Inverno,Madrugada,Vazio,11.61394781231693,0.07174240165989483,-1.0614832889158894
2024-02-19 01:00:00+00:00,2024,2,19,1,0,Seg,8,1,0,Inverno,Madrugada,Vazio,12.388000000000002,0.07831607044506657,-1.0293987706722894
2024-02-19 01:00:00+00:00,2024,2,19,1,0,Seg,8,1,0,Inverno,Madrugada,Vazio,29.829247642099446,0.22643655511484534,-0.3064578151805304
2024-02-19 02:00:00+00:00,2024,2,19,2,0,Seg,8,1,0,Inverno,Madrugada,Vazio,22.971160009395533,0.16819397494460916,-0.5907260354233098
2024-02-19 02:00:00+00:00,2024,2,19,2,0,Seg,8,1,0,Inverno,Madrugada,Vazio,24.45962010672416,0.1808347811272914,-0.5290292585037095
2024-02-19 03:00:00+00:00,2024,2,19,3,0,Seg,8,1,0,Inverno,Madrugada,Vazio,5.139123043912552,0.01675469650668132,-1.3298652361690912
2024-02-19 03:00:00+00:00,2024,2,19,3,0,Seg,8,1,0,Inverno,Madrugada,Vazio,10.86519570180471,0.06538359477965264,-1.0925191171609734
2024-02-19 04:00:00+00:00,2024,2,19,4,0,Seg,8,1,0,Inverno,Madrugada,Vazio,19.17683964176633,0.1359705593164139,-0.7480008845800018
2024-02-19 04:00:00+00:00,2024,2,19,4,0,Seg,8,1,0,Inverno,Madrugada,Vazio,11.53,0.07102947154718102,-1.0649629317082634
2024-02-19 05:00:00+00:00,2024,2,19,5,0,Seg,8,1,0,Inverno,Madrugada,Vazio,55.034,0.44048891030430404,0.7382809630574935
2024-02-19 05:00:00+00:00,2024,2,19,5,0,Seg,8,1,0,Inverno,Madrugada,Vazio,8.183916722714196,0.042612727117689306,-1.203658321583756
2024-02-19 06:00:00+00:00,2024,2,19,6,0,Seg,8,1,0,Inverno,Manhã,Vazio,19.060909773438947,0.13498602032948348,-0.7528061858691326
2024-02-19 06:00:00+00:00,2024,2,19,6,0,Seg,8,1,0,Inverno,Manhã,Vazio,6.832,0.031131520938479207,-1.2596953659122339
2024-02-19 07:00:00+00:00,2024,2,19,7,0,Seg,8,1,0,Inverno,Manhã,Cheio,13.442,0.08726720708652498,-0.9857103956933654
2024-02-19 07:00:00+00:00,2024,2,19,7,0,Seg,8,1,0,Inverno,Manhã,Cheio,15.886,0.10802297364413826,-0.8844064218333179
2024-02-19 08:00:00+00:00,2024,2,19,8,0,Seg,8,1,0,Inverno,Manhã,Cheio,7.206720215082768,0.03431384716952527,-1.2441631863403941
2024-02-19 08:00:00+00:00,2024,2,19,8,0,Seg,8,1,0,Inverno,Manhã,Cheio,29.480991512155363,0.2234789761723833,-0.32089305654078276
2024-02-19 09:00:00+00:00,2024,2,19,9,0,Seg,8,1,0,Inverno,Manhã,Ponta,23.088,0.1691862431809349,-0.5858830095010499
2024-02-19 09:00:00+00:00,2024,2,19,9,0,Seg,8,1,0,Inverno,Manhã,Ponta,17.944,0.12550061995165387,-0.799102175432345
2024-02-19 10:00:00+00:00,2024,2,19,10,0,Seg,8,1,0,Inverno,Manhã,Ponta,60.318087744776,0.48536423424068537,0.9573067759752455
2024-02-19 10:00:00+00:00,2024,2,19,10,0,Seg,8,1,0,Inverno,Manhã,Ponta,31.680000000000003,0.2421541426338864,-0.2297439982876583
2024-02-19 11:00:00+00:00,2024,2,19,11,0,Seg,8,1,0,Inverno,Manhã,Ponta,15.713372890638349,0.10655693109772828,-0.8915618277966192
2024-02-19 11:00:00+00:00,2024,2,19,11,0,Seg,8,1,0,Inverno,Manhã,Ponta,42.01361532962974,0.32991277908150046,0.19858509223304446
2024-02-19 12:00:00+00:00,2024,2,19,12,0,Seg,8,1,0,Inverno,Tarde,Cheio,34.370000000000005,0.2649990739104739,-0.1182433069277859
2024-02-19 12:00:00+00:00,2024,2,19,12,0,Seg,8,1,0,Inverno,Tarde,Cheio,37.252,0.2894745727726021,0.0012157980904861795
2024-02-19 13:00:00+00:00,2024,2,19,13,0,Seg,8,1,0,Inverno,Tarde,Cheio,41.10756750432514,0.32221813212894096,0.16102934542019265
2024-02-19 13:00:00+00:00,2024,2,19,13,0,Seg,8,1,0,Inverno,Tarde,Cheio,15.441485854233528,0.10424791969934048,-0.9028315647969628
2024-02-19 14:00:00+00:00,2024,2,19,14,0,Seg,8,1,0,Inverno,Tarde,Cheio,15.010004817503017,0.10058354994794301,-0.9207164844639242
2024-02-19 14:00:00+00:00,2024,2,19,14,0,Seg,8,1,0,Inverno,Tarde,Cheio,95.93498748906588,0.7878421624724355,2.4336298040732314
2024-02-19 15:00:00+00:00,2024,2,19,15,0,Seg,8,1,0,Inverno,Tarde,Cheio,15.86,0.10780216761692962,-0.8854841236828929
2024-02-19 15:00:00+00:00,2024,2,19,15,0,Seg,8,1,0,Inverno,Tarde,Cheio,90.5396022972158,0.7420216405696353,2.2099907040568367
2024-02-19 16:00:00+00:00,2024,2,19,16,0,Seg,8,1,0,Inverno,Tarde,Cheio,75.44532097591006,0.6138328601032014,1.5843316695192915
2024-02-19 16:00:00+00:00,2024,2,19,16,0,Seg,8,1,0,Inverno,Tarde,Cheio,12.782,0.08166213101122843,-1.0130674426441149
2024-02-19 17:00:00+00:00,2024,2,19,17,0,Seg,8,1,0,Inverno,Tarde,Cheio,11.07504292547897,0.06716573061735567,-1.0838209348116687
2024-02-19 17:00:00+00:00,2024,2,19,17,0,Seg,8,1,0,Inverno,Tarde,Cheio,16.108,0.10990831741491985,-0.875204506040793
2024-02-19 18:00:00+00:00,2024,2,19,18,0,Seg,8,1,0,Inverno,Noite,Ponta,57.389374023376114,0.4604920172540017,0.8359113838818507
2024-02-19 18:00:00+00:00,2024,2,19,18,0,Seg,8,1,0,Inverno,Noite,Ponta,51.38165517493487,0.40947122758050747,0.5868910102398676
2024-02-19 19:00:00+00:00,2024,2,19,19,0,Seg,8,1,0,Inverno,Noite,Ponta,91.62164387277532,0.7512109213994003,2.2548414043375105
2024-02-19 19:00:00+00:00,2024,2,19,19,0,Seg,8,1,0,Inverno,Noite,Ponta,64.40754988734676,0.5200941530530404,1.1268152726989127
2024-02-19 20:00:00+00:00,2024,2,19,20,0,Seg,8,1,0,Inverno,Noite,Ponta,107.66221959778204,0.8874361444754878,2.9197244092254793
2024-02-19 20:00:00+00:00,2024,2,19,20,0,Seg,8,1,0,Inverno,Noite,Ponta,40.92563811802117,0.3206730896280838,0.15348835941589153
2024-02-19 21:00:00+00:00,2024,2,19,21,0,Seg,8,1,0,Inverno,Noite,Cheio,11.091902063503213,0.0673089075130978,-1.0831221223412468
2024-02-19 21:00:00+00:00,2024,2,19,21,0,Seg,8,1,0,Inverno,Noite,Cheio,105.7,0.8707719170179028,2.8383902673100185
2024-02-19 22:00:00+00:00,2024,2,19,22,0,Seg,8,1,0,Inverno,Noite,Vazio,18.032,0.1262479634283601,-0.795454569172245
2024-02-19 22:00:00+00:00,2024,2,19,22,0,Seg,8,1,0,Inverno,Noite,Vazio,98.82893732405614,0.812419145780333,2.553584230601931
2024-02-19 23:00:00+00:00,2024,2,19,23,0,Seg,8,1,0,Inverno,Noite,Vazio,15.164,0.10189136011934416,-0.9143333731945921
2024-02-19 23:00:00+00:00,2024,2,19,23,0,Seg,8,1,0,Inverno,Noite,Vazio,26.319894241245887,0.19663323271047434,-0.45192076329253456
2024-02-20 00:00:00+00:00,2024,2,20,0,1,Ter,8,1,0,Inverno,Madrugada,Vazio,41.116,0.322289745431611,0.16137887296578224
2024-02-20 00:00:00+00:00,2024,2,20,0,1,Ter,8,1,0,Inverno,Madrugada,Vazio,59.48509073586109,0.47828997423240877,0.9227789906983986
2024-02-20 01:00:00+00:00,2024,2,20,1,1,Ter,8,1,0,Inverno,Madrugada,Vazio,7.944766579297555,0.040581735076373616,-1.2135711120409187
2024-02-20 01:00:00+00:00,2024,2,20,1,1,Ter,8,1,0,Inverno,Madrugada,Vazio,19.92060353291128,0.14228700354660487,-0.7171718183825405
2024-02-20 02:00:00+00:00,2024,2,20,2,1,Ter,8,1,0,Inverno,Madrugada,Vazio,23.10118634524056,0.1692982287388568,-0.5853364345527852
2024-02-20 02:00:00+00:00,2024,2,20,2,1,Ter,8,1,0,Inverno,Madrugada,Vazio,15.7899230424344,0.10720703628620157,-0.8883888185590864
2024-02-20 03:00:00+00:00,2024,2,20,3,1,Ter,8,1,0,Inverno,Madrugada,Vazio,21.307626312272568,0.15406634929886137,-0.6596796255086834
2024-02-20 03:00:00+00:00,2024,2,20,3,1,Ter,8,1,0,Inverno,Madrugada,Vazio,21.307626312272568,0.15406634929886137,-0.6596796255086834
2024-02-20 04:00:00+00:00,2024,2,20,4,1,Ter,8,1,0,Inverno,Madrugada,Vazio,14.561286269101616,0.09677278994766043,-0.9393159002158776
2024-02-20 04:00:00+00:00,2024,2,20,4,1,Ter,8,1,0,Inverno,Madrugada,Vazio,14.565843695384563,0.09681149407042328,-0.9391269945722455
2024-02-20 05:00:00+00:00,2024,2,20,5,1,Ter,8,1,0,Inverno,Madrugada,Vazio,7.413716583952735,0.0360717720101712,-1.2355831721255301
2024-02-20 05:00:00+00:00,2024,2,20,5,1,Ter,8,1,0,Inverno,Madrugada,Vazio,28.42,0.21446846383772464,-0.3648712301959051
2024-02-20 06:00:00+00:00,2024,2,20,6,1,Ter,8,1,0,Inverno,Manhã,Vazio,13.00324353772411,0.08354105049624568,-1.0038968822667385
2024-02-20 06:00:00+00:00,2024,2,20,6,1,Ter,8,1,0,Inverno,Manhã,Vazio,12.025430769065014,0.07523693692695692,-1.0444272910868129
2024-02-20 07:00:00+00:00,2024,2,20,7,1,Ter,8,1,0,Inverno,Manhã,Cheio,19.99444783316184,0.14291412918392524,-0.714110966884056
2024-02-20 07:00:00+00:00,2024,2,20,7,1,Ter,8,1,0,Inverno,Manhã,Cheio,35.63707184646553,0.27575973162608863,-0.06572308875546759
2024-02-20 08:00:00+00:00,2024,2,20,8,1,Ter,8,1,0,Inverno,Manhã,Cheio,15.782245557325,0.1071418349405877,-0.8887070508630283
2024-02-20 08:00:00+00:00,2024,2,20,8,1,Ter,8,1,0,Inverno,Manhã,Cheio,45.18679371510786,0.3568611218861847,0.330113562043087
2024-02-20 09:00:00+00:00,2024,2,20,9,1,Ter,8,1,0,Inverno,Manhã,Ponta,12.807999999999998,0.08188293703843705,-1.0119897407945397
2024-02-20 09:00:00+00:00,2024,2,20,9,1,Ter,8,1,0,Inverno,Manhã,Ponta,37.05624599401458,0.28781212414291674,-0.00689821938305993
2024-02-20 10:00:00+00:00,2024,2,20,10,1,Ter,8,1,0,Inverno,Manhã,Ponta,15.528926720741786,0.10499051471277783,-0.8992071346598708
2024-02-20 10:00:00+00:00,2024,2,20,10,1,Ter,8,1,0,Inverno,Manhã,Ponta,47.54410533000091,0.3768806839083903,0.4278242961736566
2024-02-20 11:00:00+00:00,2024,2,20,11,1,Ter,8,1,0,Inverno,Manhã,Ponta,36.7933136688856,0.28557916098382197,-0.01779678296400413
2024-02-20 11:00:00+00:00,2024,2,20,11,1,Ter,8,1,0,Inverno,Manhã,Ponta,32.626,0.25018808500847806,-0.19053223099158445
2024-02-20 12:00:00+00:00,2024,2,20,12,1,Ter,8,1,0,Inverno,Tarde,Cheio,23.06717624042144,0.16900939658000835,-0.5867461558169315
2024-02-20 12:00:00+00:00,2024,2,20,12,1,Ter,8,1,0,Inverno,Tarde,Cheio,41.98321981301023,0.3296546439557425,0.1973251959069049
2024-02-20 13:00:00+00:00,2024,2,20,13,1,Ter,8,1,0,Inverno,Tarde,Cheio,15.173536054171745,0.10197234543614839,-0.9139381030708023
2024-02-20 13:00:00+00:00,2024,2,20,13,1,Ter,8,1,0,Inverno,Tarde,Cheio,56.61004893858264,0.45387356818179814,0.8036083036779239
2024-02-20 14:00:00+00:00,2024,2,20,14,1,Ter,8,1,0,Inverno,Tarde,Cheio,15.31073671249192,0.10313752744745952,-0.9082511260233193
2024-02-20 14:00:00+00:00,2024,2,20,14,1,Ter,8,1,0,Inverno,Tarde,Cheio,97.8211801275508,0.8038607279745148,2.5118126231174585
2024-02-20 15:00:00+00:00,2024,2,20,15,1,Ter,8,1,0,Inverno,Tarde,Cheio,44.93399154679216,0.35471418948404915,0.3196348941826871
2024-02-20 15:00:00+00:00,2024,2,20,15,1,Ter,8,1,0,Inverno,Tarde,Cheio,40.50227094354452,0.3170776271724398,0.13593975991655233
2024-02-20 16:00:00+00:00,2024,2,20,16,1,Ter,8,1,0,Inverno,Tarde,Cheio,14.73,0.0982055979728613,-0.9323227040682667
2024-02-20 16:00:00+00:00,2024,2,20,16,1,Ter,8,1,0,Inverno,Tarde,Cheio,19.624,0.13976808632513602,-0.7294660559213466
2024-02-20 17:00:00+00:00,2024,2,20,17,1,Ter,8,1,0,Inverno,Tarde,Cheio,28.423148317587653,0.21449520104922157,-0.3647407322079335
2024-02-20 17:00:00+00:00,2024,2,20,17,1,Ter,8,1,0,Inverno,Tarde,Cheio,65.00958706948613,0.5252069776076591,1.151769756726009
2024-02-20 18:00:00+00:00,2024,2,20,18,1,Ter,8,1,0,Inverno,Noite,Ponta,37.564,0.2921242450991059,0.014148220285385772
2024-02-20 18:00:00+00:00,2024,2,20,18,1,Ter,8,1,0,Inverno,Noite,Ponta,49.807440555999904,0.3961021477350916,0.5216397022993222
2024-02-20 19:00:00+00:00,2024,2,20,19,1,Ter,8,1,0,Inverno,Noite,Ponta,31.082,0.2370756040080874,-0.2545311408278828
2024-02-20 19:00:00+00:00,2024,2,20,19,1,Ter,8,1,0,Inverno,Noite,Ponta,35.398,0.2737294045247236,-0.07563263379843696
2024-02-20 20:00:00+00:00,2024,2,20,20,1,Ter,8,1,0,Inverno,Noite,Ponta,51.31268595230122,0.40888550373245347,0.5840322310554048
2024-02-20 20:00:00+00:00,2024,2,20,20,1,Ter,8,1,0,Inverno,Noite,Ponta,57.992,0.46560984216904217,0.8608902734822155
2024-02-20 21:00:00+00:00,2024,2,20,21,1,Ter,8,1,0,Inverno,Noite,Cheio,30.864,0.2352242303953379,-0.2635672563358576
2024-02-20 21:00:00+00:00,2024,2,20,21,1,Ter,8,1,0,Inverno,Noite,Cheio,42.03317471740486,0.3300788879549335,0.19939583024772933
2024-02-20 22:00:00+00:00,2024,2,20,22,1,Ter,8,1,0,Inverno,Noite,Vazio,27.44172126015861,0.2061603929897606,-0.40542095355463376
2024-02-20 22:00:00+00:00,2024,2,20,22,1,Ter,8,1,0,Inverno,Noite,Vazio,23.17555097006313,0.16992977325316197,-0.5822540155637761
2024-02-20 23:00:00+00:00,2024,2,20,23,1,Ter,8,1,0,Inverno,Noite,Vazio,15.817639805184983,0.10744242198889545,-0.8872399567713737
2024-02-20 23:00:00+00:00,2024,2,20,23,1,Ter,8,1,0,Inverno,Noite,Vazio,32.616,0.25010315961339785,-0.19094673170295937
2024-02-21 00:00:00+00:00,2024,2,21,0,2,Qua,8,1,0,Inverno,Madrugada,Vazio,17.482,0.1215770666989463,-0.8182521082978694
2024-02-21 00:00:00+00:00,2024,2,21,0,2,Qua,8,1,0,Inverno,Madrugada,Vazio,22.37661269124741,0.16314475835584588,-0.6153700640551588
2024-02-21 01:00:00+00:00,2024,2,21,1,2,Qua,8,1,0,Inverno,Madrugada,Vazio,20.19,0.14457486368667824,-0.706005315657522
2024-02-21 01:00:00+00:00,2024,2,21,1,2,Qua,8,1,0,Inverno,Madrugada,Vazio,23.96703713345538,0.17665150076582584,-0.5494468577868212
2024-02-21 02:00:00+00:00,2024,2,21,2,2,Qua,8,1,0,Inverno,Madrugada,Vazio,31.965997555328,0.24458298817170798,-0.21788937927416208
2024-02-21 02:00:00+00:00,2024,2,21,2,2,Qua,8,1,0,Inverno,Madrugada,Vazio,22.206678085859046,0.16170158200580456,-0.6224138655372293
2024-02-21 03:00:00+00:00,2024,2,21,3,2,Qua,8,1,0,Inverno,Madrugada,Vazio,6.688,0.029908595249323593,-1.2656641761560339
2024-02-21 03:00:00+00:00,2024,2,21,3,2,Qua,8,1,0,Inverno,Madrugada,Vazio,10.990000000000002,0.0664435002128475,-1.087345970122513
2024-02-21 04:00:00+00:00,2024,2,21,4,2,Qua,8,1,0,Inverno,Madrugada,Vazio,21.004,0.15148779084621064,-0.6722649577515979
2024-02-21 04:00:00+00:00,2024,2,21,4,2,Qua,8,1,0,Inverno,Madrugada,Vazio,21.315627739335564,0.15413430173431444,-0.6593479657877207
2024-02-21 05:00:00+00:00,2024,2,21,5,2,Qua,8,1,0,Inverno,Madrugada,Vazio,29.24228848213668,0.22145178125926435,-0.33078731411579376
2024-02-21 05:00:00+00:00,2024,2,21,5,2,Qua,8,1,0,Inverno,Madrugada,Vazio,16.304000000000002,0.11157285515849277,-0.8670802920978432
2024-02-21 06:00:00+00:00,2024,2,21,6,2,Qua,8,1,0,Inverno,Manhã,Vazio,18.588,0.13096981539482205,-0.7724083296197954
2024-02-21 06:00:00+00:00,2024,2,21,6,2,Qua,8,1,0,Inverno,Manhã,Vazio,18.684,0.13178509918759246,-0.7684291227905956
2024-02-21 07:00:00+00:00,2024,2,21,7,2,Qua,8,1,0,Inverno,Manhã,Cheio,9.38200202859106,0.05278751391183288,-1.1539976004263677
2024-02-21 07:00:00+00:00,2024,2,21,7,2,Qua,8,1,0,Inverno,Manhã,Cheio,47.00104006695058,0.3722686807064993,0.40531420238791577
2024-02-21 08:00:00+00:00,2024,2,21,8,2,Qua,8,1,0,Inverno,Manhã,Cheio,31.028,0.236617006874654,-0.25676944466930784
2024-02-21 08:00:00+00:00,2024,2,21,8,2,Qua,8,1,0,Inverno,Manhã,Cheio,15.574,0.10537330131763444,-0.8973388440282176
2024-02-21 09:00:00+00:00,2024,2,21,9,2,Qua,8,1,0,Inverno,Manhã,Ponta,29.895392916268595,0.226998296468996,-0.30371608886080986
2024-02-21 09:00:00+00:00,2024,2,21,9,2,Qua,8,1,0,Inverno,Manhã,Ponta,69.32789755086776,0.5618803999787114,1.330764033373085
2024-02-21 10:00:00+00:00,2024,2,21,10,2,Qua,8,1,0,Inverno,Manhã,Ponta,60.05948672995402,0.4831680549054943,0.9465877455146449
2024-02-21 10:00:00+00:00,2024,2,21,10,2,Qua,8,1,0,Inverno,Manhã,Ponta,24.032,0.17720320047651056,-0.5467541423472508
2024-02-21 11:00:00+00:00,2024,2,21,11,2,Qua,8,1,0,Inverno,Manhã,Ponta,36.7933136688856,0.28557916098382197,-0.01779678296400413
2024-02-21 11:00:00+00:00,2024,2,21,11,2,Qua,8,1,0,Inverno,Manhã,Ponta,15.732918563234952,0.10672292349446585,-0.8907516582770596
2024-02-21 12:00:00+00:00,2024,2,21,12,2,Qua,8,1,0,Inverno,Tarde,Cheio,22.36079758165805,0.1630104479128345,-0.616025601472685
2024-02-21 12:00:00+00:00,2024,2,21,12,2,Qua,8,1,0,Inverno,Tarde,Cheio,75.26440032668899,0.6122963843418737,1.5768324957388353
2024-02-21 13:00:00+00:00,2024,2,21,13,2,Qua,8,1,0,Inverno,Tarde,Cheio,25.272,0.18773394946646166,-0.49535605413675216
2024-02-21 13:00:00+00:00,2024,2,21,13,2,Qua,8,1,0,Inverno,Tarde,Cheio,19.32946969696895,0.13726677609033422,-0.7416743579341327
2024-02-21 14:00:00+00:00,2024,2,21,14,2,Qua,8,1,0,Inverno,Tarde,Cheio,65.61752944664444,0.5303699522642787,1.176969011506721
2024-02-21 14:00:00+00:00,2024,2,21,14,2,Qua,8,1,0,Inverno,Tarde,Cheio,38.90044422387688,0.30347405047065223,0.06954392843638217
2024-02-21 15:00:00+00:00,2024,2,21,15,2,Qua,8,1,0,Inverno,Tarde,Cheio,47.69197774995992,0.37813649627703944,0.43395361850023156
2024-02-21 15:00:00+00:00,2024,2,21,15,2,Qua,8,1,0,Inverno,Tarde,Cheio,31.112,0.2373303801933281,-0.2532876386937579
2024-02-21 16:00:00+00:00,2024,2,21,16,2,Qua,8,1,0,Inverno,Tarde,Cheio,46.03258130535804,0.3640440064117817,0.3651715178261709
2024-02-21 16:00:00+00:00,2024,2,21,16,2,Qua,8,1,0,Inverno,Tarde,Cheio,25.674,0.19114795034868776,-0.4786931255394775
2024-02-21 17:00:00+00:00,2024,2,21,17,2,Qua,8,1,0,Inverno,Tarde,Cheio,23.974,0.17671063318504512,-0.5491582464732259
2024-02-21 17:00:00+00:00,2024,2,21,17,2,Qua,8,1,0,Inverno,Tarde,Cheio,16.044,0.10936479488640624,-0.877857310593593
2024-02-21 18:00:00+00:00,2024,2,21,18,2,Qua,8,1,0,Inverno,Noite,Ponta,72.74199999999999,0.5908747999124121,1.4722788227603256
2024-02-21 18:00:00+00:00,2024,2,21,18,2,Qua,8,1,0,Inverno,Noite,Ponta,25.613338302292117,0.19063277848427967,-0.4812075572247907
2024-02-21 19:00:00+00:00,2024,2,21,19,2,Qua,8,1,0,Inverno,Noite,Ponta,82.30798132935725,0.6721142742850089,1.8687894293621714
2024-02-21 19:00:00+00:00,2024,2,21,19,2,Qua,8,1,0,Inverno,Noite,Ponta,24.858,0.1842180381101393,-0.5125163835876767
2024-02-21 20:00:00+00:00,2024,2,21,20,2,Qua,8,1,0,Inverno,Noite,Ponta,52.43579315421197,0.41842353601642795,0.6305851044696428
2024-02-21 20:00:00+00:00,2024,2,21,20,2,Qua,8,1,0,Inverno,Noite,Ponta,26.910000000000004,0.20164472918060677,-0.42746083761352854
2024-02-21 21:00:00+00:00,2024,2,21,21,2,Qua,8,1,0,Inverno,Noite,Cheio,62.6108941650112,0.5048359833487863,1.052343765198509
2024-02-21 21:00:00+00:00,2024,2,21,21,2,Qua,8,1,0,Inverno,Noite,Cheio,33.868,0.26073581907744525,-0.1390512426388105
2024-02-21 22:00:00+00:00,2024,2,21,22,2,Qua,8,1,0,Inverno,Noite,Vazio,49.25756974444992,0.39143234814369354,0.498847518044141
2024-02-21 22:00:00+00:00,2024,2,21,22,2,Qua,8,1,0,Inverno,Noite,Vazio,49.25756974444992,0.39143234814369354,0.498847518044141
2024-02-21 23:00:00+00:00,2024,2,21,23,2,Qua,8,1,0,Inverno,Noite,Vazio,42.96726283534064,0.3380116682004799,0.23811384918485995
2024-02-21 23:00:00+00:00,2024,2,21,23,2,Qua,8,1,0,Inverno,Noite,Vazio,15.84,0.10763231682676912,-0.8863131251056428
2024-02-22 00:00:00+00:00,2024,2,22,0,3,Qui,8,1,0,Inverno,Madrugada,Vazio,73.60371620576734,0.5981929588345968,1.5079970207897182
2024-02-22 00:00:00+00:00,2024,2,22,0,3,Qui,8,1,0,Inverno,Madrugada,Vazio,29.06711707926904,0.21996413119973474,-0.33804818122591296
2024-02-22 01:00:00+00:00,2024,2,22,1,3,Qui,8,1,0,Inverno,Madrugada,Vazio,10.803303641233548,0.06485797401001897,-1.0950845474744946
2024-02-22 01:00:00+00:00,2024,2,22,1,3,Qui,8,1,0,Inverno,Madrugada,Vazio,22.49054964590842,0.16411237244472857,-0.6106473691792699
2024-02-22 02:00:00+00:00,2024,2,22,2,3,Qui,8,1,0,Inverno,Madrugada,Vazio,23.78040322598236,0.17506650493307413,-0.5571828465282472
2024-02-22 02:00:00+00:00,2024,2,22,2,3,Qui,8,1,0,Inverno,Madrugada,Vazio,14.806,0.09885103097547117,-0.9291724986618168
2024-02-22 03:00:00+00:00,2024,2,22,3,3,Qui,8,1,0,Inverno,Madrugada,Vazio,4.154419751180141,0.008392064889468934,-1.3706812577021792
2024-02-22 03:00:00+00:00,2024,2,22,3,3,Qui,8,1,0,Inverno,Madrugada,Vazio,9.76715468521384,0.05605843806482265,-1.1380329954105568
2024-02-22 04:00:00+00:00,2024,2,22,4,3,Qui,8,1,0,Inverno,Madrugada,Vazio,28.733555673423563,0.21713134778223964,-0.3518743252269321
2024-02-22 04:00:00+00:00,2024,2,22,4,3,Qui,8,1,0,Inverno,Madrugada,Vazio,10.868,0.06540741039286843,-1.0924028788012878
2024-02-22 05:00:00+00:00,2024,2,22,5,3,Qui,8,1,0,Inverno,Madrugada,Vazio,13.166,0.08492326618231007,-0.9971506153273152
2024-02-22 05:00:00+00:00,2024,2,22,5,3,Qui,8,1,0,Inverno,Madrugada,Vazio,9.136,0.05069833196496898,-1.1641944020114363
2024-02-22 06:00:00+00:00,2024,2,22,6,3,Qui,8,1,0,Inverno,Manhã,Vazio,25.797646469085063,0.19219802287242044,-0.47356797060000105
2024-02-22 06:00:00+00:00,2024,2,22,6,3,Qui,8,1,0,Inverno,Manhã,Vazio,66.80552298062926,0.5404590342869232,1.2262114280012808
2024-02-22 07:00:00+00:00,2024,2,22,7,3,Qui,8,1,0,Inverno,Manhã,Cheio,30.235482846389807,0.22988652363683187,-0.2896193370641385
2024-02-22 07:00:00+00:00,2024,2,22,7,3,Qui,8,1,0,Inverno,Manhã,Cheio,13.178,0.08502517665640637,-0.9966532144736652
2024-02-22 08:00:00+00:00,2024,2,22,8,3,Qui,8,1,0,Inverno,Manhã,Cheio,31.086,0.23710957416611947,-0.2543653405433329
2024-02-22 08:00:00+00:00,2024,2,22,8,3,Qui,8,1,0,Inverno,Manhã,Cheio,60.36686351213456,0.48577846437201216,0.9593285350020437
2024-02-22 09:00:00+00:00,2024,2,22,9,3,Qui,8,1,0,Inverno,Manhã,Ponta,91.35132270595466,0.7489152082103203,2.2436365727428225
2024-02-22 09:00:00+00:00,2024,2,22,9,3,Qui,8,1,0,Inverno,Manhã,Ponta,16.438,0.1127108554525681,-0.8615259825654185
2024-02-22 10:00:00+00:00,2024,2,22,10,3,Qui,8,1,0,Inverno,Manhã,Ponta,20.446,0.14674895380073266,-0.6953940974463223
2024-02-22 10:00:00+00:00,2024,2,22,10,3,Qui,8,1,0,Inverno,Manhã,Ponta,21.951270010671827,0.15953251883660846,-0.6330005484228313
2024-02-22 11:00:00+00:00,2024,2,22,11,3,Qui,8,1,0,Inverno,Manhã,Ponta,11.508,0.07084263567800447,-1.0658748332732886
2024-02-22 11:00:00+00:00,2024,2,22,11,3,Qui,8,1,0,Inverno,Manhã,Ponta,95.90154180673709,0.7875581236938854,2.432243478161461
2024-02-22 12:00:00+00:00,2024,2,22,12,3,Qui,8,1,0,Inverno,Tarde,Cheio,22.302,0.16251110712762717,-0.6184627654151242
2024-02-22 12:00:00+00:00,2024,2,22,12,3,Qui,8,1,0,Inverno,Tarde,Cheio,41.98321981301023,0.3296546439557425,0.1973251959069049
2024-02-22 13:00:00+00:00,2024,2,22,13,3,Qui,8,1,0,Inverno,Tarde,Cheio,30.413750171153616,0.23140046593537847,-0.282230143771187
2024-02-22 13:00:00+00:00,2024,2,22,13,3,Qui,8,1,0,Inverno,Tarde,Cheio,24.32066161915805,0.1796546706816608,-0.5347890976984842
2024-02-22 14:00:00+00:00,2024,2,22,14,3,Qui,8,1,0,Inverno,Tarde,Cheio,35.134,0.271487374094605,-0.08657545257873682
2024-02-22 14:00:00+00:00,2024,2,22,14,3,Qui,8,1,0,Inverno,Tarde,Cheio,9.15,0.05081722751808134,-1.1636141010155112
2024-02-22 15:00:00+00:00,2024,2,22,15,3,Qui,8,1,0,Inverno,Tarde,Cheio,38.433476003202486,0.29950830440758275,0.050188062470477135
2024-02-22 15:00:00+00:00,2024,2,22,15,3,Qui,8,1,0,Inverno,Tarde,Cheio,31.380019829143933,0.23960654918126711,-0.2421781977094815
2024-02-22 16:00:00+00:00,2024,2,22,16,3,Qui,8,1,0,Inverno,Tarde,Cheio,32.38040642626926,0.24810237188065273,-0.2007121020936361
2024-02-22 16:00:00+00:00,2024,2,22,16,3,Qui,8,1,0,Inverno,Tarde,Cheio,37.348488818449766,0.29029400787536935,0.0052152664792021195
2024-02-22 17:00:00+00:00,2024,2,22,17,3,Qui,8,1,0,Inverno,Tarde,Cheio,10.241832248254225,0.06008965602251619,-1.1183575766551581
2024-02-22 17:00:00+00:00,2024,2,22,17,3,Qui,8,1,0,Inverno,Tarde,Cheio,20.682741614042527,0.14875949131118243,-0.6855811407030532
2024-02-22 18:00:00+00:00,2024,2,22,18,3,Qui,8,1,0,Inverno,Noite,Ponta,21.02772272853079,0.15168925705549652,-0.6712816489664211
2024-02-22 18:00:00+00:00,2024,2,22,18,3,Qui,8,1,0,Inverno,Noite,Ponta,49.807440555999904,0.3961021477350916,0.5216397022993222
2024-02-22 19:00:00+00:00,2024,2,22,19,3,Qui,8,1,0,Inverno,Noite,Ponta,51.235172132536555,0.40822721455568406,0.58081927771202
2024-02-22 19:00:00+00:00,2024,2,22,19,3,Qui,8,1,0,Inverno,Noite,Ponta,51.235172132536555,0.40822721455568406,0.58081927771202
2024-02-22 20:00:00+00:00,2024,2,22,20,3,Qui,8,1,0,Inverno,Noite,Ponta,47.07523035232704,0.37289874463617056,0.4083893949944814
2024-02-22 20:00:00+00:00,2024,2,22,20,3,Qui,8,1,0,Inverno,Noite,Ponta,51.31268595230122,0.40888550373245347,0.5840322310554048
2024-02-22 21:00:00+00:00,2024,2,22,21,3,Qui,8,1,0,Inverno,Noite,Cheio,32.67446668071224,0.25059969020924966,-0.18852328362826345
2024-02-22 21:00:00+00:00,2024,2,22,21,3,Qui,8,1,0,Inverno,Noite,Cheio,97.87610077001044,0.8043271437004094,2.5140890876543276
2024-02-22 22:00:00+00:00,2024,2,22,22,3,Qui,8,1,0,Inverno,Noite,Vazio,107.10566483606202,0.882709581173201,2.89665517476027
2024-02-22 22:00:00+00:00,2024,2,22,22,3,Qui,8,1,0,Inverno,Noite,Vazio,82.69864528337871,0.6754320033488974,1.8849824780472175
2024-02-22 23:00:00+00:00,2024,2,22,23,3,Qui,8,1,0,Inverno,Noite,Vazio,16.69537438220296,0.11489661756178031,-0.8508577961141358
2024-02-22 23:00:00+00:00,2024,2,22,23,3,Qui,8,1,0,Inverno,Noite,Vazio,63.7029706312953,0.5141104858844885,1.0976104124135735
2024-02-23 00:00:00+00:00,2024,2,23,0,4,Sex,8,1,0,Inverno,Madrugada,Vazio,53.932,0.4311301317664604,0.6926029846639697
2024-02-23 00:00:00+00:00,2024,2,23,0,4,Sex,8,1,0,Inverno,Madrugada,Vazio,23.954,0.17654078239488463,-0.5499872478959758
2024-02-23 01:00:00+00:00,2024,2,23,1,4,Sex,8,1,0,Inverno,Madrugada,Vazio,46.947317719277,0.3718124415464176,0.4030874072551725
2024-02-23 01:00:00+00:00,2024,2,23,1,4,Sex,8,1,0,Inverno,Madrugada,Vazio,32.968,0.2530925335202227,-0.17635630666255955
2024-02-23 02:00:00+00:00,2024,2,23,2,4,Sex,8,1,0,Inverno,Madrugada,Vazio,30.19774697721146,0.22956605027696508,-0.2911834915260164
2024-02-23 02:00:00+00:00,2024,2,23,2,4,Sex,8,1,0,Inverno,Madrugada,Vazio,4.280030206807084,0.009458816646501781,-1.365474695380829
2024-02-23 03:00:00+00:00,2024,2,23,3,4,Sex,8,1,0,Inverno,Madrugada,Vazio,32.6765287354058,0.2506172022902024,-0.18843781131452594
2024-02-23 03:00:00+00:00,2024,2,23,3,4,Sex,8,1,0,Inverno,Madrugada,Vazio,20.93,0.15085934292261677,-0.6753322630157729
2024-02-23 04:00:00+00:00,2024,2,23,4,4,Sex,8,1,0,Inverno,Madrugada,Vazio,7.904238063951923,0.040237545058599236,-1.2152510218850925
2024-02-23 04:00:00+00:00,2024,2,23,4,4,Sex,8,1,0,Inverno,Madrugada,Vazio,42.91865023222346,0.33759882374791933,0.23609885332747393
2024-02-23 05:00:00+00:00,2024,2,23,5,4,Sex,8,1,0,Inverno,Madrugada,Vazio,8.44,0.04478752446738353,-1.1930436515231355
2024-02-23 05:00:00+00:00,2024,2,23,5,4,Sex,8,1,0,Inverno,Madrugada,Vazio,86.59710933451842,0.7085398633238169,2.0465740902939413
2024-02-23 06:00:00+00:00,2024,2,23,6,4,Sex,8,1,0,Inverno,Manhã,Vazio,20.822,0.14994214865575006,-0.6798088706986227
2024-02-23 06:00:00+00:00,2024,2,23,6,4,Sex,8,1,0,Inverno,Manhã,Vazio,15.518521430107754,0.10490214737097582,-0.8996384346968579
2024-02-23 07:00:00+00:00,2024,2,23,7,4,Sex,8,1,0,Inverno,Manhã,Cheio,30.266118146546248,0.23014669513375066,-0.2883495016933354
2024-02-23 07:00:00+00:00,2024,2,23,7,4,Sex,8,1,0,Inverno,Manhã,Cheio,17.0985477739113,0.11832058351944785,-0.8341462303470785
2024-02-23 08:00:00+00:00,2024,2,23,8,4,Sex,8,1,0,Inverno,Manhã,Cheio,17.50840515280468,0.1218013135023555,-0.8171576128357189
2024-02-23 08:00:00+00:00,2024,2,23,8,4,Sex,8,1,0,Inverno,Manhã,Cheio,28.959407327648155,0.2190494018786948,-0.34251275809280096
2024-02-23 09:00:00+00:00,2024,2,23,9,4,Sex,8,1,0,Inverno,Manhã,Ponta,17.116,0.11846879723900912,-0.8334228343341941
2024-02-23 09:00:00+00:00,2024,2,23,9,4,Sex,8,1,0,Inverno,Manhã,Ponta,25.994,0.19386556299125576,-0.46542910277547783
2024-02-23 10:00:00+00:00,2024,2,23,10,4,Sex,8,1,0,Inverno,Manhã,Ponta,20.173384756174883,0.14443375807205794,-0.7066940186960401
2024-02-23 10:00:00+00:00,2024,2,23,10,4,Sex,8,1,0,Inverno,Manhã,Ponta,12.11,0.07595514446183557,-1.0409218904485142
2024-02-23 11:00:00+00:00,2024,2,23,11,4,Sex,8,1,0,Inverno,Manhã,Ponta,19.82153516999939,0.14144566156058028,-0.7212782090727139
2024-02-23 11:00:00+00:00,2024,2,23,11,4,Sex,8,1,0,Inverno,Manhã,Ponta,31.144000000000005,0.237602141457585,-0.2519612364173577
2024-02-23 12:00:00+00:00,2024,2,23,12,4,Sex,8,1,0,Inverno,Tarde,Cheio,41.98321981301023,0.3296546439557425,0.1973251959069049
2024-02-23 12:00:00+00:00,2024,2,23,12,4,Sex,8,1,0,Inverno,Tarde,Cheio,41.98321981301023,0.3296546439557425,0.1973251959069049
2024-02-23 13:00:00+00:00,2024,2,23,13,4,Sex,8,1,0,Inverno,Tarde,Cheio,13.02165986096,0.08369745184891902,-1.0031335243585198
2024-02-23 13:00:00+00:00,2024,2,23,13,4,Sex,8,1,0,Inverno,Tarde,Cheio,41.06568365801486,0.3218624319094029,0.15929325701111957
2024-02-23 14:00:00+00:00,2024,2,23,14,4,Sex,8,1,0,Inverno,Tarde,Cheio,20.3,0.145509043032561,-0.7014458078323972
2024-02-23 14:00:00+00:00,2024,2,23,14,4,Sex,8,1,0,Inverno,Tarde,Cheio,24.620000000000005,0.18219681370722934,-0.5223815005184013
2024-02-23 15:00:00+00:00,2024,2,23,15,4,Sex,8,1,0,Inverno,Tarde,Cheio,38.433476003202486,0.29950830440758275,0.050188062470477135
2024-02-23 15:00:00+00:00,2024,2,23,15,4,Sex,8,1,0,Inverno,Tarde,Cheio,27.510831974009463,0.2067473184575668,-0.4025563095491525
2024-02-23 16:00:00+00:00,2024,2,23,16,4,Sex,8,1,0,Inverno,Tarde,Cheio,8.214205484460958,0.04286995562347284,-1.202402850254686
2024-02-23 16:00:00+00:00,2024,2,23,16,4,Sex,8,1,0,Inverno,Tarde,Cheio,90.25317786509464,0.7395891697637826,2.198118390969897
2024-02-23 17:00:00+00:00,2024,2,23,17,4,Sex,8,1,0,Inverno,Tarde,Cheio,42.418,0.33334703187105963,0.21534686558680596
2024-02-23 17:00:00+00:00,2024,2,23,17,4,Sex,8,1,0,Inverno,Tarde,Cheio,19.178,0.13598041370455685,-0.747952787648671
2024-02-23 18:00:00+00:00,2024,2,23,18,4,Sex,8,1,0,Inverno,Noite,Ponta,48.233225937064944,0.3827330678896758,0.45638839435877726
2024-02-23 18:00:00+00:00,2024,2,23,18,4,Sex,8,1,0,Inverno,Noite,Ponta,49.807440555999904,0.3961021477350916,0.5216397022993222
2024-02-23 19:00:00+00:00,2024,2,23,19,4,Sex,8,1,0,Inverno,Noite,Ponta,51.235172132536555,0.40822721455568406,0.58081927771202
2024-02-23 19:00:00+00:00,2024,2,23,19,4,Sex,8,1,0,Inverno,Noite,Ponta,48.3421182801736,0.38365784041564754,0.46090198972696006
2024-02-23 20:00:00+00:00,2024,2,23,20,4,Sex,8,1,0,Inverno,Noite,Ponta,57.616,0.46241664731402476,0.845305046734516
2024-02-23 20:00:00+00:00,2024,2,23,20,4,Sex,8,1,0,Inverno,Noite,Ponta,44.126,0.34785228935076645,0.2861435870896542
2024-02-23 21:00:00+00:00,2024,2,23,21,4,Sex,8,1,0,Inverno,Noite,Cheio,25.311539095161397,0.1880697367942314,-0.49371715582959985
2024-02-23 21:00:00+00:00,2024,2,23,21,4,Sex,8,1,0,Inverno,Noite,Cheio,99.04658488574616,0.8142675262968108,2.562605737516886
2024-02-23 22:00:00+00:00,2024,2,23,22,4,Sex,8,1,0,Inverno,Noite,Vazio,62.61356979435369,0.5048587062366863,1.0524546702250925
2024-02-23 22:00:00+00:00,2024,2,23,22,4,Sex,8,1,0,Inverno,Noite,Vazio,37.2024391248367,0.28905367508222546,-0.000838503710669373
2024-02-23 23:00:00+00:00,2024,2,23,23,4,Sex,8,1,0,Inverno,Noite,Vazio,23.33518334790141,0.17128545752871352,-0.5756372421465313
2024-02-23 23:00:00+00:00,2024,2,23,23,4,Sex,8,1,0,Inverno,Noite,Vazio,75.936,0.6179999711010443,1.6046703499734982
2024-02-24 00:00:00+00:00,2024,2,24,0,5,Sã¡,8,1,1,Inverno,Madrugada,Vazio,29.510834997114845,0.22373242314745886,-0.3196560419662214
2024-02-24 00:00:00+00:00,2024,2,24,0,5,Sã¡,8,1,1,Inverno,Madrugada,Vazio,81.93676168540215,0.6689616767925651,1.8534023487125955
2024-02-24 01:00:00+00:00,2024,2,24,1,5,Sã¡,8,1,1,Inverno,Madrugada,Vazio,20.022,0.14314811704933,-0.712968927608622
2024-02-24 01:00:00+00:00,2024,2,24,1,5,Sã¡,8,1,1,Inverno,Madrugada,Vazio,12.53329907022147,0.0795500285394017,-1.023376113875397
2024-02-24 02:00:00+00:00,2024,2,24,2,5,Sã¡,8,1,1,Inverno,Madrugada,Vazio,23.78040322598236,0.17506650493307413,-0.5571828465282472
2024-02-24 02:00:00+00:00,2024,2,24,2,5,Sã¡,8,1,1,Inverno,Madrugada,Vazio,39.486,0.3084469060335301,0.09381525701165876
2024-02-24 03:00:00+00:00,2024,2,24,3,5,Sã¡,8,1,1,Inverno,Madrugada,Vazio,25.472,0.1894324573680667,-0.48706603990925224
2024-02-24 03:00:00+00:00,2024,2,24,3,5,Sã¡,8,1,1,Inverno,Madrugada,Vazio,112.34611009288103,0.9272142695563791,3.1138720034475873
2024-02-24 04:00:00+00:00,2024,2,24,4,5,Sã¡,8,1,1,Inverno,Madrugada,Vazio,28.098296673128598,0.21173638562440614,-0.3782058559798949
2024-02-24 04:00:00+00:00,2024,2,24,4,5,Sã¡,8,1,1,Inverno,Madrugada,Vazio,93.88482247326692,0.7704310550777921,2.348650318324753
2024-02-24 05:00:00+00:00,2024,2,24,5,5,Sã¡,8,1,1,Inverno,Madrugada,Vazio,8.990460972208643,0.04946233602149133,-1.1702270050666703
2024-02-24 05:00:00+00:00,2024,2,24,5,5,Sã¡,8,1,1,Inverno,Madrugada,Vazio,11.443720589133724,0.07029674024167004,-1.068539219426372
2024-02-24 06:00:00+00:00,2024,2,24,6,5,Sã¡,8,1,1,Inverno,Manhã,Vazio,12.33887004432221,0.0778988323554454,-1.031435210830116
2024-02-24 06:00:00+00:00,2024,2,24,6,5,Sã¡,8,1,1,Inverno,Manhã,Vazio,3.21,0.00037154284041237173,-1.4098275235722553
2024-02-24 07:00:00+00:00,2024,2,24,7,5,Sã¡,8,1,1,Inverno,Manhã,Vazio,27.513483369844515,0.2067698355414474,-0.40244640900317596
2024-02-24 07:00:00+00:00,2024,2,24,7,5,Sã¡,8,1,1,Inverno,Manhã,Vazio,21.997110819248444,0.1599218237145252,-0.63110044364633
2024-02-24 08:00:00+00:00,2024,2,24,8,5,Sã¡,8,1,1,Inverno,Manhã,Vazio,11.990902836625128,0.07494370709658077,-1.0458584763426768
2024-02-24 08:00:00+00:00,2024,2,24,8,5,Sã¡,8,1,1,Inverno,Manhã,Vazio,10.149201618229858,0.059302986737381,-1.1221971228591794
2024-02-24 09:00:00+00:00,2024,2,24,9,5,Sã¡,8,1,1,Inverno,Manhã,Vazio,15.416,0.1040314800753665,-0.9038879552679424
2024-02-24 09:00:00+00:00,2024,2,24,9,5,Sã¡,8,1,1,Inverno,Manhã,Vazio,14.568599752677542,0.09683489999587029,-0.9390127558013925
2024-02-24 10:00:00+00:00,2024,2,24,10,5,Sã¡,8,1,1,Inverno,Manhã,Vazio,81.44687777377885,0.6648013183187584,1.8330966257266934
2024-02-24 10:00:00+00:00,2024,2,24,10,5,Sã¡,8,1,1,Inverno,Manhã,Vazio,26.310134562628647,0.1965503482542318,-0.45232530266549825
2024-02-24 11:00:00+00:00,2024,2,24,11,5,Sã¡,8,1,1,Inverno,Manhã,Vazio,91.79312181966368,0.7526672046381047,2.2619491774345453
2024-02-24 11:00:00+00:00,2024,2,24,11,5,Sã¡,8,1,1,Inverno,Manhã,Vazio,80.37765486696695,0.6557209005397729,1.7887772601774967
2024-02-24 12:00:00+00:00,2024,2,24,12,5,Sã¡,8,1,1,Inverno,Tarde,Vazio,47.588,0.3772534611275493,0.4296437333676759
2024-02-24 12:00:00+00:00,2024,2,24,12,5,Sã¡,8,1,1,Inverno,Tarde,Vazio,30.108,0.22880387052727094,-0.29490351011580684
2024-02-24 13:00:00+00:00,2024,2,24,13,5,Sã¡,8,1,1,Inverno,Tarde,Vazio,41.02379981170459,0.3215067316898649,0.1575571686020468
2024-02-24 13:00:00+00:00,2024,2,24,13,5,Sã¡,8,1,1,Inverno,Tarde,Vazio,66.58925682609885,0.5386223854253249,1.2172471805113618
2024-02-24 14:00:00+00:00,2024,2,24,14,5,Sã¡,8,1,1,Inverno,Tarde,Vazio,45.9335361066692,0.3632028611488365,0.3610660872946907
2024-02-24 14:00:00+00:00,2024,2,24,14,5,Sã¡,8,1,1,Inverno,Tarde,Vazio,55.30265136532768,0.44277044263823423,0.749416581261512
2024-02-24 15:00:00+00:00,2024,2,24,15,5,Sã¡,8,1,1,Inverno,Tarde,Vazio,44.098,0.34761449824454177,0.2849829850978043
2024-02-24 15:00:00+00:00,2024,2,24,15,5,Sã¡,8,1,1,Inverno,Tarde,Vazio,66.5070981451539,0.5379246495814728,1.2138416973416308
2024-02-24 16:00:00+00:00,2024,2,24,16,5,Sã¡,8,1,1,Inverno,Tarde,Vazio,37.348488818449766,0.29029400787536935,0.0052152664792021195
2024-02-24 16:00:00+00:00,2024,2,24,16,5,Sã¡,8,1,1,Inverno,Tarde,Vazio,28.442002707771,0.21465532270275337,-0.3639592163935797
2024-02-24 17:00:00+00:00,2024,2,24,17,5,Sã¡,8,1,1,Inverno,Tarde,Vazio,6.104,0.02494895217663695,-1.2898710177003332
2024-02-24 17:00:00+00:00,2024,2,24,17,5,Sã¡,8,1,1,Inverno,Tarde,Vazio,22.848000000000003,0.1671480336990089,-0.5958310265740496
2024-02-24 18:00:00+00:00,2024,2,24,18,5,Sã¡,8,1,1,Inverno,Noite,Vazio,57.456,0.4610578409927408,0.8386730353525162
2024-02-24 18:00:00+00:00,2024,2,24,18,5,Sã¡,8,1,1,Inverno,Noite,Vazio,31.32142653808407,0.239108943342036,-0.24460689379209308
2024-02-24 19:00:00+00:00,2024,2,24,19,5,Sã¡,8,1,1,Inverno,Noite,Vazio,65.06802742517232,0.5257032846371871,1.154192113626502
2024-02-24 19:00:00+00:00,2024,2,24,19,5,Sã¡,8,1,1,Inverno,Noite,Vazio,51.235172132536555,0.40822721455568406,0.58081927771202
2024-02-24 20:00:00+00:00,2024,2,24,20,5,Sã¡,8,1,1,Inverno,Noite,Vazio,94.25812506120964,0.7736013420543436,2.364123737150791
2024-02-24 20:00:00+00:00,2024,2,24,20,5,Sã¡,8,1,1,Inverno,Noite,Vazio,81.30318054795106,0.6635809639512223,1.8271403654938703
2024-02-24 21:00:00+00:00,2024,2,24,21,5,Sã¡,8,1,1,Inverno,Noite,Vazio,56.112171868288726,0.4496453274921873,0.7829712636965115
2024-02-24 21:00:00+00:00,2024,2,24,21,5,Sã¡,8,1,1,Inverno,Noite,Vazio,42.03317471740486,0.3300788879549335,0.19939583024772933
2024-02-24 22:00:00+00:00,2024,2,24,22,5,Sã¡,8,1,1,Inverno,Noite,Vazio,89.20684698682419,0.7307031634416042,2.154747901632225
2024-02-24 22:00:00+00:00,2024,2,24,22,5,Sã¡,8,1,1,Inverno,Noite,Vazio,21.197452104730186,0.15313069048854233,-0.6642463542488328
2024-02-24 23:00:00+00:00,2024,2,24,23,5,Sã¡,8,1,1,Inverno,Noite,Vazio,14.252759249446296,0.09415261204394441,-0.9521043671284312
2024-02-24 23:00:00+00:00,2024,2,24,23,5,Sã¡,8,1,1,Inverno,Noite,Vazio,26.131604114944352,0.1950341713738875,-0.4597254024222218
2024-02-25 00:00:00+00:00,2024,2,25,0,6,Dom,8,1,1,Inverno,Madrugada,Vazio,10.854,0.06528851483975606,-1.092983179797213
2024-02-25 00:00:00+00:00,2024,2,25,0,6,Dom,8,1,1,Inverno,Madrugada,Vazio,35.348000000000006,0.27330477754932236,-0.07770513735531179
2024-02-25 01:00:00+00:00,2024,2,25,1,6,Dom,8,1,1,Inverno,Madrugada,Vazio,9.37,0.05268558620984685,-1.1544950853652616
2024-02-25 01:00:00+00:00,2024,2,25,1,6,Dom,8,1,1,Inverno,Madrugada,Vazio,43.7613906335479,0.344755829901176,0.2710305029128162
2024-02-25 02:00:00+00:00,2024,2,25,2,6,Dom,8,1,1,Inverno,Madrugada,Vazio,33.45429303623804,0.2572223963429517,-0.1561994257168225
2024-02-25 02:00:00+00:00,2024,2,25,2,6,Dom,8,1,1,Inverno,Madrugada,Vazio,57.16408202386541,0.45857871604731504,0.8265730144754228
2024-02-25 03:00:00+00:00,2024,2,25,3,6,Dom,8,1,1,Inverno,Madrugada,Vazio,13.57,0.08835425214355219,-0.9804047865877655
2024-02-25 03:00:00+00:00,2024,2,25,3,6,Dom,8,1,1,Inverno,Madrugada,Vazio,30.252779472212215,0.2300334159149842,-0.28890239069336104
2024-02-25 04:00:00+00:00,2024,2,25,4,6,Dom,8,1,1,Inverno,Madrugada,Vazio,10.018,0.058188751811047115,-1.127635439268162
2024-02-25 04:00:00+00:00,2024,2,25,4,6,Dom,8,1,1,Inverno,Madrugada,Vazio,11.686,0.07235430771043294,-1.0584967206108138
2024-02-25 05:00:00+00:00,2024,2,25,5,6,Dom,8,1,1,Inverno,Madrugada,Vazio,16.15415372972205,0.11030027978802708,-0.8732914306605531
2024-02-25 05:00:00+00:00,2024,2,25,5,6,Dom,8,1,1,Inverno,Madrugada,Vazio,36.298,0.28137269008194615,-0.0383275697746879
2024-02-25 06:00:00+00:00,2024,2,25,6,6,Dom,8,1,1,Inverno,Manhã,Vazio,12.982,0.08336063891283345,-1.004777428416615
2024-02-25 06:00:00+00:00,2024,2,25,6,6,Dom,8,1,1,Inverno,Manhã,Vazio,77.36466030921252,0.630132925220579,1.6638884214216785
2024-02-25 07:00:00+00:00,2024,2,25,7,6,Dom,8,1,1,Inverno,Manhã,Vazio,45.51478717015144,0.359646619261516,0.34370891408727755
2024-02-25 07:00:00+00:00,2024,2,25,7,6,Dom,8,1,1,Inverno,Manhã,Vazio,60.88976100175445,0.49021919196125624,0.981002673144408
2024-02-25 08:00:00+00:00,2024,2,25,8,6,Dom,8,1,1,Inverno,Manhã,Vazio,57.434000000000005,0.46087100512356427,0.8377611337874914
2024-02-25 08:00:00+00:00,2024,2,25,8,6,Dom,8,1,1,Inverno,Manhã,Vazio,23.37,0.17158113932219798,-0.5741940894402752
2024-02-25 09:00:00+00:00,2024,2,25,9,6,Dom,8,1,1,Inverno,Manhã,Vazio,40.77485877369915,0.3193925900894349,0.14723854486767843
2024-02-25 09:00:00+00:00,2024,2,25,9,6,Dom,8,1,1,Inverno,Manhã,Vazio,33.099920418379575,0.2542128728852264,-0.17088819593623766
2024-02-25 10:00:00+00:00,2024,2,25,10,6,Dom,8,1,1,Inverno,Manhã,Vazio,20.48790832258662,0.14710486188601457,-0.6936569944938537
2024-02-25 10:00:00+00:00,2024,2,25,10,6,Dom,8,1,1,Inverno,Manhã,Vazio,78.254,0.6376856776806464,1.7007516148702209
2024-02-25 11:00:00+00:00,2024,2,25,11,6,Dom,8,1,1,Inverno,Manhã,Vazio,36.7933136688856,0.28557916098382197,-0.01779678296400413
2024-02-25 11:00:00+00:00,2024,2,25,11,6,Dom,8,1,1,Inverno,Manhã,Vazio,44.206,0.34853169251140853,0.28945959278065436
2024-02-25 12:00:00+00:00,2024,2,25,12,6,Dom,8,1,1,Inverno,Tarde,Vazio,33.56999999999999,0.2582050423040537,-0.15140336383778558
2024-02-25 12:00:00+00:00,2024,2,25,12,6,Dom,8,1,1,Inverno,Tarde,Vazio,72.68094289931585,0.5903562700726066,1.4697480015935187
2024-02-25 13:00:00+00:00,2024,2,25,13,6,Dom,8,1,1,Inverno,Tarde,Vazio,27.378,0.20561923767036247,-0.4080622043211792
2024-02-25 13:00:00+00:00,2024,2,25,13,6,Dom,8,1,1,Inverno,Tarde,Vazio,60.288,0.4851087128794678,0.9560596368139133
2024-02-25 14:00:00+00:00,2024,2,25,14,6,Dom,8,1,1,Inverno,Tarde,Vazio,104.8111938444676,0.8632236956270679,2.8015491889357538
2024-02-25 14:00:00+00:00,2024,2,25,14,6,Dom,8,1,1,Inverno,Tarde,Vazio,18.15079767934293,0.12725685741364162,-0.7905303969125107
2024-02-25 15:00:00+00:00,2024,2,25,15,6,Dom,8,1,1,Inverno,Tarde,Vazio,26.684,0.19972541525179308,-0.43682855369060347
2024-02-25 15:00:00+00:00,2024,2,25,15,6,Dom,8,1,1,Inverno,Tarde,Vazio,11.979246727561591,0.07484471712984883,-1.0463416228925468
2024-02-25 16:00:00+00:00,2024,2,25,16,6,Dom,8,1,1,Inverno,Tarde,Vazio,87.2467198087881,0.714056705941379,2.0735004906640837
2024-02-25 16:00:00+00:00,2024,2,25,16,6,Dom,8,1,1,Inverno,Tarde,Vazio,8.998768632537248,0.04953288915505125,-1.1698826519550634
2024-02-25 17:00:00+00:00,2024,2,25,17,6,Dom,8,1,1,Inverno,Tarde,Vazio,54.20161187559577,0.43341982127179024,0.7037784160869289
2024-02-25 17:00:00+00:00,2024,2,25,17,6,Dom,8,1,1,Inverno,Tarde,Vazio,71.22408043186417,0.5779838080100143,1.409360948680094
2024-02-25 18:00:00+00:00,2024,2,25,18,6,Dom,8,1,1,Inverno,Noite,Vazio,78.46664603677901,0.6394915825492171,1.709565808221818
2024-02-25 18:00:00+00:00,2024,2,25,18,6,Dom,8,1,1,Inverno,Noite,Vazio,106.75461210080624,0.8797282519496411,2.882104013910905
2024-02-25 19:00:00+00:00,2024,2,25,19,6,Dom,8,1,1,Inverno,Noite,Vazio,46.477833520974784,0.36782532844394256,0.38362725383761387
2024-02-25 19:00:00+00:00,2024,2,25,19,6,Dom,8,1,1,Inverno,Noite,Vazio,102.46729236046296,0.84331801967124,2.7043943056844717
2024-02-25 20:00:00+00:00,2024,2,25,20,6,Dom,8,1,1,Inverno,Noite,Vazio,67.63135324267112,0.5474724304142364,1.2604421511104156
2024-02-25 20:00:00+00:00,2024,2,25,20,6,Dom,8,1,1,Inverno,Noite,Vazio,51.31268595230122,0.40888550373245347,0.5840322310554048
2024-02-25 21:00:00+00:00,2024,2,25,21,6,Dom,8,1,1,Inverno,Noite,Vazio,44.01391445063703,0.34690039839452275,0.2814976330950736
2024-02-25 21:00:00+00:00,2024,2,25,21,6,Dom,8,1,1,Inverno,Noite,Vazio,25.814,0.19233690587981125,-0.47289011558022764
2024-02-25 22:00:00+00:00,2024,2,25,22,6,Dom,8,1,1,Inverno,Noite,Vazio,67.8485113864835,0.5493166545300524,1.2694433716195255
2024-02-25 22:00:00+00:00,2024,2,25,22,6,Dom,8,1,1,Inverno,Noite,Vazio,48.986,0.3891260313597683,0.4875909328178994
2024-02-25 23:00:00+00:00,2024,2,25,23,6,Dom,8,1,1,Inverno,Noite,Vazio,10.364891582232085,0.06113474227815442,-1.1132567585076427
2024-02-25 23:00:00+00:00,2024,2,25,23,6,Dom,8,1,1,Inverno,Noite,Vazio,120.91665961753635,1.0,3.4691218909320085
2024-02-26 00:00:00+00:00,2024,2,26,0,0,Seg,9,1,0,Inverno,Madrugada,Vazio,22.87687090307177,0.16739322098397824,-0.5946343255879211
2024-02-26 00:00:00+00:00,2024,2,26,0,0,Seg,9,1,0,Inverno,Madrugada,Vazio,67.80665802884474,0.5489612132367617,1.2677085469680558
2024-02-26 01:00:00+00:00,2024,2,26,1,0,Seg,9,1,0,Inverno,Madrugada,Vazio,14.418,0.09555592564635745,-0.9452551262631664
2024-02-26 01:00:00+00:00,2024,2,26,1,0,Seg,9,1,0,Inverno,Madrugada,Vazio,30.92649528419889,0.23575497406546223,-0.2609768223600554
2024-02-26 02:00:00+00:00,2024,2,26,2,0,Seg,9,1,0,Inverno,Madrugada,Vazio,25.107578584379365,0.186337594098338,-0.5021713335107557
2024-02-26 02:00:00+00:00,2024,2,26,2,0,Seg,9,1,0,Inverno,Madrugada,Vazio,23.78040322598236,0.17506650493307413,-0.5571828465282472
2024-02-26 03:00:00+00:00,2024,2,26,3,0,Seg,9,1,0,Inverno,Madrugada,Vazio,9.102475023730362,0.05041361977949348,-1.1655840146626957
2024-02-26 03:00:00+00:00,2024,2,26,3,0,Seg,9,1,0,Inverno,Madrugada,Vazio,35.46681186699591,0.27431379202380735,-0.07278037701635244
2024-02-26 04:00:00+00:00,2024,2,26,4,0,Seg,9,1,0,Inverno,Madrugada,Vazio,9.334,0.05237985478755795,-1.1559872879262114
2024-02-26 04:00:00+00:00,2024,2,26,4,0,Seg,9,1,0,Inverno,Madrugada,Vazio,27.74171087730849,0.20870806666540329,-0.39298636258326014
2024-02-26 05:00:00+00:00,2024,2,26,5,0,Seg,9,1,0,Inverno,Madrugada,Vazio,24.6966473620116,0.18284774445729873,-0.519204461910519
2024-02-26 05:00:00+00:00,2024,2,26,5,0,Seg,9,1,0,Inverno,Madrugada,Vazio,13.089196310977178,0.08427100781892166,-1.0003341337009335
2024-02-26 06:00:00+00:00,2024,2,26,6,0,Seg,9,1,0,Inverno,Manhã,Vazio,26.496,0.19812881782428435,-0.44462116706445337
2024-02-26 06:00:00+00:00,2024,2,26,6,0,Seg,9,1,0,Inverno,Manhã,Vazio,6.340856551067698,0.026960465794313934,-1.2800532968091944
2024-02-26 07:00:00+00:00,2024,2,26,7,0,Seg,9,1,0,Inverno,Manhã,Cheio,58.74740862039575,0.4720251797224559,0.8922020145354995
2024-02-26 07:00:00+00:00,2024,2,26,7,0,Seg,9,1,0,Inverno,Manhã,Cheio,10.186411410498737,0.05961899236830986,-1.120654774322623
2024-02-26 08:00:00+00:00,2024,2,26,8,0,Seg,9,1,0,Inverno,Manhã,Cheio,28.959407327648155,0.2190494018786948,-0.34251275809280096
2024-02-26 08:00:00+00:00,2024,2,26,8,0,Seg,9,1,0,Inverno,Manhã,Cheio,35.91479148470856,0.27811827662602195,-0.0542115899940136
2024-02-26 09:00:00+00:00,2024,2,26,9,0,Seg,9,1,0,Inverno,Manhã,Ponta,93.61426614226528,0.7681333447476143,2.337435739158034
2024-02-26 09:00:00+00:00,2024,2,26,9,0,Seg,9,1,0,Inverno,Manhã,Ponta,35.29577221826828,0.27286123104954924,-0.07986998262344548
2024-02-26 10:00:00+00:00,2024,2,26,10,0,Seg,9,1,0,Inverno,Manhã,Ponta,42.90345023915884,0.33746973720629636,0.23546881253365595
2024-02-26 10:00:00+00:00,2024,2,26,10,0,Seg,9,1,0,Inverno,Manhã,Ponta,31.822565605967107,0.24336488667504755,-0.2238346437785612
2024-02-26 11:00:00+00:00,2024,2,26,11,0,Seg,9,1,0,Inverno,Manhã,Ponta,8.19520974057466,0.04270863351803412,-1.2031902251900826
2024-02-26 11:00:00+00:00,2024,2,26,11,0,Seg,9,1,0,Inverno,Manhã,Ponta,63.005392436609874,0.5081862755061857,1.0686957466198943
2024-02-26 12:00:00+00:00,2024,2,26,12,0,Seg,9,1,0,Inverno,Tarde,Cheio,41.98321981301023,0.3296546439557425,0.1973251959069049
2024-02-26 12:00:00+00:00,2024,2,26,12,0,Seg,9,1,0,Inverno,Tarde,Cheio,32.062,0.24539829272595193,-0.2139100711131339
2024-02-26 13:00:00+00:00,2024,2,26,13,0,Seg,9,1,0,Inverno,Tarde,Cheio,56.264,0.4509347338991749,0.7892645505566175
2024-02-26 13:00:00+00:00,2024,2,26,13,0,Seg,9,1,0,Inverno,Tarde,Cheio,44.779582662102726,0.3534028659304341,0.31323463492804826
2024-02-26 14:00:00+00:00,2024,2,26,14,0,Seg,9,1,0,Inverno,Tarde,Cheio,12.885063628794548,0.08253740295060656,-1.008795447898892
2024-02-26 14:00:00+00:00,2024,2,26,14,0,Seg,9,1,0,Inverno,Tarde,Cheio,50.28470356964013,0.40015532273415033,0.5414222881660068
2024-02-26 15:00:00+00:00,2024,2,26,15,0,Seg,9,1,0,Inverno,Tarde,Cheio,37.79400466772037,0.29407756882675135,0.023681930124352032
2024-02-26 15:00:00+00:00,2024,2,26,15,0,Seg,9,1,0,Inverno,Tarde,Cheio,54.57619085091528,0.4366009480185667,0.7193047412605341
2024-02-26 16:00:00+00:00,2024,2,26,16,0,Seg,9,1,0,Inverno,Tarde,Cheio,17.790102138699165,0.12419363628435598,-0.8054812527311734
2024-02-26 16:00:00+00:00,2024,2,26,16,0,Seg,9,1,0,Inverno,Tarde,Cheio,36.322,0.28157651103013875,-0.03733276806738789
2024-02-26 17:00:00+00:00,2024,2,26,17,0,Seg,9,1,0,Inverno,Tarde,Cheio,49.024,0.3894487478610733,0.4891660355211245
2024-02-26 17:00:00+00:00,2024,2,26,17,0,Seg,9,1,0,Inverno,Tarde,Cheio,38.54943562374536,0.3004930960663787,0.05499459699105666
2024-02-26 18:00:00+00:00,2024,2,26,18,0,Seg,9,1,0,Inverno,Noite,Ponta,53.092,0.4239963985797193,0.6577849249084704
2024-02-26 18:00:00+00:00,2024,2,26,18,0,Seg,9,1,0,Inverno,Noite,Ponta,47.0918825886327,0.3730401644108934,0.4090796313739494
2024-02-26 19:00:00+00:00,2024,2,26,19,0,Seg,9,1,0,Inverno,Noite,Ponta,48.048,0.3811600293012408,0.44871076609092553
2024-02-26 19:00:00+00:00,2024,2,26,19,0,Seg,9,1,0,Inverno,Noite,Ponta,11.532,0.07104645662619709,-1.0648800315659885
2024-02-26 20:00:00+00:00,2024,2,26,20,0,Seg,9,1,0,Inverno,Noite,Ponta,79.57450863779817,0.6489001494578358,1.7554867918446369
2024-02-26 20:00:00+00:00,2024,2,26,20,0,Seg,9,1,0,Inverno,Noite,Ponta,52.6742002652163,0.42044821782562636,0.6404670961804578
2024-02-26 21:00:00+00:00,2024,2,26,21,0,Seg,9,1,0,Inverno,Noite,Cheio,40.03778113976,0.313132929162725,0.11668662450704115
2024-02-26 21:00:00+00:00,2024,2,26,21,0,Seg,9,1,0,Inverno,Noite,Cheio,56.846,0.45587739189284543,0.8133884919586416
2024-02-26 22:00:00+00:00,2024,2,26,22,0,Seg,9,1,0,Inverno,Noite,Vazio,16.095237853745193,0.1097999343836437,-0.875733497910922
2024-02-26 22:00:00+00:00,2024,2,26,22,0,Seg,9,1,0,Inverno,Noite,Vazio,29.824,0.22639198930699184,-0.3066753303188565
2024-02-26 23:00:00+00:00,2024,2,26,23,0,Seg,9,1,0,Inverno,Noite,Vazio,60.99125378408246,0.49108112342495625,0.9852095561918467
2024-02-26 23:00:00+00:00,2024,2,26,23,0,Seg,9,1,0,Inverno,Noite,Vazio,18.455170251845583,0.12984175351077964,-0.7779141321299722
2024-02-27 00:00:00+00:00,2024,2,27,0,1,Ter,9,1,0,Inverno,Madrugada,Vazio,43.82118421041571,0.345263629215052,0.2735089509275525
2024-02-27 00:00:00+00:00,2024,2,27,0,1,Ter,9,1,0,Inverno,Madrugada,Vazio,27.776,0.20899926839455646,-0.3915650760084546
2024-02-27 01:00:00+00:00,2024,2,27,1,1,Ter,9,1,0,Inverno,Madrugada,Vazio,28.732,0.21711813616422843,-0.3519388080010055
2024-02-27 01:00:00+00:00,2024,2,27,1,1,Ter,9,1,0,Inverno,Madrugada,Vazio,83.75916375934426,0.6844384984050255,1.9289410443186217
2024-02-27 02:00:00+00:00,2024,2,27,2,1,Ter,9,1,0,Inverno,Madrugada,Vazio,25.616,0.1906553830572223,-0.48109722966545243
2024-02-27 02:00:00+00:00,2024,2,27,2,1,Ter,9,1,0,Inverno,Madrugada,Vazio,14.582989340365195,0.09695710413781188,-0.9384163063681
2024-02-27 03:00:00+00:00,2024,2,27,3,1,Ter,9,1,0,Inverno,Madrugada,Vazio,23.91203108357567,0.17618435971404198,-0.551726862467328
2024-02-27 03:00:00+00:00,2024,2,27,3,1,Ter,9,1,0,Inverno,Madrugada,Vazio,39.871642861135065,0.3117219932677075,0.10980018103937597
2024-02-27 04:00:00+00:00,2024,2,27,4,1,Ter,9,1,0,Inverno,Madrugada,Vazio,21.753360223798058,0.15785176215255817,-0.6412039231675563
2024-02-27 04:00:00+00:00,2024,2,27,4,1,Ter,9,1,0,Inverno,Madrugada,Vazio,18.44386872389752,0.12974577483817964,-0.7783825812673818
2024-02-27 05:00:00+00:00,2024,2,27,5,1,Ter,9,1,0,Inverno,Madrugada,Vazio,7.190738613414915,0.03417812278595951,-1.244825624866418
2024-02-27 05:00:00+00:00,2024,2,27,5,1,Ter,9,1,0,Inverno,Madrugada,Vazio,4.081242308328454,0.007770602564954734,-1.373714467914042
2024-02-27 06:00:00+00:00,2024,2,27,6,1,Ter,9,1,0,Inverno,Manhã,Vazio,10.099250953186496,0.058878778741048125,-1.124267581478592
2024-02-27 06:00:00+00:00,2024,2,27,6,1,Ter,9,1,0,Inverno,Manhã,Vazio,14.244,0.0940782237719611,-0.9524674386410912
2024-02-27 07:00:00+00:00,2024,2,27,7,1,Ter,9,1,0,Inverno,Manhã,Cheio,21.4888594642388,0.1556054790020985,-0.65216749846721
2024-02-27 07:00:00+00:00,2024,2,27,7,1,Ter,9,1,0,Inverno,Manhã,Cheio,111.55817572602383,0.9205227058161136,3.081212067889676
2024-02-27 08:00:00+00:00,2024,2,27,8,1,Ter,9,1,0,Inverno,Manhã,Cheio,34.67684545251127,0.26760497103878367,-0.10552454109297574
2024-02-27 08:00:00+00:00,2024,2,27,8,1,Ter,9,1,0,Inverno,Manhã,Cheio,43.14,0.33947864539585376,0.2452738169480803
2024-02-27 09:00:00+00:00,2024,2,27,9,1,Ter,9,1,0,Inverno,Manhã,Ponta,35.29577221826828,0.27286123104954924,-0.07986998262344548
2024-02-27 09:00:00+00:00,2024,2,27,9,1,Ter,9,1,0,Inverno,Manhã,Ponta,18.654066804872105,0.13153089034536738,-0.7696698558580195
2024-02-27 10:00:00+00:00,2024,2,27,10,1,Ter,9,1,0,Inverno,Manhã,Ponta,48.1251243094326,0.3818150105461263,0.45190757420333716
2024-02-27 10:00:00+00:00,2024,2,27,10,1,Ter,9,1,0,Inverno,Manhã,Ponta,116.6325854757896,0.9636173310959071,3.291546712998286
2024-02-27 11:00:00+00:00,2024,2,27,11,1,Ter,9,1,0,Inverno,Manhã,Ponta,19.54400607339501,0.1390887347430411,-0.7327818098696912
2024-02-27 11:00:00+00:00,2024,2,27,11,1,Ter,9,1,0,Inverno,Manhã,Ponta,36.7933136688856,0.28557916098382197,-0.01779678296400413
2024-02-27 12:00:00+00:00,2024,2,27,12,1,Ter,9,1,0,Inverno,Tarde,Cheio,7.336247266220257,0.03541386076866838,-1.2387942808565149
2024-02-27 12:00:00+00:00,2024,2,27,12,1,Ter,9,1,0,Inverno,Tarde,Cheio,10.59093273346305,0.06305440568542287,-1.1038873367091169
2024-02-27 13:00:00+00:00,2024,2,27,13,1,Ter,9,1,0,Inverno,Tarde,Cheio,96.87,0.7957827931620414,2.4723861391659026
2024-02-27 13:00:00+00:00,2024,2,27,13,1,Ter,9,1,0,Inverno,Tarde,Cheio,19.87,0.1418572510441102,-0.7192693384215217
2024-02-27 14:00:00+00:00,2024,2,27,14,1,Ter,9,1,0,Inverno,Tarde,Cheio,33.236000000000004,0.25536853410837346,-0.16524768759770977
2024-02-27 14:00:00+00:00,2024,2,27,14,1,Ter,9,1,0,Inverno,Tarde,Cheio,100.64761247174545,0.8278643163243478,2.6289684448496544
2024-02-27 15:00:00+00:00,2024,2,27,15,1,Ter,9,1,0,Inverno,Tarde,Cheio,19.65618043406922,0.1400413799328543,-0.7281321746399417
2024-02-27 15:00:00+00:00,2024,2,27,15,1,Ter,9,1,0,Inverno,Tarde,Cheio,39.0729473386846,0.30493903998841415,0.07669419481660224
2024-02-27 16:00:00+00:00,2024,2,27,16,1,Ter,9,1,0,Inverno,Tarde,Cheio,18.226,0.12789551609291697,-0.7874132553715701
2024-02-27 16:00:00+00:00,2024,2,27,16,1,Ter,9,1,0,Inverno,Tarde,Cheio,12.13796453817614,0.07619263440712011,-1.0397627583517857
2024-02-27 17:00:00+00:00,2024,2,27,17,1,Ter,9,1,0,Inverno,Tarde,Cheio,38.54943562374536,0.3004930960663787,0.05499459699105666
2024-02-27 17:00:00+00:00,2024,2,27,17,1,Ter,9,1,0,Inverno,Tarde,Cheio,36.44800836443185,0.2826466420434179,-0.03210971239776793
2024-02-27 18:00:00+00:00,2024,2,27,18,1,Ter,9,1,0,Inverno,Noite,Ponta,41.76704094073093,0.32781873634211023,0.18836456627250356
2024-02-27 18:00:00+00:00,2024,2,27,18,1,Ter,9,1,0,Inverno,Noite,Ponta,36.183674579254,0.2804017769294892,-0.04306636659743407
2024-02-27 19:00:00+00:00,2024,2,27,19,1,Ter,9,1,0,Inverno,Noite,Ponta,51.235172132536555,0.40822721455568406,0.58081927771202
2024-02-27 19:00:00+00:00,2024,2,27,19,1,Ter,9,1,0,Inverno,Noite,Ponta,17.275679697698816,0.11982488338034582,-0.8268040995053638
2024-02-27 20:00:00+00:00,2024,2,27,20,1,Ter,9,1,0,Inverno,Noite,Ponta,41.31093417192346,0.32394523158813515,0.16945890825913928
2024-02-27 20:00:00+00:00,2024,2,27,20,1,Ter,9,1,0,Inverno,Noite,Ponta,51.31268595230122,0.40888550373245347,0.5840322310554048
2024-02-27 21:00:00+00:00,2024,2,27,21,1,Ter,9,1,0,Inverno,Noite,Cheio,49.57928830161647,0.39416455570089537,0.5121827751249483
2024-02-27 21:00:00+00:00,2024,2,27,21,1,Ter,9,1,0,Inverno,Noite,Cheio,35.572,0.27520710639912,-0.06842032142051215
2024-02-27 22:00:00+00:00,2024,2,27,22,1,Ter,9,1,0,Inverno,Noite,Vazio,49.25756974444992,0.39143234814369354,0.498847518044141
2024-02-27 22:00:00+00:00,2024,2,27,22,1,Ter,9,1,0,Inverno,Noite,Vazio,49.25756974444992,0.39143234814369354,0.498847518044141
2024-02-27 23:00:00+00:00,2024,2,27,23,1,Ter,9,1,0,Inverno,Noite,Vazio,20.9,0.15060456673737602,-0.6765757651498978
2024-02-27 23:00:00+00:00,2024,2,27,23,1,Ter,9,1,0,Inverno,Noite,Vazio,35.60219613536292,0.2754635482716792,-0.06716868946164183
2024-02-28 00:00:00+00:00,2024,2,28,0,2,Qua,9,1,0,Inverno,Madrugada,Vazio,40.81038562371817,0.3196943032668171,0.14871113532825797
2024-02-28 00:00:00+00:00,2024,2,28,0,2,Qua,9,1,0,Inverno,Madrugada,Vazio,47.760000000000005,0.37871417792292966,0.4367731456033259
2024-02-28 01:00:00+00:00,2024,2,28,1,2,Qua,9,1,0,Inverno,Madrugada,Vazio,31.026683267666,0.23660582447328604,-0.2568240233182211
2024-02-28 01:00:00+00:00,2024,2,28,1,2,Qua,9,1,0,Inverno,Madrugada,Vazio,24.322000000000003,0.17966603693383787,-0.534733621717376
2024-02-28 02:00:00+00:00,2024,2,28,2,2,Qua,9,1,0,Inverno,Madrugada,Vazio,14.148,0.09326293997919069,-0.9564466454702911
2024-02-28 02:00:00+00:00,2024,2,28,2,2,Qua,9,1,0,Inverno,Madrugada,Vazio,17.33,0.12028620069372647,-0.8245525191107693
2024-02-28 03:00:00+00:00,2024,2,28,3,2,Qua,9,1,0,Inverno,Madrugada,Vazio,15.080871712611945,0.10118538985446665,-0.9177790466203655
2024-02-28 03:00:00+00:00,2024,2,28,3,2,Qua,9,1,0,Inverno,Madrugada,Vazio,16.408,0.11245607926732738,-0.8627694846995433
2024-02-28 04:00:00+00:00,2024,2,28,4,2,Qua,9,1,0,Inverno,Madrugada,Vazio,25.119283269768832,0.18643699660143706,-0.5016861734687202
2024-02-28 04:00:00+00:00,2024,2,28,4,2,Qua,9,1,0,Inverno,Madrugada,Vazio,6.816,0.030995640306350804,-1.260358567050434
2024-02-28 05:00:00+00:00,2024,2,28,5,2,Qua,9,1,0,Inverno,Madrugada,Vazio,21.002,0.15147080576719457,-0.672347857893873
2024-02-28 05:00:00+00:00,2024,2,28,5,2,Qua,9,1,0,Inverno,Madrugada,Vazio,9.371539267059886,0.05269865849616634,-1.1544312826361294
2024-02-28 06:00:00+00:00,2024,2,28,6,2,Qua,9,1,0,Inverno,Manhã,Vazio,67.718,0.5482082814240942,1.264033665365531
2024-02-28 06:00:00+00:00,2024,2,28,6,2,Qua,9,1,0,Inverno,Manhã,Vazio,8.188291441449952,0.042649879589389206,-1.2034769891809523
2024-02-28 07:00:00+00:00,2024,2,28,7,2,Qua,9,1,0,Inverno,Manhã,Cheio,24.153595417325867,0.17823585436214529,-0.5417140036490998
2024-02-28 07:00:00+00:00,2024,2,28,7,2,Qua,9,1,0,Inverno,Manhã,Cheio,51.286,0.40865887222822606,0.5829260964341473
2024-02-28 08:00:00+00:00,2024,2,28,8,2,Qua,9,1,0,Inverno,Manhã,Cheio,40.886,0.32033646134476523,0.1518453566041576
2024-02-28 08:00:00+00:00,2024,2,28,8,2,Qua,9,1,0,Inverno,Manhã,Cheio,20.076,0.14360671418276336,-0.710730623767197
2024-02-28 09:00:00+00:00,2024,2,28,9,2,Qua,9,1,0,Inverno,Manhã,Ponta,19.031177364728,0.134733516673837,-0.7540385963252906
2024-02-28 09:00:00+00:00,2024,2,28,9,2,Qua,9,1,0,Inverno,Manhã,Ponta,111.46943032275642,0.9197690319727095,3.077533564611116
2024-02-28 10:00:00+00:00,2024,2,28,10,2,Qua,9,1,0,Inverno,Manhã,Ponta,66.32858065698125,0.5364085827602931,1.2064421347575864
2024-02-28 10:00:00+00:00,2024,2,28,10,2,Qua,9,1,0,Inverno,Manhã,Ponta,88.63499504730183,0.7258466882524699,2.1310445980589066
2024-02-28 11:00:00+00:00,2024,2,28,11,2,Qua,9,1,0,Inverno,Manhã,Ponta,3.464,0.0025286478754507416,-1.3992992055033306
2024-02-28 11:00:00+00:00,2024,2,28,11,2,Qua,9,1,0,Inverno,Manhã,Ponta,18.448,0.12978085986369853,-0.7782113395790453
2024-02-28 12:00:00+00:00,2024,2,28,12,2,Qua,9,1,0,Inverno,Tarde,Cheio,29.103857220378774,0.22027614829963957,-0.3365252997633127
2024-02-28 12:00:00+00:00,2024,2,28,12,2,Qua,9,1,0,Inverno,Tarde,Cheio,20.43450406361673,0.14665132410681597,-0.6958706048272011
2024-02-28 13:00:00+00:00,2024,2,28,13,2,Qua,9,1,0,Inverno,Tarde,Cheio,41.06568365801486,0.3218624319094029,0.15929325701111957
2024-02-28 13:00:00+00:00,2024,2,28,13,2,Qua,9,1,0,Inverno,Tarde,Cheio,41.06568365801486,0.3218624319094029,0.15929325701111957
2024-02-28 14:00:00+00:00,2024,2,28,14,2,Qua,9,1,0,Inverno,Tarde,Cheio,38.77922211193844,0.30244456689576876,0.06451926327309582
2024-02-28 14:00:00+00:00,2024,2,28,14,2,Qua,9,1,0,Inverno,Tarde,Cheio,84.19718619549893,0.6881584212494704,1.9470971054570534
2024-02-28 15:00:00+00:00,2024,2,28,15,2,Qua,9,1,0,Inverno,Tarde,Cheio,54.97861880581864,0.4400185833247172,0.7359854086189965
2024-02-28 15:00:00+00:00,2024,2,28,15,2,Qua,9,1,0,Inverno,Tarde,Cheio,35.884,0.27785677872562375,-0.05548789922561256
2024-02-28 16:00:00+00:00,2024,2,28,16,2,Qua,9,1,0,Inverno,Tarde,Cheio,105.38785001542874,0.8681209709415019,2.825451628243971
2024-02-28 16:00:00+00:00,2024,2,28,16,2,Qua,9,1,0,Inverno,Tarde,Cheio,77.3120054807967,0.6296857520099693,1.6617058750381097
2024-02-28 17:00:00+00:00,2024,2,28,17,2,Qua,9,1,0,Inverno,Tarde,Cheio,96.50355234830084,0.7926707220023632,2.457196857934803
2024-02-28 17:00:00+00:00,2024,2,28,17,2,Qua,9,1,0,Inverno,Tarde,Cheio,13.361825410941858,0.08658632122140904,-0.9890336381132452
2024-02-28 18:00:00+00:00,2024,2,28,18,2,Qua,9,1,0,Inverno,Noite,Ponta,26.97593174918812,0.20220465716542005,-0.4247279619194614
2024-02-28 18:00:00+00:00,2024,2,28,18,2,Qua,9,1,0,Inverno,Noite,Ponta,47.152,0.37355071390205036,0.41157150235172635
2024-02-28 19:00:00+00:00,2024,2,28,19,2,Qua,9,1,0,Inverno,Noite,Ponta,69.38727831720915,0.5623846934828826,1.333225370362135
2024-02-28 19:00:00+00:00,2024,2,28,19,2,Qua,9,1,0,Inverno,Noite,Ponta,51.235172132536555,0.40822721455568406,0.58081927771202
2024-02-28 20:00:00+00:00,2024,2,28,20,2,Qua,9,1,0,Inverno,Noite,Ponta,84.85905058188563,0.6937793306998141,1.974531431356159
2024-02-28 20:00:00+00:00,2024,2,28,20,2,Qua,9,1,0,Inverno,Noite,Ponta,70.03999999999999,0.5679279581617284,1.3602807305468034
2024-02-28 21:00:00+00:00,2024,2,28,21,2,Qua,9,1,0,Inverno,Noite,Cheio,78.48411508000216,0.6396399390889571,1.7102899013061212
2024-02-28 21:00:00+00:00,2024,2,28,21,2,Qua,9,1,0,Inverno,Noite,Cheio,52.508,0.41903675550703273,0.6335780833641711
2024-02-28 22:00:00+00:00,2024,2,28,22,2,Qua,9,1,0,Inverno,Noite,Vazio,54.424,0.43530846120440875,0.7129964196636192
2024-02-28 22:00:00+00:00,2024,2,28,22,2,Qua,9,1,0,Inverno,Noite,Vazio,45.16744478983457,0.3566968003738634,0.3293115477140749
2024-02-28 23:00:00+00:00,2024,2,28,23,2,Qua,9,1,0,Inverno,Noite,Vazio,18.457061796156708,0.12985781752557304,-0.7778357274837163
2024-02-28 23:00:00+00:00,2024,2,28,23,2,Qua,9,1,0,Inverno,Noite,Vazio,28.575446696846406,0.21578860105208472,-0.35842795355353246
2024-02-29 00:00:00+00:00,2024,2,29,0,3,Qui,9,1,0,Inverno,Madrugada,Vazio,21.598,0.15653235931397752,-0.6476436154959235
2024-02-29 00:00:00+00:00,2024,2,29,0,3,Qui,9,1,0,Inverno,Madrugada,Vazio,34.578,0.2667655221281431,-0.10962169213118617
2024-02-29 01:00:00+00:00,2024,2,29,1,3,Qui,9,1,0,Inverno,Madrugada,Vazio,119.42238936979297,0.9873098508853728,3.4071842828643977
2024-02-29 01:00:00+00:00,2024,2,29,1,3,Qui,9,1,0,Inverno,Madrugada,Vazio,82.85895184678188,0.6767934131719946,1.891627196504087
2024-02-29 02:00:00+00:00,2024,2,29,2,3,Qui,9,1,0,Inverno,Madrugada,Vazio,35.36839424665321,0.27347797649476113,-0.07685979438074078
2024-02-29 02:00:00+00:00,2024,2,29,2,3,Qui,9,1,0,Inverno,Madrugada,Vazio,55.99,0.448607778073976,0.7779072310649426
2024-02-29 03:00:00+00:00,2024,2,29,3,3,Qui,9,1,0,Inverno,Madrugada,Vazio,12.756,0.08144132498401978,-1.0141451444936898
2024-02-29 03:00:00+00:00,2024,2,29,3,3,Qui,9,1,0,Inverno,Madrugada,Vazio,21.307626312272568,0.15406634929886137,-0.6596796255086834
2024-02-29 04:00:00+00:00,2024,2,29,4,3,Qui,9,1,0,Inverno,Madrugada,Vazio,38.35223146930561,0.29881833199365243,0.04682047076091857
2024-02-29 04:00:00+00:00,2024,2,29,4,3,Qui,9,1,0,Inverno,Madrugada,Vazio,19.39676026322122,0.137838243882749,-0.7388851591760934
2024-02-29 05:00:00+00:00,2024,2,29,5,3,Qui,9,1,0,Inverno,Madrugada,Vazio,33.63004528986368,0.2587149793004919,-0.14891448230146398
2024-02-29 05:00:00+00:00,2024,2,29,5,3,Qui,9,1,0,Inverno,Madrugada,Vazio,20.308560767585394,0.14558174568949897,-0.701090963406991
2024-02-29 06:00:00+00:00,2024,2,29,6,3,Qui,9,1,0,Inverno,Manhã,Vazio,26.989332903622525,0.20231846699890738,-0.4241724831148307
2024-02-29 06:00:00+00:00,2024,2,29,6,3,Qui,9,1,0,Inverno,Manhã,Vazio,5.145835978705575,0.016811706370625866,-1.329586984544379
2024-02-29 07:00:00+00:00,2024,2,29,7,3,Qui,9,1,0,Inverno,Manhã,Cheio,38.326,0.298595560204221,0.045733174492160036
2024-02-29 07:00:00+00:00,2024,2,29,7,3,Qui,9,1,0,Inverno,Manhã,Cheio,37.3,0.2898822146689873,0.003205401505085913
2024-02-29 08:00:00+00:00,2024,2,29,8,3,Qui,9,1,0,Inverno,Manhã,Cheio,30.5524562783053,0.2325784330303685,-0.27648076576254416
2024-02-29 08:00:00+00:00,2024,2,29,8,3,Qui,9,1,0,Inverno,Manhã,Cheio,30.43186498234129,0.23155430668507018,-0.28147928355881563
2024-02-29 09:00:00+00:00,2024,2,29,9,3,Qui,9,1,0,Inverno,Manhã,Ponta,11.882,0.07401884545400585,-1.050372506667864
2024-02-29 09:00:00+00:00,2024,2,29,9,3,Qui,9,1,0,Inverno,Manhã,Ponta,25.348621899477536,0.18838466397495457,-0.49218007095271793
2024-02-29 10:00:00+00:00,2024,2,29,10,3,Qui,9,1,0,Inverno,Manhã,Ponta,41.9158430931096,0.32908244450006524,0.19453242607401247
2024-02-29 10:00:00+00:00,2024,2,29,10,3,Qui,9,1,0,Inverno,Manhã,Ponta,41.9158430931096,0.32908244450006524,0.19453242607401247
2024-02-29 11:00:00+00:00,2024,2,29,11,3,Qui,9,1,0,Inverno,Manhã,Ponta,36.16176746593148,0.2802157299040909,-0.04397441800306977
2024-02-29 11:00:00+00:00,2024,2,29,11,3,Qui,9,1,0,Inverno,Manhã,Ponta,12.534325448141905,0.07955874509444114,-1.023333570437581
2024-02-29 12:00:00+00:00,2024,2,29,12,3,Qui,9,1,0,Inverno,Tarde,Cheio,45.89375594789309,0.3628650265787949,0.3594171968835599
2024-02-29 12:00:00+00:00,2024,2,29,12,3,Qui,9,1,0,Inverno,Tarde,Cheio,65.416,0.5286584554766204,1.1686156016070082
2024-02-29 13:00:00+00:00,2024,2,29,13,3,Qui,9,1,0,Inverno,Tarde,Cheio,15.011132241174494,0.10059312463801531,-0.9206697526725394
2024-02-29 13:00:00+00:00,2024,2,29,13,3,Qui,9,1,0,Inverno,Tarde,Cheio,21.816,0.15838373292672697,-0.6386074999879487
2024-02-29 14:00:00+00:00,2024,2,29,14,3,Qui,9,1,0,Inverno,Tarde,Cheio,33.348,0.2563196985332722,-0.1606052796303101
2024-02-29 14:00:00+00:00,2024,2,29,14,3,Qui,9,1,0,Inverno,Tarde,Cheio,30.51195714135607,0.23223449250978626,-0.278159457870097
2024-02-29 15:00:00+00:00,2024,2,29,15,3,Qui,9,1,0,Inverno,Tarde,Cheio,96.59822611444784,0.7934747427017401,2.461121092276451
2024-02-29 15:00:00+00:00,2024,2,29,15,3,Qui,9,1,0,Inverno,Tarde,Cheio,38.433476003202486,0.29950830440758275,0.050188062470477135
2024-02-29 16:00:00+00:00,2024,2,29,16,3,Qui,9,1,0,Inverno,Tarde,Cheio,51.102870359530215,0.40710363652144593,0.57533535980929
2024-02-29 16:00:00+00:00,2024,2,29,16,3,Qui,9,1,0,Inverno,Tarde,Cheio,10.546,0.06267281267128434,-1.1057498017075627
2024-02-29 17:00:00+00:00,2024,2,29,17,3,Qui,9,1,0,Inverno,Tarde,Cheio,63.37718862726426,0.5113437693442513,1.0841067251711698
2024-02-29 17:00:00+00:00,2024,2,29,17,3,Qui,9,1,0,Inverno,Tarde,Cheio,29.886000000000003,0.2269185267564894,-0.30410542590833156
2024-02-29 18:00:00+00:00,2024,2,29,18,3,Qui,9,1,0,Inverno,Noite,Ponta,57.87200000000001,0.46459073742807927,0.855916264945716
2024-02-29 18:00:00+00:00,2024,2,29,18,3,Qui,9,1,0,Inverno,Noite,Ponta,81.28210981658579,0.6634020199326398,1.8262669821798607
2024-02-29 19:00:00+00:00,2024,2,29,19,3,Qui,9,1,0,Inverno,Noite,Ponta,69.998223743174,0.5675731716501362,1.3585491017295073
2024-02-29 19:00:00+00:00,2024,2,29,19,3,Qui,9,1,0,Inverno,Noite,Ponta,40.328304944753285,0.3156002140546523,0.1287288568911497
2024-02-29 20:00:00+00:00,2024,2,29,20,3,Qui,9,1,0,Inverno,Noite,Ponta,92.29215266404212,0.7569052437997117,2.282634041433838
2024-02-29 20:00:00+00:00,2024,2,29,20,3,Qui,9,1,0,Inverno,Noite,Ponta,24.981682264894975,0.1852684146312019,-0.507389744909333
2024-02-29 21:00:00+00:00,2024,2,29,21,3,Qui,9,1,0,Inverno,Noite,Cheio,11.828,0.07356024832057251,-1.0526108105092888
2024-02-29 21:00:00+00:00,2024,2,29,21,3,Qui,9,1,0,Inverno,Noite,Cheio,95.79045240373492,0.7866146925499665,2.4276388145043986
2024-02-29 22:00:00+00:00,2024,2,29,22,3,Qui,9,1,0,Inverno,Noite,Vazio,97.83742770882375,0.8039987112003852,2.5124860865170344
2024-02-29 22:00:00+00:00,2024,2,29,22,3,Qui,9,1,0,Inverno,Noite,Vazio,102.15299149186468,0.8406488071272624,2.691366512322495
2024-02-29 23:00:00+00:00,2024,2,29,23,3,Qui,9,1,0,Inverno,Noite,Vazio,64.348156179451,0.5195897496422075,1.1243533992815133
2024-02-29 23:00:00+00:00,2024,2,29,23,3,Qui,9,1,0,Inverno,Noite,Vazio,27.76,0.20886338776242808,-0.3922282771466545
