Data/Hora;Energia ativa (kWh)
2024-01-01 00:00:00+00:00;21828.38119554828
2024-01-01 01:00:00+00:00;19464.59012919513
2024-01-01 02:00:00+00:00;18103.39286171231
2024-01-01 03:00:00+00:00;17332.589634789125
2024-01-01 04:00:00+00:00;17217.162584307775
2024-01-01 05:00:00+00:00;17429.664435309613
2024-01-01 06:00:00+00:00;19231.748210303555
2024-01-01 07:00:00+00:00;23027.25708119081
2024-01-01 08:00:00+00:00;27712.9074645244
2024-01-01 09:00:00+00:00;31026.96738030828
2024-01-01 10:00:00+00:00;32193.849237949766
2024-01-01 11:00:00+00:00;32650.668047989202
2024-01-01 12:00:00+00:00;32913.82215709942
2024-01-01 13:00:00+00:00;31889.48644131056
2024-01-01 14:00:00+00:00;31509.477069460423
2024-01-01 15:00:00+00:00;31226.108520110654
2024-01-01 16:00:00+00:00;31295.257046253286
2024-01-01 17:00:00+00:00;31820.407065503077
2024-01-01 18:00:00+00:00;34071.62727458989
2024-01-01 19:00:00+00:00;37417.653259188264
2024-01-01 20:00:00+00:00;37329.554790626855
2024-01-01 21:00:00+00:00;34458.401444164796
2024-01-01 22:00:00+00:00;31021.801439922627
2024-01-01 23:00:00+00:00;26527.260490085504
2024-01-02 00:00:00+00:00;22743.408361680442
2024-01-02 01:00:00+00:00;20467.107561695157
2024-01-02 02:00:00+00:00;19043.554204078468
2024-01-02 03:00:00+00:00;18337.858942427454
2024-01-02 04:00:00+00:00;18099.550299997103
2024-01-02 05:00:00+00:00;18174.24049616241
2024-01-02 06:00:00+00:00;19804.6176916581
2024-01-02 07:00:00+00:00;23124.266018967952
2024-01-02 08:00:00+00:00;26759.233351734805
2024-01-02 09:00:00+00:00;29516.848592397444
2024-01-02 10:00:00+00:00;31080.212342698396
2024-01-02 11:00:00+00:00;32250.40489957726
2024-01-02 12:00:00+00:00;32511.591834887495
2024-01-02 13:00:00+00:00;31202.029592302635
2024-01-02 14:00:00+00:00;30969.939778829386
2024-01-02 15:00:00+00:00;30152.480039678157
2024-01-02 16:00:00+00:00;30193.437257320664
2024-01-02 17:00:00+00:00;30834.880489973748
2024-01-02 18:00:00+00:00;33526.205878038396
2024-01-02 19:00:00+00:00;37032.65214778764
2024-01-02 20:00:00+00:00;37168.600057507945
2024-01-02 21:00:00+00:00;34643.99356914286
2024-01-02 22:00:00+00:00;30893.130826324315
2024-01-02 23:00:00+00:00;26794.67740616998
2024-01-03 00:00:00+00:00;22971.68055245806
2024-01-03 01:00:00+00:00;20667.38553295614
2024-01-03 02:00:00+00:00;19340.80972191601
2024-01-03 03:00:00+00:00;18430.529531612538
2024-01-03 04:00:00+00:00;18220.01365918114
2024-01-03 05:00:00+00:00;18303.70710962441
2024-01-03 06:00:00+00:00;19995.93103889817
2024-01-03 07:00:00+00:00;24071.700311127057
2024-01-03 08:00:00+00:00;28402.828217620256
2024-01-03 09:00:00+00:00;31305.319886021687
2024-01-03 10:00:00+00:00;32317.992885857635
2024-01-03 11:00:00+00:00;32987.3518876212
2024-01-03 12:00:00+00:00;33373.30888011717
2024-01-03 13:00:00+00:00;32321.174998790964
2024-01-03 14:00:00+00:00;31975.061282806233
2024-01-03 15:00:00+00:00;31215.45175685174
2024-01-03 16:00:00+00:00;31365.668340076412
2024-01-03 17:00:00+00:00;31629.52883883513
2024-01-03 18:00:00+00:00;33990.416160988134
2024-01-03 19:00:00+00:00;37268.23313574405
2024-01-03 20:00:00+00:00;37022.51021876894
2024-01-03 21:00:00+00:00;34255.92858701315
2024-01-03 22:00:00+00:00;30570.72139459935
2024-01-03 23:00:00+00:00;26369.55238726555
2024-01-04 00:00:00+00:00;22535.318643136416
2024-01-04 01:00:00+00:00;20250.903143648186
2024-01-04 02:00:00+00:00;18856.223896871936
2024-01-04 03:00:00+00:00;18208.000654221658
2024-01-04 04:00:00+00:00;18045.508516816837
2024-01-04 05:00:00+00:00;18277.984626325677
2024-01-04 06:00:00+00:00;19962.957988656897
2024-01-04 07:00:00+00:00;24063.910586845577
2024-01-04 08:00:00+00:00;28568.017251823352
2024-01-04 09:00:00+00:00;31547.639418199687
2024-01-04 10:00:00+00:00;33081.418153321094
2024-01-04 11:00:00+00:00;33668.832722497435
2024-01-04 12:00:00+00:00;34056.80812517702
2024-01-04 13:00:00+00:00;33324.61565947978
2024-01-04 14:00:00+00:00;33023.56533941305
2024-01-04 15:00:00+00:00;32448.512684521447
2024-01-04 16:00:00+00:00;32561.550695580194
2024-01-04 17:00:00+00:00;32858.87215550977
2024-01-04 18:00:00+00:00;34820.74797994645
2024-01-04 19:00:00+00:00;38025.060993083236
2024-01-04 20:00:00+00:00;37578.59516589253
2024-01-04 21:00:00+00:00;34859.25684198243
2024-01-04 22:00:00+00:00;31215.53152351505
2024-01-04 23:00:00+00:00;25450.06307044178
2024-01-05 00:00:00+00:00;22930.551934415096
2024-01-05 01:00:00+00:00;20572.7956660664
2024-01-05 02:00:00+00:00;19251.518627606398
2024-01-05 03:00:00+00:00;18442.004275359785
2024-01-05 04:00:00+00:00;18337.51763021642
2024-01-05 05:00:00+00:00;18219.316803529833
2024-01-05 06:00:00+00:00;19838.17647498959
2024-01-05 07:00:00+00:00;23857.723801659864
2024-01-05 08:00:00+00:00;28574.863874906776
2024-01-05 09:00:00+00:00;31772.274569077235
2024-01-05 10:00:00+00:00;33039.68237046498
2024-01-05 11:00:00+00:00;33530.689233910176
2024-01-05 12:00:00+00:00;33397.59755189881
2024-01-05 13:00:00+00:00;32120.70045603679
2024-01-05 14:00:00+00:00;32009.603827598206
2024-01-05 15:00:00+00:00;31614.54695553583
2024-01-05 16:00:00+00:00;31747.97886040044
2024-01-05 17:00:00+00:00;31559.11285482344
2024-01-05 18:00:00+00:00;33560.94826289008
2024-01-05 19:00:00+00:00;35755.88116369269
2024-01-05 20:00:00+00:00;35332.34965178751
2024-01-05 21:00:00+00:00;32813.104544713904
2024-01-05 22:00:00+00:00;30190.25652680314
2024-01-05 23:00:00+00:00;25906.53968155294
2024-01-06 00:00:00+00:00;22278.906420210657
2024-01-06 01:00:00+00:00;19996.3995903088
2024-01-06 02:00:00+00:00;18450.97193468318
2024-01-06 03:00:00+00:00;17515.37531710479
2024-01-06 04:00:00+00:00;17271.03516439726
2024-01-06 05:00:00+00:00;17283.960219168053
2024-01-06 06:00:00+00:00;17987.49708051865
2024-01-06 07:00:00+00:00;19247.906622160404
2024-01-06 08:00:00+00:00;22001.992101821994
2024-01-06 09:00:00+00:00;25365.670179428726
2024-01-06 10:00:00+00:00;27339.663729869055
2024-01-06 11:00:00+00:00;28501.252128630556
2024-01-06 12:00:00+00:00;29911.493620221518
2024-01-06 13:00:00+00:00;29003.869187541677
2024-01-06 14:00:00+00:00;27722.522715054172
2024-01-06 15:00:00+00:00;27044.727209430403
2024-01-06 16:00:00+00:00;26843.847691208848
2024-01-06 17:00:00+00:00;27993.600180626046
2024-01-06 18:00:00+00:00;30987.982841832178
2024-01-06 19:00:00+00:00;33207.905933841634
2024-01-06 20:00:00+00:00;32677.22673713405
2024-01-06 21:00:00+00:00;30212.252733660745
2024-01-06 22:00:00+00:00;27927.189918243366
2024-01-06 23:00:00+00:00;24360.0870216896
2024-01-07 00:00:00+00:00;21147.15222005831
2024-01-07 01:00:00+00:00;18993.406322679086
2024-01-07 02:00:00+00:00;17558.748093984672
2024-01-07 03:00:00+00:00;16710.372486959815
2024-01-07 04:00:00+00:00;16321.902144818741
2024-01-07 05:00:00+00:00;16350.45282477254
2024-01-07 06:00:00+00:00;16694.364545718523
2024-01-07 07:00:00+00:00;17510.008133142906
2024-01-07 08:00:00+00:00;19590.865379173956
2024-01-07 09:00:00+00:00;23045.51800696063
2024-01-07 10:00:00+00:00;25950.025446633976
2024-01-07 11:00:00+00:00;27775.228163923
2024-01-07 12:00:00+00:00;29553.020944557946
2024-01-07 13:00:00+00:00;28299.167929218584
2024-01-07 14:00:00+00:00;26833.57539822003
2024-01-07 15:00:00+00:00;26174.27577129993
2024-01-07 16:00:00+00:00;26303.22645197154
2024-01-07 17:00:00+00:00;27580.41436918539
2024-01-07 18:00:00+00:00;30314.469466361745
2024-01-07 19:00:00+00:00;32871.316625606756
2024-01-07 20:00:00+00:00;33045.080719905374
2024-01-07 21:00:00+00:00;31014.342568569627
2024-01-07 22:00:00+00:00;27782.93842537993
2024-01-07 23:00:00+00:00;24225.433024750517
2024-01-08 00:00:00+00:00;21828.38119554828
2024-01-08 01:00:00+00:00;19464.59012919513
2024-01-08 02:00:00+00:00;18103.39286171231
2024-01-08 03:00:00+00:00;17332.589634789125
2024-01-08 04:00:00+00:00;17217.162584307775
2024-01-08 05:00:00+00:00;17429.664435309613
2024-01-08 06:00:00+00:00;19231.748210303555
2024-01-08 07:00:00+00:00;23027.25708119081
2024-01-08 08:00:00+00:00;27712.9074645244
2024-01-08 09:00:00+00:00;31026.96738030828
2024-01-08 10:00:00+00:00;32193.849237949766
2024-01-08 11:00:00+00:00;32650.668047989202
2024-01-08 12:00:00+00:00;32913.82215709942
2024-01-08 13:00:00+00:00;31889.48644131056
2024-01-08 14:00:00+00:00;31509.477069460423
2024-01-08 15:00:00+00:00;31226.108520110654
2024-01-08 16:00:00+00:00;31295.257046253286
2024-01-08 17:00:00+00:00;31820.407065503077
2024-01-08 18:00:00+00:00;34071.62727458989
2024-01-08 19:00:00+00:00;37417.653259188264
2024-01-08 20:00:00+00:00;37329.554790626855
2024-01-08 21:00:00+00:00;34458.401444164796
2024-01-08 22:00:00+00:00;31021.801439922627
2024-01-08 23:00:00+00:00;26527.260490085504
2024-01-09 00:00:00+00:00;22743.408361680442
2024-01-09 01:00:00+00:00;20467.107561695157
2024-01-09 02:00:00+00:00;19043.554204078468
2024-01-09 03:00:00+00:00;18337.858942427454
2024-01-09 04:00:00+00:00;18099.550299997103
2024-01-09 05:00:00+00:00;18174.24049616241
2024-01-09 06:00:00+00:00;19804.6176916581
2024-01-09 07:00:00+00:00;23124.266018967952
2024-01-09 08:00:00+00:00;26759.233351734805
2024-01-09 09:00:00+00:00;29516.848592397444
2024-01-09 10:00:00+00:00;31080.212342698396
2024-01-09 11:00:00+00:00;32250.40489957726
2024-01-09 12:00:00+00:00;32511.591834887495
2024-01-09 13:00:00+00:00;31202.029592302635
2024-01-09 14:00:00+00:00;30969.939778829386
2024-01-09 15:00:00+00:00;30152.480039678157
2024-01-09 16:00:00+00:00;30193.437257320664
2024-01-09 17:00:00+00:00;30834.880489973748
2024-01-09 18:00:00+00:00;33526.205878038396
2024-01-09 19:00:00+00:00;37032.65214778764
2024-01-09 20:00:00+00:00;37168.600057507945
2024-01-09 21:00:00+00:00;34643.99356914286
2024-01-09 22:00:00+00:00;30893.130826324315
2024-01-09 23:00:00+00:00;26794.67740616998
2024-01-10 00:00:00+00:00;22971.68055245806
2024-01-10 01:00:00+00:00;20667.38553295614
2024-01-10 02:00:00+00:00;19340.80972191601
2024-01-10 03:00:00+00:00;18430.529531612538
2024-01-10 04:00:00+00:00;18220.01365918114
2024-01-10 05:00:00+00:00;18303.70710962441
2024-01-10 06:00:00+00:00;19995.93103889817
2024-01-10 07:00:00+00:00;24071.700311127057
2024-01-10 08:00:00+00:00;28402.828217620256
2024-01-10 09:00:00+00:00;31305.319886021687
2024-01-10 10:00:00+00:00;32317.992885857635
2024-01-10 11:00:00+00:00;32987.3518876212
2024-01-10 12:00:00+00:00;33373.30888011717
2024-01-10 13:00:00+00:00;32321.174998790964
2024-01-10 14:00:00+00:00;31975.061282806233
2024-01-10 15:00:00+00:00;31215.45175685174
2024-01-10 16:00:00+00:00;31365.668340076412
2024-01-10 17:00:00+00:00;31629.52883883513
2024-01-10 18:00:00+00:00;33990.416160988134
2024-01-10 19:00:00+00:00;37268.23313574405
2024-01-10 20:00:00+00:00;37022.51021876894
2024-01-10 21:00:00+00:00;34255.92858701315
2024-01-10 22:00:00+00:00;30570.72139459935
2024-01-10 23:00:00+00:00;26369.55238726555
2024-01-11 00:00:00+00:00;22535.318643136416
2024-01-11 01:00:00+00:00;20250.903143648186
2024-01-11 02:00:00+00:00;18856.223896871936
2024-01-11 03:00:00+00:00;18208.000654221658
2024-01-11 04:00:00+00:00;18045.508516816837
2024-01-11 05:00:00+00:00;18277.984626325677
2024-01-11 06:00:00+00:00;19962.957988656897
2024-01-11 07:00:00+00:00;24063.910586845577
2024-01-11 08:00:00+00:00;28568.017251823352
2024-01-11 09:00:00+00:00;31547.639418199687
2024-01-11 10:00:00+00:00;33081.418153321094
2024-01-11 11:00:00+00:00;33668.832722497435
2024-01-11 12:00:00+00:00;34056.80812517702
2024-01-11 13:00:00+00:00;33324.61565947978
2024-01-11 14:00:00+00:00;33023.56533941305
2024-01-11 15:00:00+00:00;32448.512684521447
2024-01-11 16:00:00+00:00;32561.550695580194
2024-01-11 17:00:00+00:00;32858.87215550977
2024-01-11 18:00:00+00:00;34820.74797994645
2024-01-11 19:00:00+00:00;38025.060993083236
2024-01-11 20:00:00+00:00;37578.59516589253
2024-01-11 21:00:00+00:00;34859.25684198243
2024-01-11 22:00:00+00:00;31215.53152351505
2024-01-11 23:00:00+00:00;25450.06307044178
2024-01-12 00:00:00+00:00;22930.551934415096
2024-01-12 01:00:00+00:00;20572.7956660664
2024-01-12 02:00:00+00:00;19251.518627606398
2024-01-12 03:00:00+00:00;18442.004275359785
2024-01-12 04:00:00+00:00;18337.51763021642
2024-01-12 05:00:00+00:00;18219.316803529833
2024-01-12 06:00:00+00:00;19838.17647498959
2024-01-12 07:00:00+00:00;23857.723801659864
2024-01-12 08:00:00+00:00;28574.863874906776
2024-01-12 09:00:00+00:00;31772.274569077235
2024-01-12 10:00:00+00:00;33039.68237046498
2024-01-12 11:00:00+00:00;33530.689233910176
2024-01-12 12:00:00+00:00;33397.59755189881
2024-01-12 13:00:00+00:00;32120.70045603679
2024-01-12 14:00:00+00:00;32009.603827598206
2024-01-12 15:00:00+00:00;31614.54695553583
2024-01-12 16:00:00+00:00;31747.97886040044
2024-01-12 17:00:00+00:00;31559.11285482344
2024-01-12 18:00:00+00:00;33560.94826289008
2024-01-12 19:00:00+00:00;35755.88116369269
2024-01-12 20:00:00+00:00;35332.34965178751
2024-01-12 21:00:00+00:00;32813.104544713904
2024-01-12 22:00:00+00:00;30190.25652680314
2024-01-12 23:00:00+00:00;25906.53968155294
2024-01-13 00:00:00+00:00;22278.906420210657
2024-01-13 01:00:00+00:00;19996.3995903088
2024-01-13 02:00:00+00:00;18450.97193468318
2024-01-13 03:00:00+00:00;17515.37531710479
2024-01-13 04:00:00+00:00;17271.03516439726
2024-01-13 05:00:00+00:00;17283.960219168053
2024-01-13 06:00:00+00:00;17987.49708051865
2024-01-13 07:00:00+00:00;19247.906622160404
2024-01-13 08:00:00+00:00;22001.992101821994
2024-01-13 09:00:00+00:00;25365.670179428726
2024-01-13 10:00:00+00:00;27339.663729869055
2024-01-13 11:00:00+00:00;28501.252128630556
2024-01-13 12:00:00+00:00;29911.493620221518
2024-01-13 13:00:00+00:00;29003.869187541677
2024-01-13 14:00:00+00:00;27722.522715054172
2024-01-13 15:00:00+00:00;27044.727209430403
2024-01-13 16:00:00+00:00;26843.847691208848
2024-01-13 17:00:00+00:00;27993.600180626046
2024-01-13 18:00:00+00:00;30987.982841832178
2024-01-13 19:00:00+00:00;33207.905933841634
2024-01-13 20:00:00+00:00;32677.22673713405
2024-01-13 21:00:00+00:00;30212.252733660745
2024-01-13 22:00:00+00:00;27927.189918243366
2024-01-13 23:00:00+00:00;24360.0870216896
2024-01-14 00:00:00+00:00;21147.15222005831
2024-01-14 01:00:00+00:00;18993.406322679086
2024-01-14 02:00:00+00:00;17558.748093984672
2024-01-14 03:00:00+00:00;16710.372486959815
2024-01-14 04:00:00+00:00;16321.902144818741
2024-01-14 05:00:00+00:00;16350.45282477254
2024-01-14 06:00:00+00:00;16694.364545718523
2024-01-14 07:00:00+00:00;17510.008133142906
2024-01-14 08:00:00+00:00;19590.865379173956
2024-01-14 09:00:00+00:00;23045.51800696063
2024-01-14 10:00:00+00:00;25950.025446633976
2024-01-14 11:00:00+00:00;27775.228163923
2024-01-14 12:00:00+00:00;29553.020944557946
2024-01-14 13:00:00+00:00;28299.167929218584
2024-01-14 14:00:00+00:00;26833.57539822003
2024-01-14 15:00:00+00:00;26174.27577129993
2024-01-14 16:00:00+00:00;26303.22645197154
2024-01-14 17:00:00+00:00;27580.41436918539
2024-01-14 18:00:00+00:00;30314.469466361745
2024-01-14 19:00:00+00:00;32871.316625606756
2024-01-14 20:00:00+00:00;33045.080719905374
2024-01-14 21:00:00+00:00;31014.342568569627
2024-01-14 22:00:00+00:00;27782.93842537993
2024-01-14 23:00:00+00:00;24225.433024750517
2024-01-15 00:00:00+00:00;21828.38119554828
2024-01-15 01:00:00+00:00;19464.59012919513
2024-01-15 02:00:00+00:00;18103.39286171231
2024-01-15 03:00:00+00:00;17332.589634789125
2024-01-15 04:00:00+00:00;17217.162584307775
2024-01-15 05:00:00+00:00;17429.664435309613
2024-01-15 06:00:00+00:00;19231.748210303555
2024-01-15 07:00:00+00:00;23027.25708119081
2024-01-15 08:00:00+00:00;27712.9074645244
2024-01-15 09:00:00+00:00;31026.96738030828
2024-01-15 10:00:00+00:00;32193.849237949766
2024-01-15 11:00:00+00:00;32650.668047989202
2024-01-15 12:00:00+00:00;32913.82215709942
2024-01-15 13:00:00+00:00;31889.48644131056
2024-01-15 14:00:00+00:00;31509.477069460423
2024-01-15 15:00:00+00:00;31226.108520110654
2024-01-15 16:00:00+00:00;31295.257046253286
2024-01-15 17:00:00+00:00;31820.407065503077
2024-01-15 18:00:00+00:00;34071.62727458989
2024-01-15 19:00:00+00:00;37417.653259188264
2024-01-15 20:00:00+00:00;37329.554790626855
2024-01-15 21:00:00+00:00;34458.401444164796
2024-01-15 22:00:00+00:00;31021.801439922627
2024-01-15 23:00:00+00:00;26527.260490085504
2024-01-16 00:00:00+00:00;22743.408361680442
2024-01-16 01:00:00+00:00;20467.107561695157
2024-01-16 02:00:00+00:00;19043.554204078468
2024-01-16 03:00:00+00:00;18337.858942427454
2024-01-16 04:00:00+00:00;18099.550299997103
2024-01-16 05:00:00+00:00;18174.24049616241
2024-01-16 06:00:00+00:00;19804.6176916581
2024-01-16 07:00:00+00:00;23124.266018967952
2024-01-16 08:00:00+00:00;26759.233351734805
2024-01-16 09:00:00+00:00;29516.848592397444
2024-01-16 10:00:00+00:00;31080.212342698396
2024-01-16 11:00:00+00:00;32250.40489957726
2024-01-16 12:00:00+00:00;32511.591834887495
2024-01-16 13:00:00+00:00;31202.029592302635
2024-01-16 14:00:00+00:00;30969.939778829386
2024-01-16 15:00:00+00:00;30152.480039678157
2024-01-16 16:00:00+00:00;30193.437257320664
2024-01-16 17:00:00+00:00;30834.880489973748
2024-01-16 18:00:00+00:00;33526.205878038396
2024-01-16 19:00:00+00:00;37032.65214778764
2024-01-16 20:00:00+00:00;37168.600057507945
2024-01-16 21:00:00+00:00;34643.99356914286
2024-01-16 22:00:00+00:00;30893.130826324315
2024-01-16 23:00:00+00:00;26794.67740616998
2024-01-17 00:00:00+00:00;22971.68055245806
2024-01-17 01:00:00+00:00;20667.38553295614
2024-01-17 02:00:00+00:00;19340.80972191601
2024-01-17 03:00:00+00:00;18430.529531612538
2024-01-17 04:00:00+00:00;18220.01365918114
2024-01-17 05:00:00+00:00;18303.70710962441
2024-01-17 06:00:00+00:00;19995.93103889817
2024-01-17 07:00:00+00:00;24071.700311127057
2024-01-17 08:00:00+00:00;28402.828217620256
2024-01-17 09:00:00+00:00;31305.319886021687
2024-01-17 10:00:00+00:00;32317.992885857635
2024-01-17 11:00:00+00:00;32987.3518876212
2024-01-17 12:00:00+00:00;33373.30888011717
2024-01-17 13:00:00+00:00;32321.174998790964
2024-01-17 14:00:00+00:00;31975.061282806233
2024-01-17 15:00:00+00:00;31215.45175685174
2024-01-17 16:00:00+00:00;31365.668340076412
2024-01-17 17:00:00+00:00;31629.52883883513
2024-01-17 18:00:00+00:00;33990.416160988134
2024-01-17 19:00:00+00:00;37268.23313574405
2024-01-17 20:00:00+00:00;37022.51021876894
2024-01-17 21:00:00+00:00;34255.92858701315
2024-01-17 22:00:00+00:00;30570.72139459935
2024-01-17 23:00:00+00:00;26369.55238726555
2024-01-18 00:00:00+00:00;22535.318643136416
2024-01-18 01:00:00+00:00;20250.903143648186
2024-01-18 02:00:00+00:00;18856.223896871936
2024-01-18 03:00:00+00:00;18208.000654221658
2024-01-18 04:00:00+00:00;18045.508516816837
2024-01-18 05:00:00+00:00;18277.984626325677
2024-01-18 06:00:00+00:00;19962.957988656897
2024-01-18 07:00:00+00:00;24063.910586845577
2024-01-18 08:00:00+00:00;28568.017251823352
2024-01-18 09:00:00+00:00;31547.639418199687
2024-01-18 10:00:00+00:00;33081.418153321094
2024-01-18 11:00:00+00:00;33668.832722497435
2024-01-18 12:00:00+00:00;34056.80812517702
2024-01-18 13:00:00+00:00;33324.61565947978
2024-01-18 14:00:00+00:00;33023.56533941305
2024-01-18 15:00:00+00:00;32448.512684521447
2024-01-18 16:00:00+00:00;32561.550695580194
2024-01-18 17:00:00+00:00;32858.87215550977
2024-01-18 18:00:00+00:00;34820.74797994645
2024-01-18 19:00:00+00:00;38025.060993083236
2024-01-18 20:00:00+00:00;37578.59516589253
2024-01-18 21:00:00+00:00;34859.25684198243
2024-01-18 22:00:00+00:00;31215.53152351505
2024-01-18 23:00:00+00:00;25450.06307044178
2024-01-19 00:00:00+00:00;22930.551934415096
2024-01-19 01:00:00+00:00;20572.7956660664
2024-01-19 02:00:00+00:00;19251.518627606398
2024-01-19 03:00:00+00:00;18442.004275359785
2024-01-19 04:00:00+00:00;18337.51763021642
2024-01-19 05:00:00+00:00;18219.316803529833
2024-01-19 06:00:00+00:00;19838.17647498959
2024-01-19 07:00:00+00:00;23857.723801659864
2024-01-19 08:00:00+00:00;28574.863874906776
2024-01-19 09:00:00+00:00;31772.274569077235
2024-01-19 10:00:00+00:00;33039.68237046498
2024-01-19 11:00:00+00:00;33530.689233910176
2024-01-19 12:00:00+00:00;33397.59755189881
2024-01-19 13:00:00+00:00;32120.70045603679
2024-01-19 14:00:00+00:00;32009.603827598206
2024-01-19 15:00:00+00:00;31614.54695553583
2024-01-19 16:00:00+00:00;31747.97886040044
2024-01-19 17:00:00+00:00;31559.11285482344
2024-01-19 18:00:00+00:00;33560.94826289008
2024-01-19 19:00:00+00:00;35755.88116369269
2024-01-19 20:00:00+00:00;35332.34965178751
2024-01-19 21:00:00+00:00;32813.104544713904
2024-01-19 22:00:00+00:00;30190.25652680314
2024-01-19 23:00:00+00:00;25906.53968155294
2024-01-20 00:00:00+00:00;22278.906420210657
2024-01-20 01:00:00+00:00;19996.3995903088
2024-01-20 02:00:00+00:00;18450.97193468318
2024-01-20 03:00:00+00:00;17515.37531710479
2024-01-20 04:00:00+00:00;17271.03516439726
2024-01-20 05:00:00+00:00;17283.960219168053
2024-01-20 06:00:00+00:00;17987.49708051865
2024-01-20 07:00:00+00:00;19247.906622160404
2024-01-20 08:00:00+00:00;22001.992101821994
2024-01-20 09:00:00+00:00;25365.670179428726
2024-01-20 10:00:00+00:00;27339.663729869055
2024-01-20 11:00:00+00:00;28501.252128630556
2024-01-20 12:00:00+00:00;29911.493620221518
2024-01-20 13:00:00+00:00;29003.869187541677
2024-01-20 14:00:00+00:00;27722.522715054172
2024-01-20 15:00:00+00:00;27044.727209430403
2024-01-20 16:00:00+00:00;26843.847691208848
2024-01-20 17:00:00+00:00;27993.600180626046
2024-01-20 18:00:00+00:00;30987.982841832178
2024-01-20 19:00:00+00:00;33207.905933841634
2024-01-20 20:00:00+00:00;32677.22673713405
2024-01-20 21:00:00+00:00;30212.252733660745
2024-01-20 22:00:00+00:00;27927.189918243366
2024-01-20 23:00:00+00:00;24360.0870216896
2024-01-21 00:00:00+00:00;21147.15222005831
2024-01-21 01:00:00+00:00;18993.406322679086
2024-01-21 02:00:00+00:00;17558.748093984672
2024-01-21 03:00:00+00:00;16710.372486959815
2024-01-21 04:00:00+00:00;16321.902144818741
2024-01-21 05:00:00+00:00;16350.45282477254
2024-01-21 06:00:00+00:00;16694.364545718523
2024-01-21 07:00:00+00:00;17510.008133142906
2024-01-21 08:00:00+00:00;19590.865379173956
2024-01-21 09:00:00+00:00;23045.51800696063
2024-01-21 10:00:00+00:00;25950.025446633976
2024-01-21 11:00:00+00:00;27775.228163923
2024-01-21 12:00:00+00:00;29553.020944557946
2024-01-21 13:00:00+00:00;28299.167929218584
2024-01-21 14:00:00+00:00;26833.57539822003
2024-01-21 15:00:00+00:00;26174.27577129993
2024-01-21 16:00:00+00:00;26303.22645197154
2024-01-21 17:00:00+00:00;27580.41436918539
2024-01-21 18:00:00+00:00;30314.469466361745
2024-01-21 19:00:00+00:00;32871.316625606756
2024-01-21 20:00:00+00:00;33045.080719905374
2024-01-21 21:00:00+00:00;31014.342568569627
2024-01-21 22:00:00+00:00;27782.93842537993
2024-01-21 23:00:00+00:00;24225.433024750517
2024-01-22 00:00:00+00:00;21828.38119554828
2024-01-22 01:00:00+00:00;19464.59012919513
2024-01-22 02:00:00+00:00;18103.39286171231
2024-01-22 03:00:00+00:00;17332.589634789125
2024-01-22 04:00:00+00:00;17217.162584307775
2024-01-22 05:00:00+00:00;17429.664435309613
2024-01-22 06:00:00+00:00;19231.748210303555
2024-01-22 07:00:00+00:00;23027.25708119081
2024-01-22 08:00:00+00:00;27712.9074645244
2024-01-22 09:00:00+00:00;31026.96738030828
2024-01-22 10:00:00+00:00;32193.849237949766
2024-01-22 11:00:00+00:00;32650.668047989202
2024-01-22 12:00:00+00:00;32913.82215709942
2024-01-22 13:00:00+00:00;31889.48644131056
2024-01-22 14:00:00+00:00;31509.477069460423
2024-01-22 15:00:00+00:00;31226.108520110654
2024-01-22 16:00:00+00:00;31295.257046253286
2024-01-22 17:00:00+00:00;31820.407065503077
2024-01-22 18:00:00+00:00;34071.62727458989
2024-01-22 19:00:00+00:00;37417.653259188264
2024-01-22 20:00:00+00:00;37329.554790626855
2024-01-22 21:00:00+00:00;34458.401444164796
2024-01-22 22:00:00+00:00;31021.801439922627
2024-01-22 23:00:00+00:00;26527.260490085504
2024-01-23 00:00:00+00:00;22743.408361680442
2024-01-23 01:00:00+00:00;20467.107561695157
2024-01-23 02:00:00+00:00;19043.554204078468
2024-01-23 03:00:00+00:00;18337.858942427454
2024-01-23 04:00:00+00:00;18099.550299997103
2024-01-23 05:00:00+00:00;18174.24049616241
2024-01-23 06:00:00+00:00;19804.6176916581
2024-01-23 07:00:00+00:00;23124.266018967952
2024-01-23 08:00:00+00:00;26759.233351734805
2024-01-23 09:00:00+00:00;29516.848592397444
2024-01-23 10:00:00+00:00;31080.212342698396
2024-01-23 11:00:00+00:00;32250.40489957726
2024-01-23 12:00:00+00:00;32511.591834887495
2024-01-23 13:00:00+00:00;31202.029592302635
2024-01-23 14:00:00+00:00;30969.939778829386
2024-01-23 15:00:00+00:00;30152.480039678157
2024-01-23 16:00:00+00:00;30193.437257320664
2024-01-23 17:00:00+00:00;30834.880489973748
2024-01-23 18:00:00+00:00;33526.205878038396
2024-01-23 19:00:00+00:00;37032.65214778764
2024-01-23 20:00:00+00:00;37168.600057507945
2024-01-23 21:00:00+00:00;34643.99356914286
2024-01-23 22:00:00+00:00;30893.130826324315
2024-01-23 23:00:00+00:00;26794.67740616998
2024-01-24 00:00:00+00:00;22971.68055245806
2024-01-24 01:00:00+00:00;20667.38553295614
2024-01-24 02:00:00+00:00;19340.80972191601
2024-01-24 03:00:00+00:00;18430.529531612538
2024-01-24 04:00:00+00:00;18220.01365918114
2024-01-24 05:00:00+00:00;18303.70710962441
2024-01-24 06:00:00+00:00;19995.93103889817
2024-01-24 07:00:00+00:00;24071.700311127057
2024-01-24 08:00:00+00:00;28402.828217620256
2024-01-24 09:00:00+00:00;31305.319886021687
2024-01-24 10:00:00+00:00;32317.992885857635
2024-01-24 11:00:00+00:00;32987.3518876212
2024-01-24 12:00:00+00:00;33373.30888011717
2024-01-24 13:00:00+00:00;32321.174998790964
2024-01-24 14:00:00+00:00;31975.061282806233
2024-01-24 15:00:00+00:00;31215.45175685174
2024-01-24 16:00:00+00:00;31365.668340076412
2024-01-24 17:00:00+00:00;31629.52883883513
2024-01-24 18:00:00+00:00;33990.416160988134
2024-01-24 19:00:00+00:00;37268.23313574405
2024-01-24 20:00:00+00:00;37022.51021876894
2024-01-24 21:00:00+00:00;34255.92858701315
2024-01-24 22:00:00+00:00;30570.72139459935
2024-01-24 23:00:00+00:00;26369.55238726555
2024-01-25 00:00:00+00:00;22535.318643136416
2024-01-25 01:00:00+00:00;20250.903143648186
2024-01-25 02:00:00+00:00;18856.223896871936
2024-01-25 03:00:00+00:00;18208.000654221658
2024-01-25 04:00:00+00:00;18045.508516816837
2024-01-25 05:00:00+00:00;18277.984626325677
2024-01-25 06:00:00+00:00;19962.957988656897
2024-01-25 07:00:00+00:00;24063.910586845577
2024-01-25 08:00:00+00:00;28568.017251823352
2024-01-25 09:00:00+00:00;31547.639418199687
2024-01-25 10:00:00+00:00;33081.418153321094
2024-01-25 11:00:00+00:00;33668.832722497435
2024-01-25 12:00:00+00:00;34056.80812517702
2024-01-25 13:00:00+00:00;33324.61565947978
2024-01-25 14:00:00+00:00;33023.56533941305
2024-01-25 15:00:00+00:00;32448.512684521447
2024-01-25 16:00:00+00:00;32561.550695580194
2024-01-25 17:00:00+00:00;32858.87215550977
2024-01-25 18:00:00+00:00;34820.74797994645
2024-01-25 19:00:00+00:00;38025.060993083236
2024-01-25 20:00:00+00:00;37578.59516589253
2024-01-25 21:00:00+00:00;34859.25684198243
2024-01-25 22:00:00+00:00;31215.53152351505
2024-01-25 23:00:00+00:00;25450.06307044178
2024-01-26 00:00:00+00:00;22930.551934415096
2024-01-26 01:00:00+00:00;20572.7956660664
2024-01-26 02:00:00+00:00;19251.518627606398
2024-01-26 03:00:00+00:00;18442.004275359785
2024-01-26 04:00:00+00:00;18337.51763021642
2024-01-26 05:00:00+00:00;18219.316803529833
2024-01-26 06:00:00+00:00;19838.17647498959
2024-01-26 07:00:00+00:00;23857.723801659864
2024-01-26 08:00:00+00:00;28574.863874906776
2024-01-26 09:00:00+00:00;31772.274569077235
2024-01-26 10:00:00+00:00;33039.68237046498
2024-01-26 11:00:00+00:00;33530.689233910176
2024-01-26 12:00:00+00:00;33397.59755189881
2024-01-26 13:00:00+00:00;32120.70045603679
2024-01-26 14:00:00+00:00;32009.603827598206
2024-01-26 15:00:00+00:00;31614.54695553583
2024-01-26 16:00:00+00:00;31747.97886040044
2024-01-26 17:00:00+00:00;31559.11285482344
2024-01-26 18:00:00+00:00;33560.94826289008
2024-01-26 19:00:00+00:00;35755.88116369269
2024-01-26 20:00:00+00:00;35332.34965178751
2024-01-26 21:00:00+00:00;32813.104544713904
2024-01-26 22:00:00+00:00;30190.25652680314
2024-01-26 23:00:00+00:00;25906.53968155294
2024-01-27 00:00:00+00:00;22278.906420210657
2024-01-27 01:00:00+00:00;19996.3995903088
2024-01-27 02:00:00+00:00;18450.97193468318
2024-01-27 03:00:00+00:00;17515.37531710479
2024-01-27 04:00:00+00:00;17271.03516439726
2024-01-27 05:00:00+00:00;17283.960219168053
2024-01-27 06:00:00+00:00;17987.49708051865
2024-01-27 07:00:00+00:00;19247.906622160404
2024-01-27 08:00:00+00:00;22001.992101821994
2024-01-27 09:00:00+00:00;25365.670179428726
2024-01-27 10:00:00+00:00;27339.663729869055
2024-01-27 11:00:00+00:00;28501.252128630556
2024-01-27 12:00:00+00:00;29911.493620221518
2024-01-27 13:00:00+00:00;29003.869187541677
2024-01-27 14:00:00+00:00;27722.522715054172
2024-01-27 15:00:00+00:00;27044.727209430403
2024-01-27 16:00:00+00:00;26843.847691208848
2024-01-27 17:00:00+00:00;27993.600180626046
2024-01-27 18:00:00+00:00;30987.982841832178
2024-01-27 19:00:00+00:00;33207.905933841634
2024-01-27 20:00:00+00:00;32677.22673713405
2024-01-27 21:00:00+00:00;30212.252733660745
2024-01-27 22:00:00+00:00;27927.189918243366
2024-01-27 23:00:00+00:00;24360.0870216896
2024-01-28 00:00:00+00:00;21147.15222005831
2024-01-28 01:00:00+00:00;18993.406322679086
2024-01-28 02:00:00+00:00;17558.748093984672
2024-01-28 03:00:00+00:00;16710.372486959815
2024-01-28 04:00:00+00:00;16321.902144818741
2024-01-28 05:00:00+00:00;16350.45282477254
2024-01-28 06:00:00+00:00;16694.364545718523
2024-01-28 07:00:00+00:00;17510.008133142906
2024-01-28 08:00:00+00:00;19590.865379173956
2024-01-28 09:00:00+00:00;23045.51800696063
2024-01-28 10:00:00+00:00;25950.025446633976
2024-01-28 11:00:00+00:00;27775.228163923
2024-01-28 12:00:00+00:00;29553.020944557946
2024-01-28 13:00:00+00:00;28299.167929218584
2024-01-28 14:00:00+00:00;26833.57539822003
2024-01-28 15:00:00+00:00;26174.27577129993
2024-01-28 16:00:00+00:00;26303.22645197154
2024-01-28 17:00:00+00:00;27580.41436918539
2024-01-28 18:00:00+00:00;30314.469466361745
2024-01-28 19:00:00+00:00;32871.316625606756
2024-01-28 20:00:00+00:00;33045.080719905374
2024-01-28 21:00:00+00:00;31014.342568569627
2024-01-28 22:00:00+00:00;27782.93842537993
2024-01-28 23:00:00+00:00;24225.433024750517
2024-01-29 00:00:00+00:00;21828.38119554828
2024-01-29 01:00:00+00:00;19464.59012919513
2024-01-29 02:00:00+00:00;18103.39286171231
2024-01-29 03:00:00+00:00;17332.589634789125
2024-01-29 04:00:00+00:00;17217.162584307775
2024-01-29 05:00:00+00:00;17429.664435309613
2024-01-29 06:00:00+00:00;19231.748210303555
2024-01-29 07:00:00+00:00;23027.25708119081
2024-01-29 08:00:00+00:00;27712.9074645244
2024-01-29 09:00:00+00:00;31026.96738030828
2024-01-29 10:00:00+00:00;32193.849237949766
2024-01-29 11:00:00+00:00;32650.668047989202
2024-01-29 12:00:00+00:00;32913.82215709942
2024-01-29 13:00:00+00:00;31889.48644131056
2024-01-29 14:00:00+00:00;31509.477069460423
2024-01-29 15:00:00+00:00;31226.108520110654
2024-01-29 16:00:00+00:00;31295.257046253286
2024-01-29 17:00:00+00:00;31820.407065503077
2024-01-29 18:00:00+00:00;34071.62727458989
2024-01-29 19:00:00+00:00;37417.653259188264
2024-01-29 20:00:00+00:00;37329.554790626855
2024-01-29 21:00:00+00:00;34458.401444164796
2024-01-29 22:00:00+00:00;31021.801439922627
2024-01-29 23:00:00+00:00;26527.260490085504
2024-01-30 00:00:00+00:00;22743.408361680442
2024-01-30 01:00:00+00:00;20467.107561695157
2024-01-30 02:00:00+00:00;19043.554204078468
2024-01-30 03:00:00+00:00;18337.858942427454
2024-01-30 04:00:00+00:00;18099.550299997103
2024-01-30 05:00:00+00:00;18174.24049616241
2024-01-30 06:00:00+00:00;19804.6176916581
2024-01-30 07:00:00+00:00;23124.266018967952
2024-01-30 08:00:00+00:00;26759.233351734805
2024-01-30 09:00:00+00:00;29516.848592397444
2024-01-30 10:00:00+00:00;31080.212342698396
2024-01-30 11:00:00+00:00;32250.40489957726
2024-01-30 12:00:00+00:00;32511.591834887495
2024-01-30 13:00:00+00:00;31202.029592302635
2024-01-30 14:00:00+00:00;30969.939778829386
2024-01-30 15:00:00+00:00;30152.480039678157
2024-01-30 16:00:00+00:00;30193.437257320664
2024-01-30 17:00:00+00:00;30834.880489973748
2024-01-30 18:00:00+00:00;33526.205878038396
2024-01-30 19:00:00+00:00;37032.65214778764
2024-01-30 20:00:00+00:00;37168.600057507945
2024-01-30 21:00:00+00:00;34643.99356914286
2024-01-30 22:00:00+00:00;30893.130826324315
2024-01-30 23:00:00+00:00;26794.67740616998
2024-01-31 00:00:00+00:00;22971.68055245806
2024-01-31 01:00:00+00:00;20667.38553295614
2024-01-31 02:00:00+00:00;19340.80972191601
2024-01-31 03:00:00+00:00;18430.529531612538
2024-01-31 04:00:00+00:00;18220.01365918114
2024-01-31 05:00:00+00:00;18303.70710962441
2024-01-31 06:00:00+00:00;19995.93103889817
2024-01-31 07:00:00+00:00;24071.700311127057
2024-01-31 08:00:00+00:00;28402.828217620256
2024-01-31 09:00:00+00:00;31305.319886021687
2024-01-31 10:00:00+00:00;32317.992885857635
2024-01-31 11:00:00+00:00;32987.3518876212
2024-01-31 12:00:00+00:00;33373.30888011717
2024-01-31 13:00:00+00:00;32321.174998790964
2024-01-31 14:00:00+00:00;31975.061282806233
2024-01-31 15:00:00+00:00;31215.45175685174
2024-01-31 16:00:00+00:00;31365.668340076412
2024-01-31 17:00:00+00:00;31629.52883883513
2024-01-31 18:00:00+00:00;33990.416160988134
2024-01-31 19:00:00+00:00;37268.23313574405
2024-01-31 20:00:00+00:00;37022.51021876894
2024-01-31 21:00:00+00:00;34255.92858701315
2024-01-31 22:00:00+00:00;30570.72139459935
2024-01-31 23:00:00+00:00;26369.55238726555
2024-02-01 00:00:00+00:00;21462.20823155849
2024-02-01 01:00:00+00:00;19286.57442252208
2024-02-01 02:00:00+00:00;17958.308473211368
2024-02-01 03:00:00+00:00;17340.953004020626
2024-02-01 04:00:00+00:00;17186.198587444607
2024-02-01 05:00:00+00:00;17407.604406024453
2024-02-01 06:00:00+00:00;19012.340941577997
2024-02-01 07:00:00+00:00;22918.010082710072
2024-02-01 08:00:00+00:00;27207.635477927
2024-02-01 09:00:00+00:00;30045.37087447589
2024-02-01 10:00:00+00:00;31506.11252697247
2024-02-01 11:00:00+00:00;32065.554973807077
2024-02-01 12:00:00+00:00;32435.055357311445
2024-02-01 13:00:00+00:00;31737.72919950455
2024-02-01 14:00:00+00:00;31451.014608964808
2024-02-01 15:00:00+00:00;30903.34541382995
2024-02-01 16:00:00+00:00;31011.000662457325
2024-02-01 17:00:00+00:00;31294.163957628356
2024-02-01 18:00:00+00:00;33162.61712375852
2024-02-01 19:00:00+00:00;36214.34380293641
2024-02-01 20:00:00+00:00;35789.13825323098
2024-02-01 21:00:00+00:00;33199.292230459454
2024-02-01 22:00:00+00:00;29729.077641442902
2024-02-01 23:00:00+00:00;24238.15530518265
2024-02-02 00:00:00+00:00;21838.620889919137
2024-02-02 01:00:00+00:00;19593.138729587045
2024-02-02 02:00:00+00:00;18334.779645339426
2024-02-02 03:00:00+00:00;17563.813595580745
2024-02-02 04:00:00+00:00;17464.30250496802
2024-02-02 05:00:00+00:00;17351.73028907603
2024-02-02 06:00:00+00:00;18893.501404751987
2024-02-02 07:00:00+00:00;22721.641715866535
2024-02-02 08:00:00+00:00;27214.156071339785
2024-02-02 09:00:00+00:00;30259.30911340689
2024-02-02 10:00:00+00:00;31466.364162347596
2024-02-02 11:00:00+00:00;31933.989746581115
2024-02-02 12:00:00+00:00;31807.235763713154
2024-02-02 13:00:00+00:00;30591.143291463606
2024-02-02 14:00:00+00:00;30485.336978664956
2024-02-02 15:00:00+00:00;30109.09233860555
2024-02-02 16:00:00+00:00;30236.17034323851
2024-02-02 17:00:00+00:00;30056.297956974704
2024-02-02 18:00:00+00:00;31962.807869419124
2024-02-02 19:00:00+00:00;34053.2201558978
2024-02-02 20:00:00+00:00;33649.8568112262
2024-02-02 21:00:00+00:00;31250.57575687038
2024-02-02 22:00:00+00:00;28752.625263622038
2024-02-02 23:00:00+00:00;24672.89493481232
2024-02-03 00:00:00+00:00;21218.00611448634
2024-02-03 01:00:00+00:00;19044.19008600838
2024-02-03 02:00:00+00:00;17572.35422350779
2024-02-03 03:00:00+00:00;16681.309825814085
2024-02-03 04:00:00+00:00;16448.604918473582
2024-02-03 05:00:00+00:00;16460.914494445766
2024-02-03 06:00:00+00:00;17130.94960049395
2024-02-03 07:00:00+00:00;18331.339640152764
2024-02-03 08:00:00+00:00;20954.278192211423
2024-02-03 09:00:00+00:00;24157.781123265453
2024-02-03 10:00:00+00:00;26037.77498082767
2024-02-03 11:00:00+00:00;27144.049646314816
2024-02-03 12:00:00+00:00;28487.13678116335
2024-02-03 13:00:00+00:00;27622.7325595635
2024-02-03 14:00:00+00:00;26402.402585765878
2024-02-03 15:00:00+00:00;25756.88305660038
2024-02-03 16:00:00+00:00;25565.56922972271
2024-02-03 17:00:00+00:00;26660.571600596235
2024-02-03 18:00:00+00:00;29512.36461126874
2024-02-03 19:00:00+00:00;31626.577079849176
2024-02-03 20:00:00+00:00;31121.168321080047
2024-02-03 21:00:00+00:00;28773.57403205785
2024-02-03 22:00:00+00:00;26597.323731660348
2024-02-03 23:00:00+00:00;23200.082877799618
2024-02-04 00:00:00+00:00;20140.144971484104
2024-02-04 01:00:00+00:00;18088.95840255151
2024-02-04 02:00:00+00:00;16722.617232366352
2024-02-04 03:00:00+00:00;15914.640463771251
2024-02-04 04:00:00+00:00;15544.668709351181
2024-02-04 05:00:00+00:00;15571.859833116703
2024-02-04 06:00:00+00:00;15899.39480544621
2024-02-04 07:00:00+00:00;16676.19822204086
2024-02-04 08:00:00+00:00;18657.967027784718
2024-02-04 09:00:00+00:00;21948.11238758155
2024-02-04 10:00:00+00:00;24714.309949175215
2024-02-04 11:00:00+00:00;26452.598251355237
2024-02-04 12:00:00+00:00;28145.734232912328
2024-02-04 13:00:00+00:00;26951.588504017698
2024-02-04 14:00:00+00:00;25555.786093542883
2024-02-04 15:00:00+00:00;24927.881686952314
2024-02-04 16:00:00+00:00;25050.691859020513
2024-02-04 17:00:00+00:00;26267.061303986084
2024-02-04 18:00:00+00:00;28870.923301296898
2024-02-04 19:00:00+00:00;31306.015833911195
2024-02-04 20:00:00+00:00;31471.505447528925
2024-02-04 21:00:00+00:00;29537.469112923452
2024-02-04 22:00:00+00:00;26459.941357504693
2024-02-04 23:00:00+00:00;23071.840975952873
2024-02-05 00:00:00+00:00;20788.934471950743
2024-02-05 01:00:00+00:00;18537.704884947743
2024-02-05 02:00:00+00:00;17241.326534964104
2024-02-05 03:00:00+00:00;16507.22822360869
2024-02-05 04:00:00+00:00;16397.297699340736
2024-02-05 05:00:00+00:00;16599.680414580584
2024-02-05 06:00:00+00:00;18315.950676479573
2024-02-05 07:00:00+00:00;21930.721029705535
2024-02-05 08:00:00+00:00;26393.24520430895
2024-02-05 09:00:00+00:00;29549.492743150742
2024-02-05 10:00:00+00:00;30660.808798047394
2024-02-05 11:00:00+00:00;31095.874331418287
2024-02-05 12:00:00+00:00;31346.497292475637
2024-02-05 13:00:00+00:00;30370.939467914817
2024-02-05 14:00:00+00:00;30009.025780438496
2024-02-05 15:00:00+00:00;29739.150971533956
2024-02-05 16:00:00+00:00;29805.006710717415
2024-02-05 17:00:00+00:00;30305.149586193405
2024-02-05 18:00:00+00:00;32449.168832942752
2024-02-05 19:00:00+00:00;35635.860246845965
2024-02-05 20:00:00+00:00;35551.95694345415
2024-02-05 21:00:00+00:00;32817.52518491885
2024-02-05 22:00:00+00:00;29544.57279992631
2024-02-05 23:00:00+00:00;25264.05760960524
2024-02-06 00:00:00+00:00;21660.388915886135
2024-02-06 01:00:00+00:00;19492.483392090624
2024-02-06 02:00:00+00:00;18136.71828959854
2024-02-06 03:00:00+00:00;17464.627564216622
2024-02-06 04:00:00+00:00;17237.666952378193
2024-02-06 05:00:00+00:00;17308.800472535626
2024-02-06 06:00:00+00:00;18861.540658722
2024-02-06 07:00:00+00:00;22023.11049425519
2024-02-06 08:00:00+00:00;25484.984144509337
2024-02-06 09:00:00+00:00;28111.28437371185
2024-02-06 10:00:00+00:00;29600.202231141328
2024-02-06 11:00:00+00:00;30714.671332930724
2024-02-06 12:00:00+00:00;30963.420795130947
2024-02-06 13:00:00+00:00;29716.218659335842
2024-02-06 14:00:00+00:00;29495.18074174227
2024-02-06 15:00:00+00:00;28716.64765683634
2024-02-06 16:00:00+00:00;28755.654530781583
2024-02-06 17:00:00+00:00;29366.552847594045
2024-02-06 18:00:00+00:00;31929.71988384609
2024-02-06 19:00:00+00:00;35269.19252170251
2024-02-06 20:00:00+00:00;35398.66672143614
2024-02-06 21:00:00+00:00;32994.27958965987
2024-02-06 22:00:00+00:00;29422.02935840411
2024-02-06 23:00:00+00:00;25518.74038682855
2024-02-07 00:00:00+00:00;21877.791002341008
2024-02-07 01:00:00+00:00;19683.224317101085
2024-02-07 02:00:00+00:00;18419.818782777154
2024-02-07 03:00:00+00:00;17552.885268202415
2024-02-07 04:00:00+00:00;17352.393961124893
2024-02-07 05:00:00+00:00;17432.102009166105
2024-02-07 06:00:00+00:00;19043.743846569683
2024-02-07 07:00:00+00:00;22925.428867740055
2024-02-07 08:00:00+00:00;27050.312588209767
2024-02-07 09:00:00+00:00;29814.5903676397
2024-02-07 10:00:00+00:00;30779.040843673938
2024-02-07 11:00:00+00:00;31416.52560725828
2024-02-07 12:00:00+00:00;31784.10369534968
2024-02-07 13:00:00+00:00;30782.071427419964
2024-02-07 14:00:00+00:00;30452.439316958316
2024-02-07 15:00:00+00:00;29729.00167319213
2024-02-07 16:00:00+00:00;29872.065085787057
2024-02-07 17:00:00+00:00;30123.360798890597
2024-02-07 18:00:00+00:00;32371.824915226793
2024-02-07 19:00:00+00:00;35493.55536737528
2024-02-07 20:00:00+00:00;35259.5335416847
2024-02-07 21:00:00+00:00;32624.693892393472
2024-02-07 22:00:00+00:00;29114.972756761283
2024-02-07 23:00:00+00:00;25113.85941644338
2024-02-08 00:00:00+00:00;21462.20823155849
2024-02-08 01:00:00+00:00;19286.57442252208
2024-02-08 02:00:00+00:00;17958.308473211368
2024-02-08 03:00:00+00:00;17340.953004020626
2024-02-08 04:00:00+00:00;17186.198587444607
2024-02-08 05:00:00+00:00;17407.604406024453
2024-02-08 06:00:00+00:00;19012.340941577997
2024-02-08 07:00:00+00:00;22918.010082710072
2024-02-08 08:00:00+00:00;27207.635477927
2024-02-08 09:00:00+00:00;30045.37087447589
2024-02-08 10:00:00+00:00;31506.11252697247
2024-02-08 11:00:00+00:00;32065.554973807077
2024-02-08 12:00:00+00:00;32435.055357311445
2024-02-08 13:00:00+00:00;31737.72919950455
2024-02-08 14:00:00+00:00;31451.014608964808
2024-02-08 15:00:00+00:00;30903.34541382995
2024-02-08 16:00:00+00:00;31011.000662457325
2024-02-08 17:00:00+00:00;31294.163957628356
2024-02-08 18:00:00+00:00;33162.61712375852
2024-02-08 19:00:00+00:00;36214.34380293641
2024-02-08 20:00:00+00:00;35789.13825323098
2024-02-08 21:00:00+00:00;33199.292230459454
2024-02-08 22:00:00+00:00;29729.077641442902
2024-02-08 23:00:00+00:00;24238.15530518265
2024-02-09 00:00:00+00:00;21838.620889919137
2024-02-09 01:00:00+00:00;19593.138729587045
2024-02-09 02:00:00+00:00;18334.779645339426
2024-02-09 03:00:00+00:00;17563.813595580745
2024-02-09 04:00:00+00:00;17464.30250496802
2024-02-09 05:00:00+00:00;17351.73028907603
2024-02-09 06:00:00+00:00;18893.501404751987
2024-02-09 07:00:00+00:00;22721.641715866535
2024-02-09 08:00:00+00:00;27214.156071339785
2024-02-09 09:00:00+00:00;30259.30911340689
2024-02-09 10:00:00+00:00;31466.364162347596
2024-02-09 11:00:00+00:00;31933.989746581115
2024-02-09 12:00:00+00:00;31807.235763713154
2024-02-09 13:00:00+00:00;30591.143291463606
2024-02-09 14:00:00+00:00;30485.336978664956
2024-02-09 15:00:00+00:00;30109.09233860555
2024-02-09 16:00:00+00:00;30236.17034323851
2024-02-09 17:00:00+00:00;30056.297956974704
2024-02-09 18:00:00+00:00;31962.807869419124
2024-02-09 19:00:00+00:00;34053.2201558978
2024-02-09 20:00:00+00:00;33649.8568112262
2024-02-09 21:00:00+00:00;31250.57575687038
2024-02-09 22:00:00+00:00;28752.625263622038
2024-02-09 23:00:00+00:00;24672.89493481232
2024-02-10 00:00:00+00:00;21218.00611448634
2024-02-10 01:00:00+00:00;19044.19008600838
2024-02-10 02:00:00+00:00;17572.35422350779
2024-02-10 03:00:00+00:00;16681.309825814085
2024-02-10 04:00:00+00:00;16448.604918473582
2024-02-10 05:00:00+00:00;16460.914494445766
2024-02-10 06:00:00+00:00;17130.94960049395
2024-02-10 07:00:00+00:00;18331.339640152764
2024-02-10 08:00:00+00:00;20954.278192211423
2024-02-10 09:00:00+00:00;24157.781123265453
2024-02-10 10:00:00+00:00;26037.77498082767
2024-02-10 11:00:00+00:00;27144.049646314816
2024-02-10 12:00:00+00:00;28487.13678116335
2024-02-10 13:00:00+00:00;27622.7325595635
2024-02-10 14:00:00+00:00;26402.402585765878
2024-02-10 15:00:00+00:00;25756.88305660038
2024-02-10 16:00:00+00:00;25565.56922972271
2024-02-10 17:00:00+00:00;26660.571600596235
2024-02-10 18:00:00+00:00;29512.36461126874
2024-02-10 19:00:00+00:00;31626.577079849176
2024-02-10 20:00:00+00:00;31121.168321080047
2024-02-10 21:00:00+00:00;28773.57403205785
2024-02-10 22:00:00+00:00;26597.323731660348
2024-02-10 23:00:00+00:00;23200.082877799618
2024-02-11 00:00:00+00:00;20140.144971484104
2024-02-11 01:00:00+00:00;18088.95840255151
2024-02-11 02:00:00+00:00;16722.617232366352
2024-02-11 03:00:00+00:00;15914.640463771251
2024-02-11 04:00:00+00:00;15544.668709351181
2024-02-11 05:00:00+00:00;15571.859833116703
2024-02-11 06:00:00+00:00;15899.39480544621
2024-02-11 07:00:00+00:00;16676.19822204086
2024-02-11 08:00:00+00:00;18657.967027784718
2024-02-11 09:00:00+00:00;21948.11238758155
2024-02-11 10:00:00+00:00;24714.309949175215
2024-02-11 11:00:00+00:00;26452.598251355237
2024-02-11 12:00:00+00:00;28145.734232912328
2024-02-11 13:00:00+00:00;26951.588504017698
2024-02-11 14:00:00+00:00;25555.786093542883
2024-02-11 15:00:00+00:00;24927.881686952314
2024-02-11 16:00:00+00:00;25050.691859020513
2024-02-11 17:00:00+00:00;26267.061303986084
2024-02-11 18:00:00+00:00;28870.923301296898
2024-02-11 19:00:00+00:00;31306.015833911195
2024-02-11 20:00:00+00:00;31471.505447528925
2024-02-11 21:00:00+00:00;29537.469112923452
2024-02-11 22:00:00+00:00;26459.941357504693
2024-02-11 23:00:00+00:00;23071.840975952873
2024-02-12 00:00:00+00:00;20788.934471950743
2024-02-12 01:00:00+00:00;18537.704884947743
2024-02-12 02:00:00+00:00;17241.326534964104
2024-02-12 03:00:00+00:00;16507.22822360869
2024-02-12 04:00:00+00:00;16397.297699340736
2024-02-12 05:00:00+00:00;16599.680414580584
2024-02-12 06:00:00+00:00;18315.950676479573
2024-02-12 07:00:00+00:00;21930.721029705535
2024-02-12 08:00:00+00:00;26393.24520430895
2024-02-12 09:00:00+00:00;29549.492743150742
2024-02-12 10:00:00+00:00;30660.808798047394
2024-02-12 11:00:00+00:00;31095.874331418287
2024-02-12 12:00:00+00:00;31346.497292475637
2024-02-12 13:00:00+00:00;30370.939467914817
2024-02-12 14:00:00+00:00;30009.025780438496
2024-02-12 15:00:00+00:00;29739.150971533956
2024-02-12 16:00:00+00:00;29805.006710717415
2024-02-12 17:00:00+00:00;30305.149586193405
2024-02-12 18:00:00+00:00;32449.168832942752
2024-02-12 19:00:00+00:00;35635.860246845965
2024-02-12 20:00:00+00:00;35551.95694345415
2024-02-12 21:00:00+00:00;32817.52518491885
2024-02-12 22:00:00+00:00;29544.57279992631
2024-02-12 23:00:00+00:00;25264.05760960524
2024-02-13 00:00:00+00:00;21660.388915886135
2024-02-13 01:00:00+00:00;19492.483392090624
2024-02-13 02:00:00+00:00;18136.71828959854
2024-02-13 03:00:00+00:00;17464.627564216622
2024-02-13 04:00:00+00:00;17237.666952378193
2024-02-13 05:00:00+00:00;17308.800472535626
2024-02-13 06:00:00+00:00;18861.540658722
2024-02-13 07:00:00+00:00;22023.11049425519
2024-02-13 08:00:00+00:00;25484.984144509337
2024-02-13 09:00:00+00:00;28111.28437371185
2024-02-13 10:00:00+00:00;29600.202231141328
2024-02-13 11:00:00+00:00;30714.671332930724
2024-02-13 12:00:00+00:00;30963.420795130947
2024-02-13 13:00:00+00:00;29716.218659335842
2024-02-13 14:00:00+00:00;29495.18074174227
2024-02-13 15:00:00+00:00;28716.64765683634
2024-02-13 16:00:00+00:00;28755.654530781583
2024-02-13 17:00:00+00:00;29366.552847594045
2024-02-13 18:00:00+00:00;31929.71988384609
2024-02-13 19:00:00+00:00;35269.19252170251
2024-02-13 20:00:00+00:00;35398.66672143614
2024-02-13 21:00:00+00:00;32994.27958965987
2024-02-13 22:00:00+00:00;29422.02935840411
2024-02-13 23:00:00+00:00;25518.74038682855
2024-02-14 00:00:00+00:00;21877.791002341008
2024-02-14 01:00:00+00:00;19683.224317101085
2024-02-14 02:00:00+00:00;18419.818782777154
2024-02-14 03:00:00+00:00;17552.885268202415
2024-02-14 04:00:00+00:00;17352.393961124893
2024-02-14 05:00:00+00:00;17432.102009166105
2024-02-14 06:00:00+00:00;19043.743846569683
2024-02-14 07:00:00+00:00;22925.428867740055
2024-02-14 08:00:00+00:00;27050.312588209767
2024-02-14 09:00:00+00:00;29814.5903676397
2024-02-14 10:00:00+00:00;30779.040843673938
2024-02-14 11:00:00+00:00;31416.52560725828
2024-02-14 12:00:00+00:00;31784.10369534968
2024-02-14 13:00:00+00:00;30782.071427419964
2024-02-14 14:00:00+00:00;30452.439316958316
2024-02-14 15:00:00+00:00;29729.00167319213
2024-02-14 16:00:00+00:00;29872.065085787057
2024-02-14 17:00:00+00:00;30123.360798890597
2024-02-14 18:00:00+00:00;32371.824915226793
2024-02-14 19:00:00+00:00;35493.55536737528
2024-02-14 20:00:00+00:00;35259.5335416847
2024-02-14 21:00:00+00:00;32624.693892393472
2024-02-14 22:00:00+00:00;29114.972756761283
2024-02-14 23:00:00+00:00;25113.85941644338
2024-02-15 00:00:00+00:00;21462.20823155849
2024-02-15 01:00:00+00:00;19286.57442252208
2024-02-15 02:00:00+00:00;17958.308473211368
2024-02-15 03:00:00+00:00;17340.953004020626
2024-02-15 04:00:00+00:00;17186.198587444607
2024-02-15 05:00:00+00:00;17407.604406024453
2024-02-15 06:00:00+00:00;19012.340941577997
2024-02-15 07:00:00+00:00;22918.010082710072
2024-02-15 08:00:00+00:00;27207.635477927
2024-02-15 09:00:00+00:00;30045.37087447589
2024-02-15 10:00:00+00:00;31506.11252697247
2024-02-15 11:00:00+00:00;32065.554973807077
2024-02-15 12:00:00+00:00;32435.055357311445
2024-02-15 13:00:00+00:00;31737.72919950455
2024-02-15 14:00:00+00:00;31451.014608964808
2024-02-15 15:00:00+00:00;30903.34541382995
2024-02-15 16:00:00+00:00;31011.000662457325
2024-02-15 17:00:00+00:00;31294.163957628356
2024-02-15 18:00:00+00:00;33162.61712375852
2024-02-15 19:00:00+00:00;36214.34380293641
2024-02-15 20:00:00+00:00;35789.13825323098
2024-02-15 21:00:00+00:00;33199.292230459454
2024-02-15 22:00:00+00:00;29729.077641442902
2024-02-15 23:00:00+00:00;24238.15530518265
2024-02-16 00:00:00+00:00;21838.620889919137
2024-02-16 01:00:00+00:00;19593.138729587045
2024-02-16 02:00:00+00:00;18334.779645339426
2024-02-16 03:00:00+00:00;17563.813595580745
2024-02-16 04:00:00+00:00;17464.30250496802
2024-02-16 05:00:00+00:00;17351.73028907603
2024-02-16 06:00:00+00:00;18893.501404751987
2024-02-16 07:00:00+00:00;22721.641715866535
2024-02-16 08:00:00+00:00;27214.156071339785
2024-02-16 09:00:00+00:00;30259.30911340689
2024-02-16 10:00:00+00:00;31466.364162347596
2024-02-16 11:00:00+00:00;31933.989746581115
2024-02-16 12:00:00+00:00;31807.235763713154
2024-02-16 13:00:00+00:00;30591.143291463606
2024-02-16 14:00:00+00:00;30485.336978664956
2024-02-16 15:00:00+00:00;30109.09233860555
2024-02-16 16:00:00+00:00;30236.17034323851
2024-02-16 17:00:00+00:00;30056.297956974704
2024-02-16 18:00:00+00:00;31962.807869419124
2024-02-16 19:00:00+00:00;34053.2201558978
2024-02-16 20:00:00+00:00;33649.8568112262
2024-02-16 21:00:00+00:00;31250.57575687038
2024-02-16 22:00:00+00:00;28752.625263622038
2024-02-16 23:00:00+00:00;24672.89493481232
2024-02-17 00:00:00+00:00;21218.00611448634
2024-02-17 01:00:00+00:00;19044.19008600838
2024-02-17 02:00:00+00:00;17572.35422350779
2024-02-17 03:00:00+00:00;16681.309825814085
2024-02-17 04:00:00+00:00;16448.604918473582
2024-02-17 05:00:00+00:00;16460.914494445766
2024-02-17 06:00:00+00:00;17130.94960049395
2024-02-17 07:00:00+00:00;18331.339640152764
2024-02-17 08:00:00+00:00;20954.278192211423
2024-02-17 09:00:00+00:00;24157.781123265453
2024-02-17 10:00:00+00:00;26037.77498082767
2024-02-17 11:00:00+00:00;27144.049646314816
2024-02-17 12:00:00+00:00;28487.13678116335
2024-02-17 13:00:00+00:00;27622.7325595635
2024-02-17 14:00:00+00:00;26402.402585765878
2024-02-17 15:00:00+00:00;25756.88305660038
2024-02-17 16:00:00+00:00;25565.56922972271
2024-02-17 17:00:00+00:00;26660.571600596235
2024-02-17 18:00:00+00:00;29512.36461126874
2024-02-17 19:00:00+00:00;31626.577079849176
2024-02-17 20:00:00+00:00;31121.168321080047
2024-02-17 21:00:00+00:00;28773.57403205785
2024-02-17 22:00:00+00:00;26597.323731660348
2024-02-17 23:00:00+00:00;23200.082877799618
2024-02-18 00:00:00+00:00;20140.144971484104
2024-02-18 01:00:00+00:00;18088.95840255151
2024-02-18 02:00:00+00:00;16722.617232366352
2024-02-18 03:00:00+00:00;15914.640463771251
2024-02-18 04:00:00+00:00;15544.668709351181
2024-02-18 05:00:00+00:00;15571.859833116703
2024-02-18 06:00:00+00:00;15899.39480544621
2024-02-18 07:00:00+00:00;16676.19822204086
2024-02-18 08:00:00+00:00;18657.967027784718
2024-02-18 09:00:00+00:00;21948.11238758155
2024-02-18 10:00:00+00:00;24714.309949175215
2024-02-18 11:00:00+00:00;26452.598251355237
2024-02-18 12:00:00+00:00;28145.734232912328
2024-02-18 13:00:00+00:00;26951.588504017698
2024-02-18 14:00:00+00:00;25555.786093542883
2024-02-18 15:00:00+00:00;24927.881686952314
2024-02-18 16:00:00+00:00;25050.691859020513
2024-02-18 17:00:00+00:00;26267.061303986084
2024-02-18 18:00:00+00:00;28870.923301296898
2024-02-18 19:00:00+00:00;31306.015833911195
2024-02-18 20:00:00+00:00;31471.505447528925
2024-02-18 21:00:00+00:00;29537.469112923452
2024-02-18 22:00:00+00:00;26459.941357504693
2024-02-18 23:00:00+00:00;23071.840975952873
2024-02-19 00:00:00+00:00;20788.934471950743
2024-02-19 01:00:00+00:00;18537.704884947743
2024-02-19 02:00:00+00:00;17241.326534964104
2024-02-19 03:00:00+00:00;16507.22822360869
2024-02-19 04:00:00+00:00;16397.297699340736
2024-02-19 05:00:00+00:00;16599.680414580584
2024-02-19 06:00:00+00:00;18315.950676479573
2024-02-19 07:00:00+00:00;21930.721029705535
2024-02-19 08:00:00+00:00;26393.24520430895
2024-02-19 09:00:00+00:00;29549.492743150742
2024-02-19 10:00:00+00:00;30660.808798047394
2024-02-19 11:00:00+00:00;31095.874331418287
2024-02-19 12:00:00+00:00;31346.497292475637
2024-02-19 13:00:00+00:00;30370.939467914817
2024-02-19 14:00:00+00:00;30009.025780438496
2024-02-19 15:00:00+00:00;29739.150971533956
2024-02-19 16:00:00+00:00;29805.006710717415
2024-02-19 17:00:00+00:00;30305.149586193405
2024-02-19 18:00:00+00:00;32449.168832942752
2024-02-19 19:00:00+00:00;35635.860246845965
2024-02-19 20:00:00+00:00;35551.95694345415
2024-02-19 21:00:00+00:00;32817.52518491885
2024-02-19 22:00:00+00:00;29544.57279992631
2024-02-19 23:00:00+00:00;25264.05760960524
2024-02-20 00:00:00+00:00;21660.388915886135
2024-02-20 01:00:00+00:00;19492.483392090624
2024-02-20 02:00:00+00:00;18136.71828959854
2024-02-20 03:00:00+00:00;17464.627564216622
2024-02-20 04:00:00+00:00;17237.666952378193
2024-02-20 05:00:00+00:00;17308.800472535626
2024-02-20 06:00:00+00:00;18861.540658722
2024-02-20 07:00:00+00:00;22023.11049425519
2024-02-20 08:00:00+00:00;25484.984144509337
2024-02-20 09:00:00+00:00;28111.28437371185
2024-02-20 10:00:00+00:00;29600.202231141328
2024-02-20 11:00:00+00:00;30714.671332930724
2024-02-20 12:00:00+00:00;30963.420795130947
2024-02-20 13:00:00+00:00;29716.218659335842
2024-02-20 14:00:00+00:00;29495.18074174227
2024-02-20 15:00:00+00:00;28716.64765683634
2024-02-20 16:00:00+00:00;28755.654530781583
2024-02-20 17:00:00+00:00;29366.552847594045
2024-02-20 18:00:00+00:00;31929.71988384609
2024-02-20 19:00:00+00:00;35269.19252170251
2024-02-20 20:00:00+00:00;35398.66672143614
2024-02-20 21:00:00+00:00;32994.27958965987
2024-02-20 22:00:00+00:00;29422.02935840411
2024-02-20 23:00:00+00:00;25518.74038682855
2024-02-21 00:00:00+00:00;21877.791002341008
2024-02-21 01:00:00+00:00;19683.224317101085
2024-02-21 02:00:00+00:00;18419.818782777154
2024-02-21 03:00:00+00:00;17552.885268202415
2024-02-21 04:00:00+00:00;17352.393961124893
2024-02-21 05:00:00+00:00;17432.102009166105
2024-02-21 06:00:00+00:00;19043.743846569683
2024-02-21 07:00:00+00:00;22925.428867740055
2024-02-21 08:00:00+00:00;27050.312588209767
2024-02-21 09:00:00+00:00;29814.5903676397
2024-02-21 10:00:00+00:00;30779.040843673938
2024-02-21 11:00:00+00:00;31416.52560725828
2024-02-21 12:00:00+00:00;31784.10369534968
2024-02-21 13:00:00+00:00;30782.071427419964
2024-02-21 14:00:00+00:00;30452.439316958316
2024-02-21 15:00:00+00:00;29729.00167319213
2024-02-21 16:00:00+00:00;29872.065085787057
2024-02-21 17:00:00+00:00;30123.360798890597
2024-02-21 18:00:00+00:00;32371.824915226793
2024-02-21 19:00:00+00:00;35493.55536737528
2024-02-21 20:00:00+00:00;35259.5335416847
2024-02-21 21:00:00+00:00;32624.693892393472
2024-02-21 22:00:00+00:00;29114.972756761283
2024-02-21 23:00:00+00:00;25113.85941644338
2024-02-22 00:00:00+00:00;21462.20823155849
2024-02-22 01:00:00+00:00;19286.57442252208
2024-02-22 02:00:00+00:00;17958.308473211368
2024-02-22 03:00:00+00:00;17340.953004020626
2024-02-22 04:00:00+00:00;17186.198587444607
2024-02-22 05:00:00+00:00;17407.604406024453
2024-02-22 06:00:00+00:00;19012.340941577997
2024-02-22 07:00:00+00:00;22918.010082710072
2024-02-22 08:00:00+00:00;27207.635477927
2024-02-22 09:00:00+00:00;30045.37087447589
2024-02-22 10:00:00+00:00;31506.11252697247
2024-02-22 11:00:00+00:00;32065.554973807077
2024-02-22 12:00:00+00:00;32435.055357311445
2024-02-22 13:00:00+00:00;31737.72919950455
2024-02-22 14:00:00+00:00;31451.014608964808
2024-02-22 15:00:00+00:00;30903.34541382995
2024-02-22 16:00:00+00:00;31011.000662457325
2024-02-22 17:00:00+00:00;31294.163957628356
2024-02-22 18:00:00+00:00;33162.61712375852
2024-02-22 19:00:00+00:00;36214.34380293641
2024-02-22 20:00:00+00:00;35789.13825323098
2024-02-22 21:00:00+00:00;33199.292230459454
2024-02-22 22:00:00+00:00;29729.077641442902
2024-02-22 23:00:00+00:00;24238.15530518265
2024-02-23 00:00:00+00:00;21838.620889919137
2024-02-23 01:00:00+00:00;19593.138729587045
2024-02-23 02:00:00+00:00;18334.779645339426
2024-02-23 03:00:00+00:00;17563.813595580745
2024-02-23 04:00:00+00:00;17464.30250496802
2024-02-23 05:00:00+00:00;17351.73028907603
2024-02-23 06:00:00+00:00;18893.501404751987
2024-02-23 07:00:00+00:00;22721.641715866535
2024-02-23 08:00:00+00:00;27214.156071339785
2024-02-23 09:00:00+00:00;30259.30911340689
2024-02-23 10:00:00+00:00;31466.364162347596
2024-02-23 11:00:00+00:00;31933.989746581115
2024-02-23 12:00:00+00:00;31807.235763713154
2024-02-23 13:00:00+00:00;30591.143291463606
2024-02-23 14:00:00+00:00;30485.336978664956
2024-02-23 15:00:00+00:00;30109.09233860555
2024-02-23 16:00:00+00:00;30236.17034323851
2024-02-23 17:00:00+00:00;30056.297956974704
2024-02-23 18:00:00+00:00;31962.807869419124
2024-02-23 19:00:00+00:00;34053.2201558978
2024-02-23 20:00:00+00:00;33649.8568112262
2024-02-23 21:00:00+00:00;31250.57575687038
2024-02-23 22:00:00+00:00;28752.625263622038
2024-02-23 23:00:00+00:00;24672.89493481232
2024-02-24 00:00:00+00:00;21218.00611448634
2024-02-24 01:00:00+00:00;19044.19008600838
2024-02-24 02:00:00+00:00;17572.35422350779
2024-02-24 03:00:00+00:00;16681.309825814085
2024-02-24 04:00:00+00:00;16448.604918473582
2024-02-24 05:00:00+00:00;16460.914494445766
2024-02-24 06:00:00+00:00;17130.94960049395
2024-02-24 07:00:00+00:00;18331.339640152764
2024-02-24 08:00:00+00:00;20954.278192211423
2024-02-24 09:00:00+00:00;24157.781123265453
2024-02-24 10:00:00+00:00;26037.77498082767
2024-02-24 11:00:00+00:00;27144.049646314816
2024-02-24 12:00:00+00:00;28487.13678116335
2024-02-24 13:00:00+00:00;27622.7325595635
2024-02-24 14:00:00+00:00;26402.402585765878
2024-02-24 15:00:00+00:00;25756.88305660038
2024-02-24 16:00:00+00:00;25565.56922972271
2024-02-24 17:00:00+00:00;26660.571600596235
2024-02-24 18:00:00+00:00;29512.36461126874
2024-02-24 19:00:00+00:00;31626.577079849176
2024-02-24 20:00:00+00:00;31121.168321080047
2024-02-24 21:00:00+00:00;28773.57403205785
2024-02-24 22:00:00+00:00;26597.323731660348
2024-02-24 23:00:00+00:00;23200.082877799618
2024-02-25 00:00:00+00:00;20140.144971484104
2024-02-25 01:00:00+00:00;18088.95840255151
2024-02-25 02:00:00+00:00;16722.617232366352
2024-02-25 03:00:00+00:00;15914.640463771251
2024-02-25 04:00:00+00:00;15544.668709351181
2024-02-25 05:00:00+00:00;15571.859833116703
2024-02-25 06:00:00+00:00;15899.39480544621
2024-02-25 07:00:00+00:00;16676.19822204086
2024-02-25 08:00:00+00:00;18657.967027784718
2024-02-25 09:00:00+00:00;21948.11238758155
2024-02-25 10:00:00+00:00;24714.309949175215
2024-02-25 11:00:00+00:00;26452.598251355237
2024-02-25 12:00:00+00:00;28145.734232912328
2024-02-25 13:00:00+00:00;26951.588504017698
2024-02-25 14:00:00+00:00;25555.786093542883
2024-02-25 15:00:00+00:00;24927.881686952314
2024-02-25 16:00:00+00:00;25050.691859020513
2024-02-25 17:00:00+00:00;26267.061303986084
2024-02-25 18:00:00+00:00;28870.923301296898
2024-02-25 19:00:00+00:00;31306.015833911195
2024-02-25 20:00:00+00:00;31471.505447528925
2024-02-25 21:00:00+00:00;29537.469112923452
2024-02-25 22:00:00+00:00;26459.941357504693
2024-02-25 23:00:00+00:00;23071.840975952873
2024-02-26 00:00:00+00:00;20788.934471950743
2024-02-26 01:00:00+00:00;18537.704884947743
2024-02-26 02:00:00+00:00;17241.326534964104
2024-02-26 03:00:00+00:00;16507.22822360869
2024-02-26 04:00:00+00:00;16397.297699340736
2024-02-26 05:00:00+00:00;16599.680414580584
2024-02-26 06:00:00+00:00;18315.950676479573
2024-02-26 07:00:00+00:00;21930.721029705535
2024-02-26 08:00:00+00:00;26393.24520430895
2024-02-26 09:00:00+00:00;29549.492743150742
2024-02-26 10:00:00+00:00;30660.808798047394
2024-02-26 11:00:00+00:00;31095.874331418287
2024-02-26 12:00:00+00:00;31346.497292475637
2024-02-26 13:00:00+00:00;30370.939467914817
2024-02-26 14:00:00+00:00;30009.025780438496
2024-02-26 15:00:00+00:00;29739.150971533956
2024-02-26 16:00:00+00:00;29805.006710717415
2024-02-26 17:00:00+00:00;30305.149586193405
2024-02-26 18:00:00+00:00;32449.168832942752
2024-02-26 19:00:00+00:00;35635.860246845965
2024-02-26 20:00:00+00:00;35551.95694345415
2024-02-26 21:00:00+00:00;32817.52518491885
2024-02-26 22:00:00+00:00;29544.57279992631
2024-02-26 23:00:00+00:00;25264.05760960524
2024-02-27 00:00:00+00:00;21660.388915886135
2024-02-27 01:00:00+00:00;19492.483392090624
2024-02-27 02:00:00+00:00;18136.71828959854
2024-02-27 03:00:00+00:00;17464.627564216622
2024-02-27 04:00:00+00:00;17237.666952378193
2024-02-27 05:00:00+00:00;17308.800472535626
2024-02-27 06:00:00+00:00;18861.540658722
2024-02-27 07:00:00+00:00;22023.11049425519
2024-02-27 08:00:00+00:00;25484.984144509337
2024-02-27 09:00:00+00:00;28111.28437371185
2024-02-27 10:00:00+00:00;29600.202231141328
2024-02-27 11:00:00+00:00;30714.671332930724
2024-02-27 12:00:00+00:00;30963.420795130947
2024-02-27 13:00:00+00:00;29716.218659335842
2024-02-27 14:00:00+00:00;29495.18074174227
2024-02-27 15:00:00+00:00;28716.64765683634
2024-02-27 16:00:00+00:00;28755.654530781583
2024-02-27 17:00:00+00:00;29366.552847594045
2024-02-27 18:00:00+00:00;31929.71988384609
2024-02-27 19:00:00+00:00;35269.19252170251
2024-02-27 20:00:00+00:00;35398.66672143614
2024-02-27 21:00:00+00:00;32994.27958965987
2024-02-27 22:00:00+00:00;29422.02935840411
2024-02-27 23:00:00+00:00;25518.74038682855
2024-02-28 00:00:00+00:00;21877.791002341008
2024-02-28 01:00:00+00:00;19683.224317101085
2024-02-28 02:00:00+00:00;18419.818782777154
2024-02-28 03:00:00+00:00;17552.885268202415
2024-02-28 04:00:00+00:00;17352.393961124893
2024-02-28 05:00:00+00:00;17432.102009166105
2024-02-28 06:00:00+00:00;19043.743846569683
2024-02-28 07:00:00+00:00;22925.428867740055
2024-02-28 08:00:00+00:00;27050.312588209767
2024-02-28 09:00:00+00:00;29814.5903676397
2024-02-28 10:00:00+00:00;30779.040843673938
2024-02-28 11:00:00+00:00;31416.52560725828
2024-02-28 12:00:00+00:00;31784.10369534968
2024-02-28 13:00:00+00:00;30782.071427419964
2024-02-28 14:00:00+00:00;30452.439316958316
2024-02-28 15:00:00+00:00;29729.00167319213
2024-02-28 16:00:00+00:00;29872.065085787057
2024-02-28 17:00:00+00:00;30123.360798890597
2024-02-28 18:00:00+00:00;32371.824915226793
2024-02-28 19:00:00+00:00;35493.55536737528
2024-02-28 20:00:00+00:00;35259.5335416847
2024-02-28 21:00:00+00:00;32624.693892393472
2024-02-28 22:00:00+00:00;29114.972756761283
2024-02-28 23:00:00+00:00;25113.85941644338
2024-02-29 00:00:00+00:00;21462.20823155849
2024-02-29 01:00:00+00:00;19286.57442252208
2024-02-29 02:00:00+00:00;17958.308473211368
2024-02-29 03:00:00+00:00;17340.953004020626
2024-02-29 04:00:00+00:00;17186.198587444607
2024-02-29 05:00:00+00:00;17407.604406024453
2024-02-29 06:00:00+00:00;19012.340941577997
2024-02-29 07:00:00+00:00;22918.010082710072
2024-02-29 08:00:00+00:00;27207.635477927
2024-02-29 09:00:00+00:00;30045.37087447589
2024-02-29 10:00:00+00:00;31506.11252697247
2024-02-29 11:00:00+00:00;32065.554973807077
2024-02-29 12:00:00+00:00;32435.055357311445
2024-02-29 13:00:00+00:00;31737.72919950455
2024-02-29 14:00:00+00:00;31451.014608964808
2024-02-29 15:00:00+00:00;30903.34541382995
2024-02-29 16:00:00+00:00;31011.000662457325
2024-02-29 17:00:00+00:00;31294.163957628356
2024-02-29 18:00:00+00:00;33162.61712375852
2024-02-29 19:00:00+00:00;36214.34380293641
2024-02-29 20:00:00+00:00;35789.13825323098
2024-02-29 21:00:00+00:00;33199.292230459454
2024-02-29 22:00:00+00:00;29729.077641442902
2024-02-29 23:00:00+00:00;24238.15530518265
2024-03-01 00:00:00+00:00;19654.758800927222
2024-03-01 01:00:00+00:00;17633.82485662834
2024-03-01 02:00:00+00:00;16501.301680805485
2024-03-01 03:00:00+00:00;15807.43223602267
2024-03-01 04:00:00+00:00;15717.872254471216
2024-03-01 05:00:00+00:00;15616.557260168427
2024-03-01 06:00:00+00:00;17004.15126427679
2024-03-01 07:00:00+00:00;20449.477544279882
2024-03-01 08:00:00+00:00;24492.740464205806
2024-03-01 09:00:00+00:00;27233.3782020662
2024-03-01 10:00:00+00:00;28319.727746112836
2024-03-01 11:00:00+00:00;28740.590771923005
2024-03-01 12:00:00+00:00;28626.51218734184
2024-03-01 13:00:00+00:00;27532.028962317247
2024-03-01 14:00:00+00:00;27436.80328079846
2024-03-01 15:00:00+00:00;27098.183104744996
2024-03-01 16:00:00+00:00;27212.55330891466
2024-03-01 17:00:00+00:00;27050.668161277234
2024-03-01 18:00:00+00:00;28766.527082477212
2024-03-01 19:00:00+00:00;30647.898140308018
2024-03-01 20:00:00+00:00;30284.87113010358
2024-03-01 21:00:00+00:00;28125.518181183343
2024-03-01 22:00:00+00:00;25877.362737259835
2024-03-01 23:00:00+00:00;22205.60544133109
2024-03-02 00:00:00+00:00;19096.205503037705
2024-03-02 01:00:00+00:00;17139.771077407542
2024-03-02 02:00:00+00:00;15815.118801157012
2024-03-02 03:00:00+00:00;15013.178843232678
2024-03-02 04:00:00+00:00;14803.744426626225
2024-03-02 05:00:00+00:00;14814.823045001189
2024-03-02 06:00:00+00:00;15417.854640444555
2024-03-02 07:00:00+00:00;16498.205676137488
2024-03-02 08:00:00+00:00;18858.85037299028
2024-03-02 09:00:00+00:00;21742.003010938908
2024-03-02 10:00:00+00:00;23433.997482744904
2024-03-02 11:00:00+00:00;24429.644681683334
2024-03-02 12:00:00+00:00;25638.423103047015
2024-03-02 13:00:00+00:00;24860.459303607153
2024-03-02 14:00:00+00:00;23762.16232718929
2024-03-02 15:00:00+00:00;23181.194750940344
2024-03-02 16:00:00+00:00;23009.01230675044
2024-03-02 17:00:00+00:00;23994.51444053661
2024-03-02 18:00:00+00:00;26561.128150141863
2024-03-02 19:00:00+00:00;28463.91937186426
2024-03-02 20:00:00+00:00;28009.051488972043
2024-03-02 21:00:00+00:00;25896.216628852068
2024-03-02 22:00:00+00:00;23937.591358494316
2024-03-02 23:00:00+00:00;20880.074590019656
2024-03-03 00:00:00+00:00;18126.130474335692
2024-03-03 01:00:00+00:00;16280.06256229636
2024-03-03 02:00:00+00:00;15050.355509129717
2024-03-03 03:00:00+00:00;14323.176417394126
2024-03-03 04:00:00+00:00;13990.201838416064
2024-03-03 05:00:00+00:00;14014.673849805033
2024-03-03 06:00:00+00:00;14309.45532490159
2024-03-03 07:00:00+00:00;15008.578399836775
2024-03-03 08:00:00+00:00;16792.170325006246
2024-03-03 09:00:00+00:00;19753.301148823397
2024-03-03 10:00:00+00:00;22242.878954257692
2024-03-03 11:00:00+00:00;23807.338426219714
2024-03-03 12:00:00+00:00;25331.160809621095
2024-03-03 13:00:00+00:00;24256.429653615927
2024-03-03 14:00:00+00:00;23000.207484188595
2024-03-03 15:00:00+00:00;22435.093518257083
2024-03-03 16:00:00+00:00;22545.62267311846
2024-03-03 17:00:00+00:00;23640.355173587475
2024-03-03 18:00:00+00:00;25983.83097116721
2024-03-03 19:00:00+00:00;28175.414250520076
2024-03-03 20:00:00+00:00;28324.354902776035
2024-03-03 21:00:00+00:00;26583.722201631106
2024-03-03 22:00:00+00:00;23813.947221754224
2024-03-03 23:00:00+00:00;20764.656878357586
2024-03-04 00:00:00+00:00;18710.04102475567
2024-03-04 01:00:00+00:00;16683.93439645297
2024-03-04 02:00:00+00:00;15517.193881467694
2024-03-04 03:00:00+00:00;14856.505401247821
2024-03-04 04:00:00+00:00;14757.567929406663
2024-03-04 05:00:00+00:00;14939.712373122526
2024-03-04 06:00:00+00:00;16484.355608831618
2024-03-04 07:00:00+00:00;19737.648926734983
2024-03-04 08:00:00+00:00;23753.920683878056
2024-03-04 09:00:00+00:00;26594.54346883567
2024-03-04 10:00:00+00:00;27594.727918242654
2024-03-04 11:00:00+00:00;27986.28689827646
2024-03-04 12:00:00+00:00;28211.847563228075
2024-03-04 13:00:00+00:00;27333.845521123338
2024-03-04 14:00:00+00:00;27008.123202394647
2024-03-04 15:00:00+00:00;26765.23587438056
2024-03-04 16:00:00+00:00;26824.506039645672
2024-03-04 17:00:00+00:00;27274.634627574065
2024-03-04 18:00:00+00:00;29204.25194964848
2024-03-04 19:00:00+00:00;32072.27422216137
2024-03-04 20:00:00+00:00;31996.761249108735
2024-03-04 21:00:00+00:00;29535.772666426965
2024-03-04 22:00:00+00:00;26590.11551993368
2024-03-04 23:00:00+00:00;22737.651848644717
2024-03-05 00:00:00+00:00;19494.35002429752
2024-03-05 01:00:00+00:00;17543.235052881562
2024-03-05 02:00:00+00:00;16323.046460638685
2024-03-05 03:00:00+00:00;15718.16480779496
2024-03-05 04:00:00+00:00;15513.900257140374
2024-03-05 05:00:00+00:00;15577.920425282064
2024-03-05 06:00:00+00:00;16975.386592849798
2024-03-05 07:00:00+00:00;19820.79944482967
2024-03-05 08:00:00+00:00;22936.485730058404
2024-03-05 09:00:00+00:00;25300.155936340663
2024-03-05 10:00:00+00:00;26640.182008027194
2024-03-05 11:00:00+00:00;27643.204199637654
2024-03-05 12:00:00+00:00;27867.078715617852
2024-03-05 13:00:00+00:00;26744.59679340226
2024-03-05 14:00:00+00:00;26545.662667568045
2024-03-05 15:00:00+00:00;25844.982891152707
2024-03-05 16:00:00+00:00;25880.089077703426
2024-03-05 17:00:00+00:00;26429.89756283464
2024-03-05 18:00:00+00:00;28736.74789546148
2024-03-05 19:00:00+00:00;31742.273269532263
2024-03-05 20:00:00+00:00;31858.800049292524
2024-03-05 21:00:00+00:00;29694.851630693884
2024-03-05 22:00:00+00:00;26479.8264225637
2024-03-05 23:00:00+00:00;22966.866348145697
2024-03-06 00:00:00+00:00;19690.011902106908
2024-03-06 01:00:00+00:00;17714.901885390977
2024-03-06 02:00:00+00:00;16577.83690449944
2024-03-06 03:00:00+00:00;15797.596741382175
2024-03-06 04:00:00+00:00;15617.154565012404
2024-03-06 05:00:00+00:00;15688.891808249495
2024-03-06 06:00:00+00:00;17139.369461912716
2024-03-06 07:00:00+00:00;20632.88598096605
2024-03-06 08:00:00+00:00;24345.281329388792
2024-03-06 09:00:00+00:00;26833.13133087573
2024-03-06 10:00:00+00:00;27701.136759306544
2024-03-06 11:00:00+00:00;28274.873046532455
2024-03-06 12:00:00+00:00;28605.693325814715
2024-03-06 13:00:00+00:00;27703.86428467797
2024-03-06 14:00:00+00:00;27407.195385262487
2024-03-06 15:00:00+00:00;26756.101505872917
2024-03-06 16:00:00+00:00;26884.858577208353
2024-03-06 17:00:00+00:00;27111.024719001536
2024-03-06 18:00:00+00:00;29134.642423704114
2024-03-06 19:00:00+00:00;31944.199830637754
2024-03-06 20:00:00+00:00;31733.580187516232
2024-03-06 21:00:00+00:00;29362.224503154124
2024-03-06 22:00:00+00:00;26203.475481085155
2024-03-06 23:00:00+00:00;22602.473474799044
2024-03-07 00:00:00+00:00;19315.98740840264
2024-03-07 01:00:00+00:00;17357.916980269874
2024-03-07 02:00:00+00:00;16162.477625890231
2024-03-07 03:00:00+00:00;15606.857703618563
2024-03-07 04:00:00+00:00;15467.578728700148
2024-03-07 05:00:00+00:00;15666.843965422007
2024-03-07 06:00:00+00:00;17111.106847420197
2024-03-07 07:00:00+00:00;20626.209074439066
2024-03-07 08:00:00+00:00;24486.8719301343
2024-03-07 09:00:00+00:00;27040.833787028303
2024-03-07 10:00:00+00:00;28355.501274275222
2024-03-07 11:00:00+00:00;28858.99947642637
2024-03-07 12:00:00+00:00;29191.5498215803
2024-03-07 13:00:00+00:00;28563.956279554095
2024-03-07 14:00:00+00:00;28305.913148068328
2024-03-07 15:00:00+00:00;27813.010872446954
2024-03-07 16:00:00+00:00;27909.90059621159
2024-03-07 17:00:00+00:00;28164.747561865523
2024-03-07 18:00:00+00:00;29846.355411382672
2024-03-07 19:00:00+00:00;32592.90942264277
2024-03-07 20:00:00+00:00;32210.224427907884
2024-03-07 21:00:00+00:00;29879.36300741351
2024-03-07 22:00:00+00:00;26756.169877298613
2024-03-07 23:00:00+00:00;21814.339774664386
2024-03-08 00:00:00+00:00;19654.758800927222
2024-03-08 01:00:00+00:00;17633.82485662834
2024-03-08 02:00:00+00:00;16501.301680805485
2024-03-08 03:00:00+00:00;15807.43223602267
2024-03-08 04:00:00+00:00;15717.872254471216
2024-03-08 05:00:00+00:00;15616.557260168427
2024-03-08 06:00:00+00:00;17004.15126427679
2024-03-08 07:00:00+00:00;20449.477544279882
2024-03-08 08:00:00+00:00;24492.740464205806
2024-03-08 09:00:00+00:00;27233.3782020662
2024-03-08 10:00:00+00:00;28319.727746112836
2024-03-08 11:00:00+00:00;28740.590771923005
2024-03-08 12:00:00+00:00;28626.51218734184
2024-03-08 13:00:00+00:00;27532.028962317247
2024-03-08 14:00:00+00:00;27436.80328079846
2024-03-08 15:00:00+00:00;27098.183104744996
2024-03-08 16:00:00+00:00;27212.55330891466
2024-03-08 17:00:00+00:00;27050.668161277234
2024-03-08 18:00:00+00:00;28766.527082477212
2024-03-08 19:00:00+00:00;30647.898140308018
2024-03-08 20:00:00+00:00;30284.87113010358
2024-03-08 21:00:00+00:00;28125.518181183343
2024-03-08 22:00:00+00:00;25877.362737259835
2024-03-08 23:00:00+00:00;22205.60544133109
2024-03-09 00:00:00+00:00;19096.205503037705
2024-03-09 01:00:00+00:00;17139.771077407542
2024-03-09 02:00:00+00:00;15815.118801157012
2024-03-09 03:00:00+00:00;15013.178843232678
2024-03-09 04:00:00+00:00;14803.744426626225
2024-03-09 05:00:00+00:00;14814.823045001189
2024-03-09 06:00:00+00:00;15417.854640444555
2024-03-09 07:00:00+00:00;16498.205676137488
2024-03-09 08:00:00+00:00;18858.85037299028
2024-03-09 09:00:00+00:00;21742.003010938908
2024-03-09 10:00:00+00:00;23433.997482744904
2024-03-09 11:00:00+00:00;24429.644681683334
2024-03-09 12:00:00+00:00;25638.423103047015
2024-03-09 13:00:00+00:00;24860.459303607153
2024-03-09 14:00:00+00:00;23762.16232718929
2024-03-09 15:00:00+00:00;23181.194750940344
2024-03-09 16:00:00+00:00;23009.01230675044
2024-03-09 17:00:00+00:00;23994.51444053661
2024-03-09 18:00:00+00:00;26561.128150141863
2024-03-09 19:00:00+00:00;28463.91937186426
2024-03-09 20:00:00+00:00;28009.051488972043
2024-03-09 21:00:00+00:00;25896.216628852068
2024-03-09 22:00:00+00:00;23937.591358494316
2024-03-09 23:00:00+00:00;20880.074590019656
2024-03-10 00:00:00+00:00;18126.130474335692
2024-03-10 01:00:00+00:00;16280.06256229636
2024-03-10 02:00:00+00:00;15050.355509129717
2024-03-10 03:00:00+00:00;14323.176417394126
2024-03-10 04:00:00+00:00;13990.201838416064
2024-03-10 05:00:00+00:00;14014.673849805033
2024-03-10 06:00:00+00:00;14309.45532490159
2024-03-10 07:00:00+00:00;15008.578399836775
2024-03-10 08:00:00+00:00;16792.170325006246
2024-03-10 09:00:00+00:00;19753.301148823397
2024-03-10 10:00:00+00:00;22242.878954257692
2024-03-10 11:00:00+00:00;23807.338426219714
2024-03-10 12:00:00+00:00;25331.160809621095
2024-03-10 13:00:00+00:00;24256.429653615927
2024-03-10 14:00:00+00:00;23000.207484188595
2024-03-10 15:00:00+00:00;22435.093518257083
2024-03-10 16:00:00+00:00;22545.62267311846
2024-03-10 17:00:00+00:00;23640.355173587475
2024-03-10 18:00:00+00:00;25983.83097116721
2024-03-10 19:00:00+00:00;28175.414250520076
2024-03-10 20:00:00+00:00;28324.354902776035
2024-03-10 21:00:00+00:00;26583.722201631106
2024-03-10 22:00:00+00:00;23813.947221754224
2024-03-10 23:00:00+00:00;20764.656878357586
2024-03-11 00:00:00+00:00;18710.04102475567
2024-03-11 01:00:00+00:00;16683.93439645297
2024-03-11 02:00:00+00:00;15517.193881467694
2024-03-11 03:00:00+00:00;14856.505401247821
2024-03-11 04:00:00+00:00;14757.567929406663
2024-03-11 05:00:00+00:00;14939.712373122526
2024-03-11 06:00:00+00:00;16484.355608831618
2024-03-11 07:00:00+00:00;19737.648926734983
2024-03-11 08:00:00+00:00;23753.920683878056
2024-03-11 09:00:00+00:00;26594.54346883567
2024-03-11 10:00:00+00:00;27594.727918242654
2024-03-11 11:00:00+00:00;27986.28689827646
2024-03-11 12:00:00+00:00;28211.847563228075
2024-03-11 13:00:00+00:00;27333.845521123338
2024-03-11 14:00:00+00:00;27008.123202394647
2024-03-11 15:00:00+00:00;26765.23587438056
2024-03-11 16:00:00+00:00;26824.506039645672
2024-03-11 17:00:00+00:00;27274.634627574065
2024-03-11 18:00:00+00:00;29204.25194964848
2024-03-11 19:00:00+00:00;32072.27422216137
2024-03-11 20:00:00+00:00;31996.761249108735
2024-03-11 21:00:00+00:00;29535.772666426965
2024-03-11 22:00:00+00:00;26590.11551993368
2024-03-11 23:00:00+00:00;22737.651848644717
2024-03-12 00:00:00+00:00;19494.35002429752
2024-03-12 01:00:00+00:00;17543.235052881562
2024-03-12 02:00:00+00:00;16323.046460638685
2024-03-12 03:00:00+00:00;15718.16480779496
2024-03-12 04:00:00+00:00;15513.900257140374
2024-03-12 05:00:00+00:00;15577.920425282064
2024-03-12 06:00:00+00:00;16975.386592849798
2024-03-12 07:00:00+00:00;19820.79944482967
2024-03-12 08:00:00+00:00;22936.485730058404
2024-03-12 09:00:00+00:00;25300.155936340663
2024-03-12 10:00:00+00:00;26640.182008027194
2024-03-12 11:00:00+00:00;27643.204199637654
2024-03-12 12:00:00+00:00;27867.078715617852
2024-03-12 13:00:00+00:00;26744.59679340226
2024-03-12 14:00:00+00:00;26545.662667568045
2024-03-12 15:00:00+00:00;25844.982891152707
2024-03-12 16:00:00+00:00;25880.089077703426
2024-03-12 17:00:00+00:00;26429.89756283464
2024-03-12 18:00:00+00:00;28736.74789546148
2024-03-12 19:00:00+00:00;31742.273269532263
2024-03-12 20:00:00+00:00;31858.800049292524
2024-03-12 21:00:00+00:00;29694.851630693884
2024-03-12 22:00:00+00:00;26479.8264225637
2024-03-12 23:00:00+00:00;22966.866348145697
2024-03-13 00:00:00+00:00;19690.011902106908
2024-03-13 01:00:00+00:00;17714.901885390977
2024-03-13 02:00:00+00:00;16577.83690449944
2024-03-13 03:00:00+00:00;15797.596741382175
2024-03-13 04:00:00+00:00;15617.154565012404
2024-03-13 05:00:00+00:00;15688.891808249495
2024-03-13 06:00:00+00:00;17139.369461912716
2024-03-13 07:00:00+00:00;20632.88598096605
2024-03-13 08:00:00+00:00;24345.281329388792
2024-03-13 09:00:00+00:00;26833.13133087573
2024-03-13 10:00:00+00:00;27701.136759306544
2024-03-13 11:00:00+00:00;28274.873046532455
2024-03-13 12:00:00+00:00;28605.693325814715
2024-03-13 13:00:00+00:00;27703.86428467797
2024-03-13 14:00:00+00:00;27407.195385262487
2024-03-13 15:00:00+00:00;26756.101505872917
2024-03-13 16:00:00+00:00;26884.858577208353
2024-03-13 17:00:00+00:00;27111.024719001536
2024-03-13 18:00:00+00:00;29134.642423704114
2024-03-13 19:00:00+00:00;31944.199830637754
2024-03-13 20:00:00+00:00;31733.580187516232
2024-03-13 21:00:00+00:00;29362.224503154124
2024-03-13 22:00:00+00:00;26203.475481085155
2024-03-13 23:00:00+00:00;22602.473474799044
2024-03-14 00:00:00+00:00;19315.98740840264
2024-03-14 01:00:00+00:00;17357.916980269874
2024-03-14 02:00:00+00:00;16162.477625890231
2024-03-14 03:00:00+00:00;15606.857703618563
2024-03-14 04:00:00+00:00;15467.578728700148
2024-03-14 05:00:00+00:00;15666.843965422007
2024-03-14 06:00:00+00:00;17111.106847420197
2024-03-14 07:00:00+00:00;20626.209074439066
2024-03-14 08:00:00+00:00;24486.8719301343
2024-03-14 09:00:00+00:00;27040.833787028303
2024-03-14 10:00:00+00:00;28355.501274275222
2024-03-14 11:00:00+00:00;28858.99947642637
2024-03-14 12:00:00+00:00;29191.5498215803
2024-03-14 13:00:00+00:00;28563.956279554095
2024-03-14 14:00:00+00:00;28305.913148068328
2024-03-14 15:00:00+00:00;27813.010872446954
2024-03-14 16:00:00+00:00;27909.90059621159
2024-03-14 17:00:00+00:00;28164.747561865523
2024-03-14 18:00:00+00:00;29846.355411382672
2024-03-14 19:00:00+00:00;32592.90942264277
2024-03-14 20:00:00+00:00;32210.224427907884
2024-03-14 21:00:00+00:00;29879.36300741351
2024-03-14 22:00:00+00:00;26756.169877298613
2024-03-14 23:00:00+00:00;21814.339774664386
2024-03-15 00:00:00+00:00;19654.758800927222
2024-03-15 01:00:00+00:00;17633.82485662834
2024-03-15 02:00:00+00:00;16501.301680805485
2024-03-15 03:00:00+00:00;15807.43223602267
2024-03-15 04:00:00+00:00;15717.872254471216
2024-03-15 05:00:00+00:00;15616.557260168427
2024-03-15 06:00:00+00:00;17004.15126427679
2024-03-15 07:00:00+00:00;20449.477544279882
2024-03-15 08:00:00+00:00;24492.740464205806
2024-03-15 09:00:00+00:00;27233.3782020662
2024-03-15 10:00:00+00:00;28319.727746112836
2024-03-15 11:00:00+00:00;28740.590771923005
2024-03-15 12:00:00+00:00;28626.51218734184
2024-03-15 13:00:00+00:00;27532.028962317247
2024-03-15 14:00:00+00:00;27436.80328079846
2024-03-15 15:00:00+00:00;27098.183104744996
2024-03-15 16:00:00+00:00;27212.55330891466
2024-03-15 17:00:00+00:00;27050.668161277234
2024-03-15 18:00:00+00:00;28766.527082477212
2024-03-15 19:00:00+00:00;30647.898140308018
2024-03-15 20:00:00+00:00;30284.87113010358
2024-03-15 21:00:00+00:00;28125.518181183343
2024-03-15 22:00:00+00:00;25877.362737259835
2024-03-15 23:00:00+00:00;22205.60544133109
2024-03-16 00:00:00+00:00;19096.205503037705
2024-03-16 01:00:00+00:00;17139.771077407542
2024-03-16 02:00:00+00:00;15815.118801157012
2024-03-16 03:00:00+00:00;15013.178843232678
2024-03-16 04:00:00+00:00;14803.744426626225
2024-03-16 05:00:00+00:00;14814.823045001189
2024-03-16 06:00:00+00:00;15417.854640444555
2024-03-16 07:00:00+00:00;16498.205676137488
2024-03-16 08:00:00+00:00;18858.85037299028
2024-03-16 09:00:00+00:00;21742.003010938908
2024-03-16 10:00:00+00:00;23433.997482744904
2024-03-16 11:00:00+00:00;24429.644681683334
2024-03-16 12:00:00+00:00;25638.423103047015
2024-03-16 13:00:00+00:00;24860.459303607153
2024-03-16 14:00:00+00:00;23762.16232718929
2024-03-16 15:00:00+00:00;23181.194750940344
2024-03-16 16:00:00+00:00;23009.01230675044
2024-03-16 17:00:00+00:00;23994.51444053661
2024-03-16 18:00:00+00:00;26561.128150141863
2024-03-16 19:00:00+00:00;28463.91937186426
2024-03-16 20:00:00+00:00;28009.051488972043
2024-03-16 21:00:00+00:00;25896.216628852068
2024-03-16 22:00:00+00:00;23937.591358494316
2024-03-16 23:00:00+00:00;20880.074590019656
2024-03-17 00:00:00+00:00;18126.130474335692
2024-03-17 01:00:00+00:00;16280.06256229636
2024-03-17 02:00:00+00:00;15050.355509129717
2024-03-17 03:00:00+00:00;14323.176417394126
2024-03-17 04:00:00+00:00;13990.201838416064
2024-03-17 05:00:00+00:00;14014.673849805033
2024-03-17 06:00:00+00:00;14309.45532490159
2024-03-17 07:00:00+00:00;15008.578399836775
2024-03-17 08:00:00+00:00;16792.170325006246
2024-03-17 09:00:00+00:00;19753.301148823397
2024-03-17 10:00:00+00:00;22242.878954257692
2024-03-17 11:00:00+00:00;23807.338426219714
2024-03-17 12:00:00+00:00;25331.160809621095
2024-03-17 13:00:00+00:00;24256.429653615927
2024-03-17 14:00:00+00:00;23000.207484188595
2024-03-17 15:00:00+00:00;22435.093518257083
2024-03-17 16:00:00+00:00;22545.62267311846
2024-03-17 17:00:00+00:00;23640.355173587475
2024-03-17 18:00:00+00:00;25983.83097116721
2024-03-17 19:00:00+00:00;28175.414250520076
2024-03-17 20:00:00+00:00;28324.354902776035
2024-03-17 21:00:00+00:00;26583.722201631106
2024-03-17 22:00:00+00:00;23813.947221754224
2024-03-17 23:00:00+00:00;20764.656878357586
2024-03-18 00:00:00+00:00;18710.04102475567
2024-03-18 01:00:00+00:00;16683.93439645297
2024-03-18 02:00:00+00:00;15517.193881467694
2024-03-18 03:00:00+00:00;14856.505401247821
2024-03-18 04:00:00+00:00;14757.567929406663
2024-03-18 05:00:00+00:00;14939.712373122526
2024-03-18 06:00:00+00:00;16484.355608831618
2024-03-18 07:00:00+00:00;19737.648926734983
2024-03-18 08:00:00+00:00;23753.920683878056
2024-03-18 09:00:00+00:00;26594.54346883567
2024-03-18 10:00:00+00:00;27594.727918242654
2024-03-18 11:00:00+00:00;27986.28689827646
2024-03-18 12:00:00+00:00;28211.847563228075
2024-03-18 13:00:00+00:00;27333.845521123338
2024-03-18 14:00:00+00:00;27008.123202394647
2024-03-18 15:00:00+00:00;26765.23587438056
2024-03-18 16:00:00+00:00;26824.506039645672
2024-03-18 17:00:00+00:00;27274.634627574065
2024-03-18 18:00:00+00:00;29204.25194964848
2024-03-18 19:00:00+00:00;32072.27422216137
2024-03-18 20:00:00+00:00;31996.761249108735
2024-03-18 21:00:00+00:00;29535.772666426965
2024-03-18 22:00:00+00:00;26590.11551993368
2024-03-18 23:00:00+00:00;22737.651848644717
2024-03-19 00:00:00+00:00;19494.35002429752
2024-03-19 01:00:00+00:00;17543.235052881562
2024-03-19 02:00:00+00:00;16323.046460638685
2024-03-19 03:00:00+00:00;15718.16480779496
2024-03-19 04:00:00+00:00;15513.900257140374
2024-03-19 05:00:00+00:00;15577.920425282064
2024-03-19 06:00:00+00:00;16975.386592849798
2024-03-19 07:00:00+00:00;19820.79944482967
2024-03-19 08:00:00+00:00;22936.485730058404
2024-03-19 09:00:00+00:00;25300.155936340663
2024-03-19 10:00:00+00:00;26640.182008027194
2024-03-19 11:00:00+00:00;27643.204199637654
2024-03-19 12:00:00+00:00;27867.078715617852
2024-03-19 13:00:00+00:00;26744.59679340226
2024-03-19 14:00:00+00:00;26545.662667568045
2024-03-19 15:00:00+00:00;25844.982891152707
2024-03-19 16:00:00+00:00;25880.089077703426
2024-03-19 17:00:00+00:00;26429.89756283464
2024-03-19 18:00:00+00:00;28736.74789546148
2024-03-19 19:00:00+00:00;31742.273269532263
2024-03-19 20:00:00+00:00;31858.800049292524
2024-03-19 21:00:00+00:00;29694.851630693884
2024-03-19 22:00:00+00:00;26479.8264225637
2024-03-19 23:00:00+00:00;22966.866348145697
2024-03-20 00:00:00+00:00;19690.011902106908
2024-03-20 01:00:00+00:00;17714.901885390977
2024-03-20 02:00:00+00:00;16577.83690449944
2024-03-20 03:00:00+00:00;15797.596741382175
2024-03-20 04:00:00+00:00;15617.154565012404
2024-03-20 05:00:00+00:00;15688.891808249495
2024-03-20 06:00:00+00:00;17139.369461912716
2024-03-20 07:00:00+00:00;20632.88598096605
2024-03-20 08:00:00+00:00;24345.281329388792
2024-03-20 09:00:00+00:00;26833.13133087573
2024-03-20 10:00:00+00:00;27701.136759306544
2024-03-20 11:00:00+00:00;28274.873046532455
2024-03-20 12:00:00+00:00;28605.693325814715
2024-03-20 13:00:00+00:00;27703.86428467797
2024-03-20 14:00:00+00:00;27407.195385262487
2024-03-20 15:00:00+00:00;26756.101505872917
2024-03-20 16:00:00+00:00;26884.858577208353
2024-03-20 17:00:00+00:00;27111.024719001536
2024-03-20 18:00:00+00:00;29134.642423704114
2024-03-20 19:00:00+00:00;31944.199830637754
2024-03-20 20:00:00+00:00;31733.580187516232
2024-03-20 21:00:00+00:00;29362.224503154124
2024-03-20 22:00:00+00:00;26203.475481085155
2024-03-20 23:00:00+00:00;22602.473474799044
2024-03-21 00:00:00+00:00;19315.98740840264
2024-03-21 01:00:00+00:00;17357.916980269874
2024-03-21 02:00:00+00:00;16162.477625890231
2024-03-21 03:00:00+00:00;15606.857703618563
2024-03-21 04:00:00+00:00;15467.578728700148
2024-03-21 05:00:00+00:00;15666.843965422007
2024-03-21 06:00:00+00:00;17111.106847420197
2024-03-21 07:00:00+00:00;20626.209074439066
2024-03-21 08:00:00+00:00;24486.8719301343
2024-03-21 09:00:00+00:00;27040.833787028303
2024-03-21 10:00:00+00:00;28355.501274275222
2024-03-21 11:00:00+00:00;28858.99947642637
2024-03-21 12:00:00+00:00;29191.5498215803
2024-03-21 13:00:00+00:00;28563.956279554095
2024-03-21 14:00:00+00:00;28305.913148068328
2024-03-21 15:00:00+00:00;27813.010872446954
2024-03-21 16:00:00+00:00;27909.90059621159
2024-03-21 17:00:00+00:00;28164.747561865523
2024-03-21 18:00:00+00:00;29846.355411382672
2024-03-21 19:00:00+00:00;32592.90942264277
2024-03-21 20:00:00+00:00;32210.224427907884
2024-03-21 21:00:00+00:00;29879.36300741351
2024-03-21 22:00:00+00:00;26756.169877298613
2024-03-21 23:00:00+00:00;21814.339774664386
2024-03-22 00:00:00+00:00;19654.758800927222
2024-03-22 01:00:00+00:00;17633.82485662834
2024-03-22 02:00:00+00:00;16501.301680805485
2024-03-22 03:00:00+00:00;15807.43223602267
2024-03-22 04:00:00+00:00;15717.872254471216
2024-03-22 05:00:00+00:00;15616.557260168427
2024-03-22 06:00:00+00:00;17004.15126427679
2024-03-22 07:00:00+00:00;20449.477544279882
2024-03-22 08:00:00+00:00;24492.740464205806
2024-03-22 09:00:00+00:00;27233.3782020662
2024-03-22 10:00:00+00:00;28319.727746112836
2024-03-22 11:00:00+00:00;28740.590771923005
2024-03-22 12:00:00+00:00;28626.51218734184
2024-03-22 13:00:00+00:00;27532.028962317247
2024-03-22 14:00:00+00:00;27436.80328079846
2024-03-22 15:00:00+00:00;27098.183104744996
2024-03-22 16:00:00+00:00;27212.55330891466
2024-03-22 17:00:00+00:00;27050.668161277234
2024-03-22 18:00:00+00:00;28766.527082477212
2024-03-22 19:00:00+00:00;30647.898140308018
2024-03-22 20:00:00+00:00;30284.87113010358
2024-03-22 21:00:00+00:00;28125.518181183343
2024-03-22 22:00:00+00:00;25877.362737259835
2024-03-22 23:00:00+00:00;22205.60544133109
2024-03-23 00:00:00+00:00;19096.205503037705
2024-03-23 01:00:00+00:00;17139.771077407542
2024-03-23 02:00:00+00:00;15815.118801157012
2024-03-23 03:00:00+00:00;15013.178843232678
2024-03-23 04:00:00+00:00;14803.744426626225
2024-03-23 05:00:00+00:00;14814.823045001189
2024-03-23 06:00:00+00:00;15417.854640444555
2024-03-23 07:00:00+00:00;16498.205676137488
2024-03-23 08:00:00+00:00;18858.85037299028
2024-03-23 09:00:00+00:00;21742.003010938908
2024-03-23 10:00:00+00:00;23433.997482744904
2024-03-23 11:00:00+00:00;24429.644681683334
2024-03-23 12:00:00+00:00;25638.423103047015
2024-03-23 13:00:00+00:00;24860.459303607153
2024-03-23 14:00:00+00:00;23762.16232718929
2024-03-23 15:00:00+00:00;23181.194750940344
2024-03-23 16:00:00+00:00;23009.01230675044
2024-03-23 17:00:00+00:00;23994.51444053661
2024-03-23 18:00:00+00:00;26561.128150141863
2024-03-23 19:00:00+00:00;28463.91937186426
2024-03-23 20:00:00+00:00;28009.051488972043
2024-03-23 21:00:00+00:00;25896.216628852068
2024-03-23 22:00:00+00:00;23937.591358494316
2024-03-23 23:00:00+00:00;20880.074590019656
2024-03-24 00:00:00+00:00;18126.130474335692
2024-03-24 01:00:00+00:00;16280.06256229636
2024-03-24 02:00:00+00:00;15050.355509129717
2024-03-24 03:00:00+00:00;14323.176417394126
2024-03-24 04:00:00+00:00;13990.201838416064
2024-03-24 05:00:00+00:00;14014.673849805033
2024-03-24 06:00:00+00:00;14309.45532490159
2024-03-24 07:00:00+00:00;15008.578399836775
2024-03-24 08:00:00+00:00;16792.170325006246
2024-03-24 09:00:00+00:00;19753.301148823397
2024-03-24 10:00:00+00:00;22242.878954257692
2024-03-24 11:00:00+00:00;23807.338426219714
2024-03-24 12:00:00+00:00;25331.160809621095
2024-03-24 13:00:00+00:00;24256.429653615927
2024-03-24 14:00:00+00:00;23000.207484188595
2024-03-24 15:00:00+00:00;22435.093518257083
2024-03-24 16:00:00+00:00;22545.62267311846
2024-03-24 17:00:00+00:00;23640.355173587475
2024-03-24 18:00:00+00:00;25983.83097116721
2024-03-24 19:00:00+00:00;28175.414250520076
2024-03-24 20:00:00+00:00;28324.354902776035
2024-03-24 21:00:00+00:00;26583.722201631106
2024-03-24 22:00:00+00:00;23813.947221754224
2024-03-24 23:00:00+00:00;20764.656878357586
2024-03-25 00:00:00+00:00;18710.04102475567
2024-03-25 01:00:00+00:00;16683.93439645297
2024-03-25 02:00:00+00:00;15517.193881467694
2024-03-25 03:00:00+00:00;14856.505401247821
2024-03-25 04:00:00+00:00;14757.567929406663
2024-03-25 05:00:00+00:00;14939.712373122526
2024-03-25 06:00:00+00:00;16484.355608831618
2024-03-25 07:00:00+00:00;19737.648926734983
2024-03-25 08:00:00+00:00;23753.920683878056
2024-03-25 09:00:00+00:00;26594.54346883567
2024-03-25 10:00:00+00:00;27594.727918242654
2024-03-25 11:00:00+00:00;27986.28689827646
2024-03-25 12:00:00+00:00;28211.847563228075
2024-03-25 13:00:00+00:00;27333.845521123338
2024-03-25 14:00:00+00:00;27008.123202394647
2024-03-25 15:00:00+00:00;26765.23587438056
2024-03-25 16:00:00+00:00;26824.506039645672
2024-03-25 17:00:00+00:00;27274.634627574065
2024-03-25 18:00:00+00:00;29204.25194964848
2024-03-25 19:00:00+00:00;32072.27422216137
2024-03-25 20:00:00+00:00;31996.761249108735
2024-03-25 21:00:00+00:00;29535.772666426965
2024-03-25 22:00:00+00:00;26590.11551993368
2024-03-25 23:00:00+00:00;22737.651848644717
2024-03-26 00:00:00+00:00;19494.35002429752
2024-03-26 01:00:00+00:00;17543.235052881562
2024-03-26 02:00:00+00:00;16323.046460638685
2024-03-26 03:00:00+00:00;15718.16480779496
2024-03-26 04:00:00+00:00;15513.900257140374
2024-03-26 05:00:00+00:00;15577.920425282064
2024-03-26 06:00:00+00:00;16975.386592849798
2024-03-26 07:00:00+00:00;19820.79944482967
2024-03-26 08:00:00+00:00;22936.485730058404
2024-03-26 09:00:00+00:00;25300.155936340663
2024-03-26 10:00:00+00:00;26640.182008027194
2024-03-26 11:00:00+00:00;27643.204199637654
2024-03-26 12:00:00+00:00;27867.078715617852
2024-03-26 13:00:00+00:00;26744.59679340226
2024-03-26 14:00:00+00:00;26545.662667568045
2024-03-26 15:00:00+00:00;25844.982891152707
2024-03-26 16:00:00+00:00;25880.089077703426
2024-03-26 17:00:00+00:00;26429.89756283464
2024-03-26 18:00:00+00:00;28736.74789546148
2024-03-26 19:00:00+00:00;31742.273269532263
2024-03-26 20:00:00+00:00;31858.800049292524
2024-03-26 21:00:00+00:00;29694.851630693884
2024-03-26 22:00:00+00:00;26479.8264225637
2024-03-26 23:00:00+00:00;22966.866348145697
2024-03-27 00:00:00+00:00;19690.011902106908
2024-03-27 01:00:00+00:00;17714.901885390977
2024-03-27 02:00:00+00:00;16577.83690449944
2024-03-27 03:00:00+00:00;15797.596741382175
2024-03-27 04:00:00+00:00;15617.154565012404
2024-03-27 05:00:00+00:00;15688.891808249495
2024-03-27 06:00:00+00:00;17139.369461912716
2024-03-27 07:00:00+00:00;20632.88598096605
2024-03-27 08:00:00+00:00;24345.281329388792
2024-03-27 09:00:00+00:00;26833.13133087573
2024-03-27 10:00:00+00:00;27701.136759306544
2024-03-27 11:00:00+00:00;28274.873046532455
2024-03-27 12:00:00+00:00;28605.693325814715
2024-03-27 13:00:00+00:00;27703.86428467797
2024-03-27 14:00:00+00:00;27407.195385262487
2024-03-27 15:00:00+00:00;26756.101505872917
2024-03-27 16:00:00+00:00;26884.858577208353
2024-03-27 17:00:00+00:00;27111.024719001536
2024-03-27 18:00:00+00:00;29134.642423704114
2024-03-27 19:00:00+00:00;31944.199830637754
2024-03-27 20:00:00+00:00;31733.580187516232
2024-03-27 21:00:00+00:00;29362.224503154124
2024-03-27 22:00:00+00:00;26203.475481085155
2024-03-27 23:00:00+00:00;22602.473474799044
2024-03-28 00:00:00+00:00;19315.98740840264
2024-03-28 01:00:00+00:00;17357.916980269874
2024-03-28 02:00:00+00:00;16162.477625890231
2024-03-28 03:00:00+00:00;15606.857703618563
2024-03-28 04:00:00+00:00;15467.578728700148
2024-03-28 05:00:00+00:00;15666.843965422007
2024-03-28 06:00:00+00:00;17111.106847420197
2024-03-28 07:00:00+00:00;20626.209074439066
2024-03-28 08:00:00+00:00;24486.8719301343
2024-03-28 09:00:00+00:00;27040.833787028303
2024-03-28 10:00:00+00:00;28355.501274275222
2024-03-28 11:00:00+00:00;28858.99947642637
2024-03-28 12:00:00+00:00;29191.5498215803
2024-03-28 13:00:00+00:00;28563.956279554095
2024-03-28 14:00:00+00:00;28305.913148068328
2024-03-28 15:00:00+00:00;27813.010872446954
2024-03-28 16:00:00+00:00;27909.90059621159
2024-03-28 17:00:00+00:00;28164.747561865523
2024-03-28 18:00:00+00:00;29846.355411382672
2024-03-28 19:00:00+00:00;32592.90942264277
2024-03-28 20:00:00+00:00;32210.224427907884
2024-03-28 21:00:00+00:00;29879.36300741351
2024-03-28 22:00:00+00:00;26756.169877298613
2024-03-28 23:00:00+00:00;21814.339774664386
2024-03-29 00:00:00+00:00;19654.758800927222
2024-03-29 01:00:00+00:00;17633.82485662834
2024-03-29 02:00:00+00:00;16501.301680805485
2024-03-29 03:00:00+00:00;15807.43223602267
2024-03-29 04:00:00+00:00;15717.872254471216
2024-03-29 05:00:00+00:00;15616.557260168427
2024-03-29 06:00:00+00:00;17004.15126427679
2024-03-29 07:00:00+00:00;20449.477544279882
2024-03-29 08:00:00+00:00;24492.740464205806
2024-03-29 09:00:00+00:00;27233.3782020662
2024-03-29 10:00:00+00:00;28319.727746112836
2024-03-29 11:00:00+00:00;28740.590771923005
2024-03-29 12:00:00+00:00;28626.51218734184
2024-03-29 13:00:00+00:00;27532.028962317247
2024-03-29 14:00:00+00:00;27436.80328079846
2024-03-29 15:00:00+00:00;27098.183104744996
2024-03-29 16:00:00+00:00;27212.55330891466
2024-03-29 17:00:00+00:00;27050.668161277234
2024-03-29 18:00:00+00:00;28766.527082477212
2024-03-29 19:00:00+00:00;30647.898140308018
2024-03-29 20:00:00+00:00;30284.87113010358
2024-03-29 21:00:00+00:00;28125.518181183343
2024-03-29 22:00:00+00:00;25877.362737259835
2024-03-29 23:00:00+00:00;22205.60544133109
2024-03-30 00:00:00+00:00;19096.205503037705
2024-03-30 01:00:00+00:00;17139.771077407542
2024-03-30 02:00:00+00:00;15815.118801157012
2024-03-30 03:00:00+00:00;15013.178843232678
2024-03-30 04:00:00+00:00;14803.744426626225
2024-03-30 05:00:00+00:00;14814.823045001189
2024-03-30 06:00:00+00:00;15417.854640444555
2024-03-30 07:00:00+00:00;16498.205676137488
2024-03-30 08:00:00+00:00;18858.85037299028
2024-03-30 09:00:00+00:00;21742.003010938908
2024-03-30 10:00:00+00:00;23433.997482744904
2024-03-30 11:00:00+00:00;24429.644681683334
2024-03-30 12:00:00+00:00;25638.423103047015
2024-03-30 13:00:00+00:00;24860.459303607153
2024-03-30 14:00:00+00:00;23762.16232718929
2024-03-30 15:00:00+00:00;23181.194750940344
2024-03-30 16:00:00+00:00;23009.01230675044
2024-03-30 17:00:00+00:00;23994.51444053661
2024-03-30 18:00:00+00:00;26561.128150141863
2024-03-30 19:00:00+00:00;28463.91937186426
2024-03-30 20:00:00+00:00;28009.051488972043
2024-03-30 21:00:00+00:00;25896.216628852068
2024-03-30 22:00:00+00:00;23937.591358494316
2024-03-30 23:00:00+00:00;20880.074590019656
2024-03-31 00:00:00+00:00;18126.130474335692
2024-03-31 01:00:00+00:00;16280.06256229636
2024-03-31 02:00:00+00:00;15050.355509129717
2024-03-31 03:00:00+00:00;14323.176417394126
2024-03-31 04:00:00+00:00;13990.201838416064
2024-03-31 05:00:00+00:00;14014.673849805033
2024-03-31 06:00:00+00:00;14309.45532490159
2024-03-31 07:00:00+00:00;15008.578399836775
2024-03-31 08:00:00+00:00;16792.170325006246
2024-03-31 09:00:00+00:00;19753.301148823397
2024-03-31 10:00:00+00:00;22242.878954257692
2024-03-31 11:00:00+00:00;23807.338426219714
2024-03-31 12:00:00+00:00;25331.160809621095
2024-03-31 13:00:00+00:00;24256.429653615927
2024-03-31 14:00:00+00:00;23000.207484188595
2024-03-31 15:00:00+00:00;22435.093518257083
2024-03-31 16:00:00+00:00;22545.62267311846
2024-03-31 17:00:00+00:00;23640.355173587475
2024-03-31 18:00:00+00:00;25983.83097116721
2024-03-31 19:00:00+00:00;28175.414250520076
2024-03-31 20:00:00+00:00;28324.354902776035
2024-03-31 21:00:00+00:00;26583.722201631106
2024-03-31 22:00:00+00:00;23813.947221754224
2024-03-31 23:00:00+00:00;20764.656878357586
2024-04-01 00:00:00+00:00;16631.147577560594
2024-04-01 01:00:00+00:00;14830.163907958195
2024-04-01 02:00:00+00:00;13793.061227971284
2024-04-01 03:00:00+00:00;13205.782578886952
2024-04-01 04:00:00+00:00;13117.838159472589
2024-04-01 05:00:00+00:00;13279.744331664468
2024-04-01 06:00:00+00:00;14652.76054118366
2024-04-01 07:00:00+00:00;17544.57682376443
2024-04-01 08:00:00+00:00;21114.59616344716
2024-04-01 09:00:00+00:00;23639.594194520596
2024-04-01 10:00:00+00:00;24528.647038437917
2024-04-01 11:00:00+00:00;24876.699465134632
2024-04-01 12:00:00+00:00;25077.19783398051
2024-04-01 13:00:00+00:00;24296.751574331854
2024-04-01 14:00:00+00:00;24007.220624350797
2024-04-01 15:00:00+00:00;23791.320777227167
2024-04-01 16:00:00+00:00;23844.005368573933
2024-04-01 17:00:00+00:00;24244.119668954725
2024-04-01 18:00:00+00:00;25959.335066354204
2024-04-01 19:00:00+00:00;28508.688197476775
2024-04-01 20:00:00+00:00;28441.56555476332
2024-04-01 21:00:00+00:00;26254.02014793508
2024-04-01 22:00:00+00:00;23635.65823994105
2024-04-01 23:00:00+00:00;20211.246087684194
2024-04-02 00:00:00+00:00;17328.31113270891
2024-04-02 01:00:00+00:00;15593.9867136725
2024-04-02 02:00:00+00:00;14509.374631678831
2024-04-02 03:00:00+00:00;13971.702051373299
2024-04-02 04:00:00+00:00;13790.133561902556
2024-04-02 05:00:00+00:00;13847.040378028501
2024-04-02 06:00:00+00:00;15089.2325269776
2024-04-02 07:00:00+00:00;17618.488395404154
2024-04-02 08:00:00+00:00;20387.987315607472
2024-04-02 09:00:00+00:00;22489.02749896948
2024-04-02 10:00:00+00:00;23680.161784913063
2024-04-02 11:00:00+00:00;24571.73706634458
2024-04-02 12:00:00+00:00;24770.73663610476
2024-04-02 13:00:00+00:00;23772.974927468676
2024-04-02 14:00:00+00:00;23596.14459339382
2024-04-02 15:00:00+00:00;22973.31812546907
2024-04-02 16:00:00+00:00;23004.523624625268
2024-04-02 17:00:00+00:00;23493.24227807524
2024-04-02 18:00:00+00:00;25543.775907076873
2024-04-02 19:00:00+00:00;28215.354017362013
2024-04-02 20:00:00+00:00;28318.93337714891
2024-04-02 21:00:00+00:00;26395.4236717279
2024-04-02 22:00:00+00:00;23537.62348672329
2024-04-02 23:00:00+00:00;20414.992309462843
2024-04-03 00:00:00+00:00;17502.232801872808
2024-04-03 01:00:00+00:00;15746.579453680868
2024-04-03 02:00:00+00:00;14735.855026221725
2024-04-03 03:00:00+00:00;14042.308214561934
2024-04-03 04:00:00+00:00;13881.915168899915
2024-04-03 05:00:00+00:00;13945.681607332885
2024-04-03 06:00:00+00:00;15234.995077255748
2024-04-03 07:00:00+00:00;18340.343094192045
2024-04-03 08:00:00+00:00;21640.250070567814
2024-04-03 09:00:00+00:00;23851.672294111762
2024-04-03 10:00:00+00:00;24623.23267493915
2024-04-03 11:00:00+00:00;25133.220485806625
2024-04-03 12:00:00+00:00;25427.282956279745
2024-04-03 13:00:00+00:00;24625.65714193597
2024-04-03 14:00:00+00:00;24361.951453566653
2024-04-03 15:00:00+00:00;23783.201338553707
2024-04-03 16:00:00+00:00;23897.652068629646
2024-04-03 17:00:00+00:00;24098.68863911248
2024-04-03 18:00:00+00:00;25897.459932181435
2024-04-03 19:00:00+00:00;28394.844293900227
2024-04-03 20:00:00+00:00;28207.626833347764
2024-04-03 21:00:00+00:00;26099.75511391478
2024-04-03 22:00:00+00:00;23291.97820540903
2024-04-03 23:00:00+00:00;20091.087533154707
2024-04-04 00:00:00+00:00;17169.76658524679
2024-04-04 01:00:00+00:00;15429.259538017664
2024-04-04 02:00:00+00:00;14366.646778569095
2024-04-04 03:00:00+00:00;13872.762403216502
2024-04-04 04:00:00+00:00;13748.958869955686
2024-04-04 05:00:00+00:00;13926.083524819564
2024-04-04 06:00:00+00:00;15209.872753262398
2024-04-04 07:00:00+00:00;18334.40806616806
2024-04-04 08:00:00+00:00;21766.1083823416
2024-04-04 09:00:00+00:00;24036.296699580715
2024-04-04 10:00:00+00:00;25204.890021577976
2024-04-04 11:00:00+00:00;25652.443979045664
2024-04-04 12:00:00+00:00;25948.04428584916
2024-04-04 13:00:00+00:00;25390.18335960364
2024-04-04 14:00:00+00:00;25160.81168717185
2024-04-04 15:00:00+00:00;24722.67633106396
2024-04-04 16:00:00+00:00;24808.80052996586
2024-04-04 17:00:00+00:00;25035.331166102686
2024-04-04 18:00:00+00:00;26530.09369900682
2024-04-04 19:00:00+00:00;28971.47504234913
2024-04-04 20:00:00+00:00;28631.310602584785
2024-04-04 21:00:00+00:00;26559.433784367564
2024-04-04 22:00:00+00:00;23783.262113154324
2024-04-04 23:00:00+00:00;19390.52424414612
2024-04-05 00:00:00+00:00;17470.89671193531
2024-04-05 01:00:00+00:00;15674.510983669636
2024-04-05 02:00:00+00:00;14667.823716271541
2024-04-05 03:00:00+00:00;14051.050876464597
2024-04-05 04:00:00+00:00;13971.442003974415
2024-04-05 05:00:00+00:00;13881.384231260825
2024-04-05 06:00:00+00:00;15114.80112380159
2024-04-05 07:00:00+00:00;18177.31337269323
2024-04-05 08:00:00+00:00;21771.324857071828
2024-04-05 09:00:00+00:00;24207.44729072551
2024-04-05 10:00:00+00:00;25173.09132987808
2024-04-05 11:00:00+00:00;25547.191797264895
2024-04-05 12:00:00+00:00;25445.788610970525
2024-04-05 13:00:00+00:00;24472.914633170887
2024-04-05 14:00:00+00:00;24388.269582931967
2024-04-05 15:00:00+00:00;24087.27387088444
2024-04-05 16:00:00+00:00;24188.93627459081
2024-04-05 17:00:00+00:00;24045.038365579763
2024-04-05 18:00:00+00:00;25570.2462955353
2024-04-05 19:00:00+00:00;27242.576124718238
2024-04-05 20:00:00+00:00;26919.88544898096
2024-04-05 21:00:00+00:00;25000.460605496308
2024-04-05 22:00:00+00:00;23002.10021089763
2024-04-05 23:00:00+00:00;19738.315947849856
2024-04-06 00:00:00+00:00;16974.40489158907
2024-04-06 01:00:00+00:00;15235.352068806706
2024-04-06 02:00:00+00:00;14057.883378806233
2024-04-06 03:00:00+00:00;13345.04786065127
2024-04-06 04:00:00+00:00;13158.883934778867
2024-04-06 05:00:00+00:00;13168.731595556614
2024-04-06 06:00:00+00:00;13704.75968039516
2024-04-06 07:00:00+00:00;14665.071712122211
2024-04-06 08:00:00+00:00;16763.422553769138
2024-04-06 09:00:00+00:00;19326.224898612363
2024-04-06 10:00:00+00:00;20830.219984662137
2024-04-06 11:00:00+00:00;21715.239717051852
2024-04-06 12:00:00+00:00;22789.709424930683
2024-04-06 13:00:00+00:00;22098.1860476508
2024-04-06 14:00:00+00:00;21121.922068612705
2024-04-06 15:00:00+00:00;20605.506445280305
2024-04-06 16:00:00+00:00;20452.45538377817
2024-04-06 17:00:00+00:00;21328.45728047699
2024-04-06 18:00:00+00:00;23609.891689014992
2024-04-06 19:00:00+00:00;25301.26166387934
2024-04-06 20:00:00+00:00;24896.93465686404
2024-04-06 21:00:00+00:00;23018.859225646283
2024-04-06 22:00:00+00:00;21277.85898532828
2024-04-06 23:00:00+00:00;18560.066302239695
2024-04-07 00:00:00+00:00;16112.115977187284
2024-04-07 01:00:00+00:00;14471.16672204121
2024-04-07 02:00:00+00:00;13378.093785893083
2024-04-07 03:00:00+00:00;12731.712371017002
2024-04-07 04:00:00+00:00;12435.734967480945
2024-04-07 05:00:00+00:00;12457.487866493364
2024-04-07 06:00:00+00:00;12719.515844356969
2024-04-07 07:00:00+00:00;13340.95857763269
2024-04-07 08:00:00+00:00;14926.373622227775
2024-04-07 09:00:00+00:00;17558.48991006524
2024-04-07 10:00:00+00:00;19771.447959340174
2024-04-07 11:00:00+00:00;21162.07860108419
2024-04-07 12:00:00+00:00;22516.587386329862
2024-04-07 13:00:00+00:00;21561.27080321416
2024-04-07 14:00:00+00:00;20444.628874834307
2024-04-07 15:00:00+00:00;19942.30534956185
2024-04-07 16:00:00+00:00;20040.553487216413
2024-04-07 17:00:00+00:00;21013.649043188867
2024-04-07 18:00:00+00:00;23096.73864103752
2024-04-07 19:00:00+00:00;25044.812667128957
2024-04-07 20:00:00+00:00;25177.20435802314
2024-04-07 21:00:00+00:00;23629.975290338763
2024-04-07 22:00:00+00:00;21167.953086003756
2024-04-07 23:00:00+00:00;18457.4727807623
2024-04-08 00:00:00+00:00;16631.147577560594
2024-04-08 01:00:00+00:00;14830.163907958195
2024-04-08 02:00:00+00:00;13793.061227971284
2024-04-08 03:00:00+00:00;13205.782578886952
2024-04-08 04:00:00+00:00;13117.838159472589
2024-04-08 05:00:00+00:00;13279.744331664468
2024-04-08 06:00:00+00:00;14652.76054118366
2024-04-08 07:00:00+00:00;17544.57682376443
2024-04-08 08:00:00+00:00;21114.59616344716
2024-04-08 09:00:00+00:00;23639.594194520596
2024-04-08 10:00:00+00:00;24528.647038437917
2024-04-08 11:00:00+00:00;24876.699465134632
2024-04-08 12:00:00+00:00;25077.19783398051
2024-04-08 13:00:00+00:00;24296.751574331854
2024-04-08 14:00:00+00:00;24007.220624350797
2024-04-08 15:00:00+00:00;23791.320777227167
2024-04-08 16:00:00+00:00;23844.005368573933
2024-04-08 17:00:00+00:00;24244.119668954725
2024-04-08 18:00:00+00:00;25959.335066354204
2024-04-08 19:00:00+00:00;28508.688197476775
2024-04-08 20:00:00+00:00;28441.56555476332
2024-04-08 21:00:00+00:00;26254.02014793508
2024-04-08 22:00:00+00:00;23635.65823994105
2024-04-08 23:00:00+00:00;20211.246087684194
2024-04-09 00:00:00+00:00;17328.31113270891
2024-04-09 01:00:00+00:00;15593.9867136725
2024-04-09 02:00:00+00:00;14509.374631678831
2024-04-09 03:00:00+00:00;13971.702051373299
2024-04-09 04:00:00+00:00;13790.133561902556
2024-04-09 05:00:00+00:00;13847.040378028501
2024-04-09 06:00:00+00:00;15089.2325269776
2024-04-09 07:00:00+00:00;17618.488395404154
2024-04-09 08:00:00+00:00;20387.987315607472
2024-04-09 09:00:00+00:00;22489.02749896948
2024-04-09 10:00:00+00:00;23680.161784913063
2024-04-09 11:00:00+00:00;24571.73706634458
2024-04-09 12:00:00+00:00;24770.73663610476
2024-04-09 13:00:00+00:00;23772.974927468676
2024-04-09 14:00:00+00:00;23596.14459339382
2024-04-09 15:00:00+00:00;22973.31812546907
2024-04-09 16:00:00+00:00;23004.523624625268
2024-04-09 17:00:00+00:00;23493.24227807524
2024-04-09 18:00:00+00:00;25543.775907076873
2024-04-09 19:00:00+00:00;28215.354017362013
2024-04-09 20:00:00+00:00;28318.93337714891
2024-04-09 21:00:00+00:00;26395.4236717279
2024-04-09 22:00:00+00:00;23537.62348672329
2024-04-09 23:00:00+00:00;20414.992309462843
2024-04-10 00:00:00+00:00;17502.232801872808
2024-04-10 01:00:00+00:00;15746.579453680868
2024-04-10 02:00:00+00:00;14735.855026221725
2024-04-10 03:00:00+00:00;14042.308214561934
2024-04-10 04:00:00+00:00;13881.915168899915
2024-04-10 05:00:00+00:00;13945.681607332885
2024-04-10 06:00:00+00:00;15234.995077255748
2024-04-10 07:00:00+00:00;18340.343094192045
2024-04-10 08:00:00+00:00;21640.250070567814
2024-04-10 09:00:00+00:00;23851.672294111762
2024-04-10 10:00:00+00:00;24623.23267493915
2024-04-10 11:00:00+00:00;25133.220485806625
2024-04-10 12:00:00+00:00;25427.282956279745
2024-04-10 13:00:00+00:00;24625.65714193597
2024-04-10 14:00:00+00:00;24361.951453566653
2024-04-10 15:00:00+00:00;23783.201338553707
2024-04-10 16:00:00+00:00;23897.652068629646
2024-04-10 17:00:00+00:00;24098.68863911248
2024-04-10 18:00:00+00:00;25897.459932181435
2024-04-10 19:00:00+00:00;28394.844293900227
2024-04-10 20:00:00+00:00;28207.626833347764
2024-04-10 21:00:00+00:00;26099.75511391478
2024-04-10 22:00:00+00:00;23291.97820540903
2024-04-10 23:00:00+00:00;20091.087533154707
2024-04-11 00:00:00+00:00;17169.76658524679
2024-04-11 01:00:00+00:00;15429.259538017664
2024-04-11 02:00:00+00:00;14366.646778569095
2024-04-11 03:00:00+00:00;13872.762403216502
2024-04-11 04:00:00+00:00;13748.958869955686
2024-04-11 05:00:00+00:00;13926.083524819564
2024-04-11 06:00:00+00:00;15209.872753262398
2024-04-11 07:00:00+00:00;18334.40806616806
2024-04-11 08:00:00+00:00;21766.1083823416
2024-04-11 09:00:00+00:00;24036.296699580715
2024-04-11 10:00:00+00:00;25204.890021577976
2024-04-11 11:00:00+00:00;25652.443979045664
2024-04-11 12:00:00+00:00;25948.04428584916
2024-04-11 13:00:00+00:00;25390.18335960364
2024-04-11 14:00:00+00:00;25160.81168717185
2024-04-11 15:00:00+00:00;24722.67633106396
2024-04-11 16:00:00+00:00;24808.80052996586
2024-04-11 17:00:00+00:00;25035.331166102686
2024-04-11 18:00:00+00:00;26530.09369900682
2024-04-11 19:00:00+00:00;28971.47504234913
2024-04-11 20:00:00+00:00;28631.310602584785
2024-04-11 21:00:00+00:00;26559.433784367564
2024-04-11 22:00:00+00:00;23783.262113154324
2024-04-11 23:00:00+00:00;19390.52424414612
2024-04-12 00:00:00+00:00;17470.89671193531
2024-04-12 01:00:00+00:00;15674.510983669636
2024-04-12 02:00:00+00:00;14667.823716271541
2024-04-12 03:00:00+00:00;14051.050876464597
2024-04-12 04:00:00+00:00;13971.442003974415
2024-04-12 05:00:00+00:00;13881.384231260825
2024-04-12 06:00:00+00:00;15114.80112380159
2024-04-12 07:00:00+00:00;18177.31337269323
2024-04-12 08:00:00+00:00;21771.324857071828
2024-04-12 09:00:00+00:00;24207.44729072551
2024-04-12 10:00:00+00:00;25173.09132987808
2024-04-12 11:00:00+00:00;25547.191797264895
2024-04-12 12:00:00+00:00;25445.788610970525
2024-04-12 13:00:00+00:00;24472.914633170887
2024-04-12 14:00:00+00:00;24388.269582931967
2024-04-12 15:00:00+00:00;24087.27387088444
2024-04-12 16:00:00+00:00;24188.93627459081
2024-04-12 17:00:00+00:00;24045.038365579763
2024-04-12 18:00:00+00:00;25570.2462955353
2024-04-12 19:00:00+00:00;27242.576124718238
2024-04-12 20:00:00+00:00;26919.88544898096
2024-04-12 21:00:00+00:00;25000.460605496308
2024-04-12 22:00:00+00:00;23002.10021089763
2024-04-12 23:00:00+00:00;19738.315947849856
2024-04-13 00:00:00+00:00;16974.40489158907
2024-04-13 01:00:00+00:00;15235.352068806706
2024-04-13 02:00:00+00:00;14057.883378806233
2024-04-13 03:00:00+00:00;13345.04786065127
2024-04-13 04:00:00+00:00;13158.883934778867
2024-04-13 05:00:00+00:00;13168.731595556614
2024-04-13 06:00:00+00:00;13704.75968039516
2024-04-13 07:00:00+00:00;14665.071712122211
2024-04-13 08:00:00+00:00;16763.422553769138
2024-04-13 09:00:00+00:00;19326.224898612363
2024-04-13 10:00:00+00:00;20830.219984662137
2024-04-13 11:00:00+00:00;21715.239717051852
2024-04-13 12:00:00+00:00;22789.709424930683
2024-04-13 13:00:00+00:00;22098.1860476508
2024-04-13 14:00:00+00:00;21121.922068612705
2024-04-13 15:00:00+00:00;20605.506445280305
2024-04-13 16:00:00+00:00;20452.45538377817
2024-04-13 17:00:00+00:00;21328.45728047699
2024-04-13 18:00:00+00:00;23609.891689014992
2024-04-13 19:00:00+00:00;25301.26166387934
2024-04-13 20:00:00+00:00;24896.93465686404
2024-04-13 21:00:00+00:00;23018.859225646283
2024-04-13 22:00:00+00:00;21277.85898532828
2024-04-13 23:00:00+00:00;18560.066302239695
2024-04-14 00:00:00+00:00;16112.115977187284
2024-04-14 01:00:00+00:00;14471.16672204121
2024-04-14 02:00:00+00:00;13378.093785893083
2024-04-14 03:00:00+00:00;12731.712371017002
2024-04-14 04:00:00+00:00;12435.734967480945
2024-04-14 05:00:00+00:00;12457.487866493364
2024-04-14 06:00:00+00:00;12719.515844356969
2024-04-14 07:00:00+00:00;13340.95857763269
2024-04-14 08:00:00+00:00;14926.373622227775
2024-04-14 09:00:00+00:00;17558.48991006524
2024-04-14 10:00:00+00:00;19771.447959340174
2024-04-14 11:00:00+00:00;21162.07860108419
2024-04-14 12:00:00+00:00;22516.587386329862
2024-04-14 13:00:00+00:00;21561.27080321416
2024-04-14 14:00:00+00:00;20444.628874834307
2024-04-14 15:00:00+00:00;19942.30534956185
2024-04-14 16:00:00+00:00;20040.553487216413
2024-04-14 17:00:00+00:00;21013.649043188867
2024-04-14 18:00:00+00:00;23096.73864103752
2024-04-14 19:00:00+00:00;25044.812667128957
2024-04-14 20:00:00+00:00;25177.20435802314
2024-04-14 21:00:00+00:00;23629.975290338763
2024-04-14 22:00:00+00:00;21167.953086003756
2024-04-14 23:00:00+00:00;18457.4727807623
2024-04-15 00:00:00+00:00;16631.147577560594
2024-04-15 01:00:00+00:00;14830.163907958195
2024-04-15 02:00:00+00:00;13793.061227971284
2024-04-15 03:00:00+00:00;13205.782578886952
2024-04-15 04:00:00+00:00;13117.838159472589
2024-04-15 05:00:00+00:00;13279.744331664468
2024-04-15 06:00:00+00:00;14652.76054118366
2024-04-15 07:00:00+00:00;17544.57682376443
2024-04-15 08:00:00+00:00;21114.59616344716
2024-04-15 09:00:00+00:00;23639.594194520596
2024-04-15 10:00:00+00:00;24528.647038437917
2024-04-15 11:00:00+00:00;24876.699465134632
2024-04-15 12:00:00+00:00;25077.19783398051
2024-04-15 13:00:00+00:00;24296.751574331854
2024-04-15 14:00:00+00:00;24007.220624350797
2024-04-15 15:00:00+00:00;23791.320777227167
2024-04-15 16:00:00+00:00;23844.005368573933
2024-04-15 17:00:00+00:00;24244.119668954725
2024-04-15 18:00:00+00:00;25959.335066354204
2024-04-15 19:00:00+00:00;28508.688197476775
2024-04-15 20:00:00+00:00;28441.56555476332
2024-04-15 21:00:00+00:00;26254.02014793508
2024-04-15 22:00:00+00:00;23635.65823994105
2024-04-15 23:00:00+00:00;20211.246087684194
2024-04-16 00:00:00+00:00;17328.31113270891
2024-04-16 01:00:00+00:00;15593.9867136725
2024-04-16 02:00:00+00:00;14509.374631678831
2024-04-16 03:00:00+00:00;13971.702051373299
2024-04-16 04:00:00+00:00;13790.133561902556
2024-04-16 05:00:00+00:00;13847.040378028501
2024-04-16 06:00:00+00:00;15089.2325269776
2024-04-16 07:00:00+00:00;17618.488395404154
2024-04-16 08:00:00+00:00;20387.987315607472
2024-04-16 09:00:00+00:00;22489.02749896948
2024-04-16 10:00:00+00:00;23680.161784913063
2024-04-16 11:00:00+00:00;24571.73706634458
2024-04-16 12:00:00+00:00;24770.73663610476
2024-04-16 13:00:00+00:00;23772.974927468676
2024-04-16 14:00:00+00:00;23596.14459339382
2024-04-16 15:00:00+00:00;22973.31812546907
2024-04-16 16:00:00+00:00;23004.523624625268
2024-04-16 17:00:00+00:00;23493.24227807524
2024-04-16 18:00:00+00:00;25543.775907076873
2024-04-16 19:00:00+00:00;28215.354017362013
2024-04-16 20:00:00+00:00;28318.93337714891
2024-04-16 21:00:00+00:00;26395.4236717279
2024-04-16 22:00:00+00:00;23537.62348672329
2024-04-16 23:00:00+00:00;20414.992309462843
2024-04-17 00:00:00+00:00;17502.232801872808
2024-04-17 01:00:00+00:00;15746.579453680868
2024-04-17 02:00:00+00:00;14735.855026221725
2024-04-17 03:00:00+00:00;14042.308214561934
2024-04-17 04:00:00+00:00;13881.915168899915
2024-04-17 05:00:00+00:00;13945.681607332885
2024-04-17 06:00:00+00:00;15234.995077255748
2024-04-17 07:00:00+00:00;18340.343094192045
2024-04-17 08:00:00+00:00;21640.250070567814
2024-04-17 09:00:00+00:00;23851.672294111762
2024-04-17 10:00:00+00:00;24623.23267493915
2024-04-17 11:00:00+00:00;25133.220485806625
2024-04-17 12:00:00+00:00;25427.282956279745
2024-04-17 13:00:00+00:00;24625.65714193597
2024-04-17 14:00:00+00:00;24361.951453566653
2024-04-17 15:00:00+00:00;23783.201338553707
2024-04-17 16:00:00+00:00;23897.652068629646
2024-04-17 17:00:00+00:00;24098.68863911248
2024-04-17 18:00:00+00:00;25897.459932181435
2024-04-17 19:00:00+00:00;28394.844293900227
2024-04-17 20:00:00+00:00;28207.626833347764
2024-04-17 21:00:00+00:00;26099.75511391478
2024-04-17 22:00:00+00:00;23291.97820540903
2024-04-17 23:00:00+00:00;20091.087533154707
2024-04-18 00:00:00+00:00;17169.76658524679
2024-04-18 01:00:00+00:00;15429.259538017664
2024-04-18 02:00:00+00:00;14366.646778569095
2024-04-18 03:00:00+00:00;13872.762403216502
2024-04-18 04:00:00+00:00;13748.958869955686
2024-04-18 05:00:00+00:00;13926.083524819564
2024-04-18 06:00:00+00:00;15209.872753262398
2024-04-18 07:00:00+00:00;18334.40806616806
2024-04-18 08:00:00+00:00;21766.1083823416
2024-04-18 09:00:00+00:00;24036.296699580715
2024-04-18 10:00:00+00:00;25204.890021577976
2024-04-18 11:00:00+00:00;25652.443979045664
2024-04-18 12:00:00+00:00;25948.04428584916
2024-04-18 13:00:00+00:00;25390.18335960364
2024-04-18 14:00:00+00:00;25160.81168717185
2024-04-18 15:00:00+00:00;24722.67633106396
2024-04-18 16:00:00+00:00;24808.80052996586
2024-04-18 17:00:00+00:00;25035.331166102686
2024-04-18 18:00:00+00:00;26530.09369900682
2024-04-18 19:00:00+00:00;28971.47504234913
2024-04-18 20:00:00+00:00;28631.310602584785
2024-04-18 21:00:00+00:00;26559.433784367564
2024-04-18 22:00:00+00:00;23783.262113154324
2024-04-18 23:00:00+00:00;19390.52424414612
2024-04-19 00:00:00+00:00;17470.89671193531
2024-04-19 01:00:00+00:00;15674.510983669636
2024-04-19 02:00:00+00:00;14667.823716271541
2024-04-19 03:00:00+00:00;14051.050876464597
2024-04-19 04:00:00+00:00;13971.442003974415
2024-04-19 05:00:00+00:00;13881.384231260825
2024-04-19 06:00:00+00:00;15114.80112380159
2024-04-19 07:00:00+00:00;18177.31337269323
2024-04-19 08:00:00+00:00;21771.324857071828
2024-04-19 09:00:00+00:00;24207.44729072551
2024-04-19 10:00:00+00:00;25173.09132987808
2024-04-19 11:00:00+00:00;25547.191797264895
2024-04-19 12:00:00+00:00;25445.788610970525
2024-04-19 13:00:00+00:00;24472.914633170887
2024-04-19 14:00:00+00:00;24388.269582931967
2024-04-19 15:00:00+00:00;24087.27387088444
2024-04-19 16:00:00+00:00;24188.93627459081
2024-04-19 17:00:00+00:00;24045.038365579763
2024-04-19 18:00:00+00:00;25570.2462955353
2024-04-19 19:00:00+00:00;27242.576124718238
2024-04-19 20:00:00+00:00;26919.88544898096
2024-04-19 21:00:00+00:00;25000.460605496308
2024-04-19 22:00:00+00:00;23002.10021089763
2024-04-19 23:00:00+00:00;19738.315947849856
2024-04-20 00:00:00+00:00;16974.40489158907
2024-04-20 01:00:00+00:00;15235.352068806706
2024-04-20 02:00:00+00:00;14057.883378806233
2024-04-20 03:00:00+00:00;13345.04786065127
2024-04-20 04:00:00+00:00;13158.883934778867
2024-04-20 05:00:00+00:00;13168.731595556614
2024-04-20 06:00:00+00:00;13704.75968039516
2024-04-20 07:00:00+00:00;14665.071712122211
2024-04-20 08:00:00+00:00;16763.422553769138
2024-04-20 09:00:00+00:00;19326.224898612363
2024-04-20 10:00:00+00:00;20830.219984662137
2024-04-20 11:00:00+00:00;21715.239717051852
2024-04-20 12:00:00+00:00;22789.709424930683
2024-04-20 13:00:00+00:00;22098.1860476508
2024-04-20 14:00:00+00:00;21121.922068612705
2024-04-20 15:00:00+00:00;20605.506445280305
2024-04-20 16:00:00+00:00;20452.45538377817
2024-04-20 17:00:00+00:00;21328.45728047699
2024-04-20 18:00:00+00:00;23609.891689014992
2024-04-20 19:00:00+00:00;25301.26166387934
2024-04-20 20:00:00+00:00;24896.93465686404
2024-04-20 21:00:00+00:00;23018.859225646283
2024-04-20 22:00:00+00:00;21277.85898532828
2024-04-20 23:00:00+00:00;18560.066302239695
2024-04-21 00:00:00+00:00;16112.115977187284
2024-04-21 01:00:00+00:00;14471.16672204121
2024-04-21 02:00:00+00:00;13378.093785893083
2024-04-21 03:00:00+00:00;12731.712371017002
2024-04-21 04:00:00+00:00;12435.734967480945
2024-04-21 05:00:00+00:00;12457.487866493364
2024-04-21 06:00:00+00:00;12719.515844356969
2024-04-21 07:00:00+00:00;13340.95857763269
2024-04-21 08:00:00+00:00;14926.373622227775
2024-04-21 09:00:00+00:00;17558.48991006524
2024-04-21 10:00:00+00:00;19771.447959340174
2024-04-21 11:00:00+00:00;21162.07860108419
2024-04-21 12:00:00+00:00;22516.587386329862
2024-04-21 13:00:00+00:00;21561.27080321416
2024-04-21 14:00:00+00:00;20444.628874834307
2024-04-21 15:00:00+00:00;19942.30534956185
2024-04-21 16:00:00+00:00;20040.553487216413
2024-04-21 17:00:00+00:00;21013.649043188867
2024-04-21 18:00:00+00:00;23096.73864103752
2024-04-21 19:00:00+00:00;25044.812667128957
2024-04-21 20:00:00+00:00;25177.20435802314
2024-04-21 21:00:00+00:00;23629.975290338763
2024-04-21 22:00:00+00:00;21167.953086003756
2024-04-21 23:00:00+00:00;18457.4727807623
2024-04-22 00:00:00+00:00;16631.147577560594
2024-04-22 01:00:00+00:00;14830.163907958195
2024-04-22 02:00:00+00:00;13793.061227971284
2024-04-22 03:00:00+00:00;13205.782578886952
2024-04-22 04:00:00+00:00;13117.838159472589
2024-04-22 05:00:00+00:00;13279.744331664468
2024-04-22 06:00:00+00:00;14652.76054118366
2024-04-22 07:00:00+00:00;17544.57682376443
2024-04-22 08:00:00+00:00;21114.59616344716
2024-04-22 09:00:00+00:00;23639.594194520596
2024-04-22 10:00:00+00:00;24528.647038437917
2024-04-22 11:00:00+00:00;24876.699465134632
2024-04-22 12:00:00+00:00;25077.19783398051
2024-04-22 13:00:00+00:00;24296.751574331854
2024-04-22 14:00:00+00:00;24007.220624350797
2024-04-22 15:00:00+00:00;23791.320777227167
2024-04-22 16:00:00+00:00;23844.005368573933
2024-04-22 17:00:00+00:00;24244.119668954725
2024-04-22 18:00:00+00:00;25959.335066354204
2024-04-22 19:00:00+00:00;28508.688197476775
2024-04-22 20:00:00+00:00;28441.56555476332
2024-04-22 21:00:00+00:00;26254.02014793508
2024-04-22 22:00:00+00:00;23635.65823994105
2024-04-22 23:00:00+00:00;20211.246087684194
2024-04-23 00:00:00+00:00;17328.31113270891
2024-04-23 01:00:00+00:00;15593.9867136725
2024-04-23 02:00:00+00:00;14509.374631678831
2024-04-23 03:00:00+00:00;13971.702051373299
2024-04-23 04:00:00+00:00;13790.133561902556
2024-04-23 05:00:00+00:00;13847.040378028501
2024-04-23 06:00:00+00:00;15089.2325269776
2024-04-23 07:00:00+00:00;17618.488395404154
2024-04-23 08:00:00+00:00;20387.987315607472
2024-04-23 09:00:00+00:00;22489.02749896948
2024-04-23 10:00:00+00:00;23680.161784913063
2024-04-23 11:00:00+00:00;24571.73706634458
2024-04-23 12:00:00+00:00;24770.73663610476
2024-04-23 13:00:00+00:00;23772.974927468676
2024-04-23 14:00:00+00:00;23596.14459339382
2024-04-23 15:00:00+00:00;22973.31812546907
2024-04-23 16:00:00+00:00;23004.523624625268
2024-04-23 17:00:00+00:00;23493.24227807524
2024-04-23 18:00:00+00:00;25543.775907076873
2024-04-23 19:00:00+00:00;28215.354017362013
2024-04-23 20:00:00+00:00;28318.93337714891
2024-04-23 21:00:00+00:00;26395.4236717279
2024-04-23 22:00:00+00:00;23537.62348672329
2024-04-23 23:00:00+00:00;20414.992309462843
2024-04-24 00:00:00+00:00;17502.232801872808
2024-04-24 01:00:00+00:00;15746.579453680868
2024-04-24 02:00:00+00:00;14735.855026221725
2024-04-24 03:00:00+00:00;14042.308214561934
2024-04-24 04:00:00+00:00;13881.915168899915
2024-04-24 05:00:00+00:00;13945.681607332885
2024-04-24 06:00:00+00:00;15234.995077255748
2024-04-24 07:00:00+00:00;18340.343094192045
2024-04-24 08:00:00+00:00;21640.250070567814
2024-04-24 09:00:00+00:00;23851.672294111762
2024-04-24 10:00:00+00:00;24623.23267493915
2024-04-24 11:00:00+00:00;25133.220485806625
2024-04-24 12:00:00+00:00;25427.282956279745
2024-04-24 13:00:00+00:00;24625.65714193597
2024-04-24 14:00:00+00:00;24361.951453566653
2024-04-24 15:00:00+00:00;23783.201338553707
2024-04-24 16:00:00+00:00;23897.652068629646
2024-04-24 17:00:00+00:00;24098.68863911248
2024-04-24 18:00:00+00:00;25897.459932181435
2024-04-24 19:00:00+00:00;28394.844293900227
2024-04-24 20:00:00+00:00;28207.626833347764
2024-04-24 21:00:00+00:00;26099.75511391478
2024-04-24 22:00:00+00:00;23291.97820540903
2024-04-24 23:00:00+00:00;20091.087533154707
2024-04-25 00:00:00+00:00;17169.76658524679
2024-04-25 01:00:00+00:00;15429.259538017664
2024-04-25 02:00:00+00:00;14366.646778569095
2024-04-25 03:00:00+00:00;13872.762403216502
2024-04-25 04:00:00+00:00;13748.958869955686
2024-04-25 05:00:00+00:00;13926.083524819564
2024-04-25 06:00:00+00:00;15209.872753262398
2024-04-25 07:00:00+00:00;18334.40806616806
2024-04-25 08:00:00+00:00;21766.1083823416
2024-04-25 09:00:00+00:00;24036.296699580715
2024-04-25 10:00:00+00:00;25204.890021577976
2024-04-25 11:00:00+00:00;25652.443979045664
2024-04-25 12:00:00+00:00;25948.04428584916
2024-04-25 13:00:00+00:00;25390.18335960364
2024-04-25 14:00:00+00:00;25160.81168717185
2024-04-25 15:00:00+00:00;24722.67633106396
2024-04-25 16:00:00+00:00;24808.80052996586
2024-04-25 17:00:00+00:00;25035.331166102686
2024-04-25 18:00:00+00:00;26530.09369900682
2024-04-25 19:00:00+00:00;28971.47504234913
2024-04-25 20:00:00+00:00;28631.310602584785
2024-04-25 21:00:00+00:00;26559.433784367564
2024-04-25 22:00:00+00:00;23783.262113154324
2024-04-25 23:00:00+00:00;19390.52424414612
2024-04-26 00:00:00+00:00;17470.89671193531
2024-04-26 01:00:00+00:00;15674.510983669636
2024-04-26 02:00:00+00:00;14667.823716271541
2024-04-26 03:00:00+00:00;14051.050876464597
2024-04-26 04:00:00+00:00;13971.442003974415
2024-04-26 05:00:00+00:00;13881.384231260825
2024-04-26 06:00:00+00:00;15114.80112380159
2024-04-26 07:00:00+00:00;18177.31337269323
2024-04-26 08:00:00+00:00;21771.324857071828
2024-04-26 09:00:00+00:00;24207.44729072551
2024-04-26 10:00:00+00:00;25173.09132987808
2024-04-26 11:00:00+00:00;25547.191797264895
2024-04-26 12:00:00+00:00;25445.788610970525
2024-04-26 13:00:00+00:00;24472.914633170887
2024-04-26 14:00:00+00:00;24388.269582931967
2024-04-26 15:00:00+00:00;24087.27387088444
2024-04-26 16:00:00+00:00;24188.93627459081
2024-04-26 17:00:00+00:00;24045.038365579763
2024-04-26 18:00:00+00:00;25570.2462955353
2024-04-26 19:00:00+00:00;27242.576124718238
2024-04-26 20:00:00+00:00;26919.88544898096
2024-04-26 21:00:00+00:00;25000.460605496308
2024-04-26 22:00:00+00:00;23002.10021089763
2024-04-26 23:00:00+00:00;19738.315947849856
2024-04-27 00:00:00+00:00;16974.40489158907
2024-04-27 01:00:00+00:00;15235.352068806706
2024-04-27 02:00:00+00:00;14057.883378806233
2024-04-27 03:00:00+00:00;13345.04786065127
2024-04-27 04:00:00+00:00;13158.883934778867
2024-04-27 05:00:00+00:00;13168.731595556614
2024-04-27 06:00:00+00:00;13704.75968039516
2024-04-27 07:00:00+00:00;14665.071712122211
2024-04-27 08:00:00+00:00;16763.422553769138
2024-04-27 09:00:00+00:00;19326.224898612363
2024-04-27 10:00:00+00:00;20830.219984662137
2024-04-27 11:00:00+00:00;21715.239717051852
2024-04-27 12:00:00+00:00;22789.709424930683
2024-04-27 13:00:00+00:00;22098.1860476508
2024-04-27 14:00:00+00:00;21121.922068612705
2024-04-27 15:00:00+00:00;20605.506445280305
2024-04-27 16:00:00+00:00;20452.45538377817
2024-04-27 17:00:00+00:00;21328.45728047699
2024-04-27 18:00:00+00:00;23609.891689014992
2024-04-27 19:00:00+00:00;25301.26166387934
2024-04-27 20:00:00+00:00;24896.93465686404
2024-04-27 21:00:00+00:00;23018.859225646283
2024-04-27 22:00:00+00:00;21277.85898532828
2024-04-27 23:00:00+00:00;18560.066302239695
2024-04-28 00:00:00+00:00;16112.115977187284
2024-04-28 01:00:00+00:00;14471.16672204121
2024-04-28 02:00:00+00:00;13378.093785893083
2024-04-28 03:00:00+00:00;12731.712371017002
2024-04-28 04:00:00+00:00;12435.734967480945
2024-04-28 05:00:00+00:00;12457.487866493364
2024-04-28 06:00:00+00:00;12719.515844356969
2024-04-28 07:00:00+00:00;13340.95857763269
2024-04-28 08:00:00+00:00;14926.373622227775
2024-04-28 09:00:00+00:00;17558.48991006524
2024-04-28 10:00:00+00:00;19771.447959340174
2024-04-28 11:00:00+00:00;21162.07860108419
2024-04-28 12:00:00+00:00;22516.587386329862
2024-04-28 13:00:00+00:00;21561.27080321416
2024-04-28 14:00:00+00:00;20444.628874834307
2024-04-28 15:00:00+00:00;19942.30534956185
2024-04-28 16:00:00+00:00;20040.553487216413
2024-04-28 17:00:00+00:00;21013.649043188867
2024-04-28 18:00:00+00:00;23096.73864103752
2024-04-28 19:00:00+00:00;25044.812667128957
2024-04-28 20:00:00+00:00;25177.20435802314
2024-04-28 21:00:00+00:00;23629.975290338763
2024-04-28 22:00:00+00:00;21167.953086003756
2024-04-28 23:00:00+00:00;18457.4727807623
2024-04-29 00:00:00+00:00;16631.147577560594
2024-04-29 01:00:00+00:00;14830.163907958195
2024-04-29 02:00:00+00:00;13793.061227971284
2024-04-29 03:00:00+00:00;13205.782578886952
2024-04-29 04:00:00+00:00;13117.838159472589
2024-04-29 05:00:00+00:00;13279.744331664468
2024-04-29 06:00:00+00:00;14652.76054118366
2024-04-29 07:00:00+00:00;17544.57682376443
2024-04-29 08:00:00+00:00;21114.59616344716
2024-04-29 09:00:00+00:00;23639.594194520596
2024-04-29 10:00:00+00:00;24528.647038437917
2024-04-29 11:00:00+00:00;24876.699465134632
2024-04-29 12:00:00+00:00;25077.19783398051
2024-04-29 13:00:00+00:00;24296.751574331854
2024-04-29 14:00:00+00:00;24007.220624350797
2024-04-29 15:00:00+00:00;23791.320777227167
2024-04-29 16:00:00+00:00;23844.005368573933
2024-04-29 17:00:00+00:00;24244.119668954725
2024-04-29 18:00:00+00:00;25959.335066354204
2024-04-29 19:00:00+00:00;28508.688197476775
2024-04-29 20:00:00+00:00;28441.56555476332
2024-04-29 21:00:00+00:00;26254.02014793508
2024-04-29 22:00:00+00:00;23635.65823994105
2024-04-29 23:00:00+00:00;20211.246087684194
2024-04-30 00:00:00+00:00;17328.31113270891
2024-04-30 01:00:00+00:00;15593.9867136725
2024-04-30 02:00:00+00:00;14509.374631678831
2024-04-30 03:00:00+00:00;13971.702051373299
2024-04-30 04:00:00+00:00;13790.133561902556
2024-04-30 05:00:00+00:00;13847.040378028501
2024-04-30 06:00:00+00:00;15089.2325269776
2024-04-30 07:00:00+00:00;17618.488395404154
2024-04-30 08:00:00+00:00;20387.987315607472
2024-04-30 09:00:00+00:00;22489.02749896948
2024-04-30 10:00:00+00:00;23680.161784913063
2024-04-30 11:00:00+00:00;24571.73706634458
2024-04-30 12:00:00+00:00;24770.73663610476
2024-04-30 13:00:00+00:00;23772.974927468676
2024-04-30 14:00:00+00:00;23596.14459339382
2024-04-30 15:00:00+00:00;22973.31812546907
2024-04-30 16:00:00+00:00;23004.523624625268
2024-04-30 17:00:00+00:00;23493.24227807524
2024-04-30 18:00:00+00:00;25543.775907076873
2024-04-30 19:00:00+00:00;28215.354017362013
2024-04-30 20:00:00+00:00;28318.93337714891
2024-04-30 21:00:00+00:00;26395.4236717279
2024-04-30 22:00:00+00:00;23537.62348672329
2024-04-30 23:00:00+00:00;20414.992309462843
2024-05-01 00:00:00+00:00;15314.453701638704
2024-05-01 01:00:00+00:00;13778.25702197076
2024-05-01 02:00:00+00:00;12893.873147944007
2024-05-01 03:00:00+00:00;12287.01968774169
2024-05-01 04:00:00+00:00;12146.675772787425
2024-05-01 05:00:00+00:00;12202.471406416273
2024-05-01 06:00:00+00:00;13330.620692598777
2024-05-01 07:00:00+00:00;16047.800207418037
2024-05-01 08:00:00+00:00;18935.218811746836
2024-05-01 09:00:00+00:00;20870.213257347787
2024-05-01 10:00:00+00:00;21545.328590571757
2024-05-01 11:00:00+00:00;21991.567925080795
2024-05-01 12:00:00+00:00;22248.872586744776
2024-05-01 13:00:00+00:00;21547.449999193974
2024-05-01 14:00:00+00:00;21316.70752187082
2024-05-01 15:00:00+00:00;20810.301171234492
2024-05-01 16:00:00+00:00;20910.44556005094
2024-05-01 17:00:00+00:00;21086.35255922342
2024-05-01 18:00:00+00:00;22660.277440658752
2024-05-01 19:00:00+00:00;24845.488757162693
2024-05-01 20:00:00+00:00;24681.673479179288
2024-05-01 21:00:00+00:00;22837.28572467543
2024-05-01 22:00:00+00:00;20380.480929732897
2024-05-01 23:00:00+00:00;17579.701591510366
2024-05-02 00:00:00+00:00;15023.54576209094
2024-05-02 01:00:00+00:00;13500.602095765456
2024-05-02 02:00:00+00:00;12570.815931247957
2024-05-02 03:00:00+00:00;12138.667102814437
2024-05-02 04:00:00+00:00;12030.339011211225
2024-05-02 05:00:00+00:00;12185.323084217116
2024-05-02 06:00:00+00:00;13308.638659104598
2024-05-02 07:00:00+00:00;16042.60705789705
2024-05-02 08:00:00+00:00;19045.344834548898
2024-05-02 09:00:00+00:00;21031.759612133123
2024-05-02 10:00:00+00:00;22054.278768880726
2024-05-02 11:00:00+00:00;22445.88848166495
2024-05-02 12:00:00+00:00;22704.53875011801
2024-05-02 13:00:00+00:00;22216.410439653184
2024-05-02 14:00:00+00:00;22015.710226275365
2024-05-02 15:00:00+00:00;21632.341789680962
2024-05-02 16:00:00+00:00;21707.700463720128
2024-05-02 17:00:00+00:00;21905.91477033985
2024-05-02 18:00:00+00:00;23213.831986630965
2024-05-02 19:00:00+00:00;25350.040662055486
2024-05-02 20:00:00+00:00;25052.396777261685
2024-05-02 21:00:00+00:00;23239.504561321617
2024-05-02 22:00:00+00:00;20810.35434901003
2024-05-02 23:00:00+00:00;16966.708713627853
2024-05-03 00:00:00+00:00;15287.034622943394
2024-05-03 01:00:00+00:00;13715.197110710931
2024-05-03 02:00:00+00:00;12834.345751737597
2024-05-03 03:00:00+00:00;12294.66951690652
2024-05-03 04:00:00+00:00;12225.011753477613
2024-05-03 05:00:00+00:00;12146.211202353219
2024-05-03 06:00:00+00:00;13225.450983326391
2024-05-03 07:00:00+00:00;15905.149201106573
2024-05-03 08:00:00+00:00;19049.90924993785
2024-05-03 09:00:00+00:00;21181.516379384822
2024-05-03 10:00:00+00:00;22026.454913643316
2024-05-03 11:00:00+00:00;22353.792822606778
2024-05-03 12:00:00+00:00;22265.065034599207
2024-05-03 13:00:00+00:00;21413.800304024524
2024-05-03 14:00:00+00:00;21339.735885065467
2024-05-03 15:00:00+00:00;21076.364637023886
2024-05-03 16:00:00+00:00;21165.319240266956
2024-05-03 17:00:00+00:00;21039.408569882293
2024-05-03 18:00:00+00:00;22373.965508593385
2024-05-03 19:00:00+00:00;23837.25410912846
2024-05-03 20:00:00+00:00;23554.89976785834
2024-05-03 21:00:00+00:00;21875.403029809266
2024-05-03 22:00:00+00:00;20126.837684535425
2024-05-03 23:00:00+00:00;17271.026454368624
2024-05-04 00:00:00+00:00;14852.604280140436
2024-05-04 01:00:00+00:00;13330.933060205865
2024-05-04 02:00:00+00:00;12300.647956455454
2024-05-04 03:00:00+00:00;11676.916878069858
2024-05-04 04:00:00+00:00;11514.023442931506
2024-05-04 05:00:00+00:00;11522.640146112035
2024-05-04 06:00:00+00:00;11991.664720345765
2024-05-04 07:00:00+00:00;12831.937748106935
2024-05-04 08:00:00+00:00;14667.994734547994
2024-05-04 09:00:00+00:00;16910.446786285815
2024-05-04 10:00:00+00:00;18226.44248657937
2024-05-04 11:00:00+00:00;19000.83475242037
2024-05-04 12:00:00+00:00;19940.995746814344
2024-05-04 13:00:00+00:00;19335.91279169445
2024-05-04 14:00:00+00:00;18481.681810036112
2024-05-04 15:00:00+00:00;18029.818139620267
2024-05-04 16:00:00+00:00;17895.898460805896
2024-05-04 17:00:00+00:00;18662.400120417362
2024-05-04 18:00:00+00:00;20658.655227888117
2024-05-04 19:00:00+00:00;22138.60395589442
2024-05-04 20:00:00+00:00;21784.81782475603
2024-05-04 21:00:00+00:00;20141.501822440496
2024-05-04 22:00:00+00:00;18618.126612162243
2024-05-04 23:00:00+00:00;16240.058014459732
2024-05-05 00:00:00+00:00;14098.101480038871
2024-05-05 01:00:00+00:00;12662.270881786057
2024-05-05 02:00:00+00:00;11705.832062656445
2024-05-05 03:00:00+00:00;11140.248324639875
2024-05-05 04:00:00+00:00;10881.268096545826
2024-05-05 05:00:00+00:00;10900.301883181692
2024-05-05 06:00:00+00:00;11129.576363812346
2024-05-05 07:00:00+00:00;11673.338755428602
2024-05-05 08:00:00+00:00;13060.576919449302
2024-05-05 09:00:00+00:00;15363.678671307083
2024-05-05 10:00:00+00:00;17300.016964422648
2024-05-05 11:00:00+00:00;18516.818775948665
2024-05-05 12:00:00+00:00;19702.01396303863
2024-05-05 13:00:00+00:00;18866.11195281239
2024-05-05 14:00:00+00:00;17889.05026548002
2024-05-05 15:00:00+00:00;17449.51718086662
2024-05-05 16:00:00+00:00;17535.484301314358
2024-05-05 17:00:00+00:00;18386.94291279026
2024-05-05 18:00:00+00:00;20209.64631090783
2024-05-05 19:00:00+00:00;21914.211083737835
2024-05-05 20:00:00+00:00;22030.053813270246
2024-05-05 21:00:00+00:00;20676.228379046417
2024-05-05 22:00:00+00:00;18521.958950253284
2024-05-05 23:00:00+00:00;16150.28868316701
2024-05-06 00:00:00+00:00;14552.254130365518
2024-05-06 01:00:00+00:00;12976.39341946342
2024-05-06 02:00:00+00:00;12068.928574474872
2024-05-06 03:00:00+00:00;11555.059756526083
2024-05-06 04:00:00+00:00;11478.108389538515
2024-05-06 05:00:00+00:00;11619.776290206408
2024-05-06 06:00:00+00:00;12821.1654735357
2024-05-06 07:00:00+00:00;15351.504720793873
2024-05-06 08:00:00+00:00;18475.271643016265
2024-05-06 09:00:00+00:00;20684.64492020552
2024-05-06 10:00:00+00:00;21462.566158633173
2024-05-06 11:00:00+00:00;21767.112031992798
2024-05-06 12:00:00+00:00;21942.548104732945
2024-05-06 13:00:00+00:00;21259.65762754037
2024-05-06 14:00:00+00:00;21006.318046306948
2024-05-06 15:00:00+00:00;20817.405680073767
2024-05-06 16:00:00+00:00;20863.50469750219
2024-05-06 17:00:00+00:00;21213.60471033538
2024-05-06 18:00:00+00:00;22714.418183059926
2024-05-06 19:00:00+00:00;24945.102172792172
2024-05-06 20:00:00+00:00;24886.3698604179
2024-05-06 21:00:00+00:00;22972.267629443195
2024-05-06 22:00:00+00:00;20681.200959948415
2024-05-06 23:00:00+00:00;17684.840326723664
2024-05-07 00:00:00+00:00;15162.272241120294
2024-05-07 01:00:00+00:00;13644.738374463435
2024-05-07 02:00:00+00:00;12695.702802718977
2024-05-07 03:00:00+00:00;12225.239294951634
2024-05-07 04:00:00+00:00;12066.366866664734
2024-05-07 05:00:00+00:00;12116.160330774937
2024-05-07 06:00:00+00:00;13203.078461105399
2024-05-07 07:00:00+00:00;15416.177345978633
2024-05-07 08:00:00+00:00;17839.488901156536
2024-05-07 09:00:00+00:00;19677.899061598295
2024-05-07 10:00:00+00:00;20720.14156179893
2024-05-07 11:00:00+00:00;21500.269933051506
2024-05-07 12:00:00+00:00;21674.394556591662
2024-05-07 13:00:00+00:00;20801.353061535086
2024-05-07 14:00:00+00:00;20646.62651921959
2024-05-07 15:00:00+00:00;20101.653359785436
2024-05-07 16:00:00+00:00;20128.958171547107
2024-05-07 17:00:00+00:00;20556.58699331583
2024-05-07 18:00:00+00:00;22350.80391869226
2024-05-07 19:00:00+00:00;24688.434765191756
2024-05-07 20:00:00+00:00;24779.066705005294
2024-05-07 21:00:00+00:00;23095.995712761905
2024-05-07 22:00:00+00:00;20595.420550882875
2024-05-07 23:00:00+00:00;17863.118270779985
2024-05-08 00:00:00+00:00;15314.453701638704
2024-05-08 01:00:00+00:00;13778.25702197076
2024-05-08 02:00:00+00:00;12893.873147944007
2024-05-08 03:00:00+00:00;12287.01968774169
2024-05-08 04:00:00+00:00;12146.675772787425
2024-05-08 05:00:00+00:00;12202.471406416273
2024-05-08 06:00:00+00:00;13330.620692598777
2024-05-08 07:00:00+00:00;16047.800207418037
2024-05-08 08:00:00+00:00;18935.218811746836
2024-05-08 09:00:00+00:00;20870.213257347787
2024-05-08 10:00:00+00:00;21545.328590571757
2024-05-08 11:00:00+00:00;21991.567925080795
2024-05-08 12:00:00+00:00;22248.872586744776
2024-05-08 13:00:00+00:00;21547.449999193974
2024-05-08 14:00:00+00:00;21316.70752187082
2024-05-08 15:00:00+00:00;20810.301171234492
2024-05-08 16:00:00+00:00;20910.44556005094
2024-05-08 17:00:00+00:00;21086.35255922342
2024-05-08 18:00:00+00:00;22660.277440658752
2024-05-08 19:00:00+00:00;24845.488757162693
2024-05-08 20:00:00+00:00;24681.673479179288
2024-05-08 21:00:00+00:00;22837.28572467543
2024-05-08 22:00:00+00:00;20380.480929732897
2024-05-08 23:00:00+00:00;17579.701591510366
2024-05-09 00:00:00+00:00;15023.54576209094
2024-05-09 01:00:00+00:00;13500.602095765456
2024-05-09 02:00:00+00:00;12570.815931247957
2024-05-09 03:00:00+00:00;12138.667102814437
2024-05-09 04:00:00+00:00;12030.339011211225
2024-05-09 05:00:00+00:00;12185.323084217116
2024-05-09 06:00:00+00:00;13308.638659104598
2024-05-09 07:00:00+00:00;16042.60705789705
2024-05-09 08:00:00+00:00;19045.344834548898
2024-05-09 09:00:00+00:00;21031.759612133123
2024-05-09 10:00:00+00:00;22054.278768880726
2024-05-09 11:00:00+00:00;22445.88848166495
2024-05-09 12:00:00+00:00;22704.53875011801
2024-05-09 13:00:00+00:00;22216.410439653184
2024-05-09 14:00:00+00:00;22015.710226275365
2024-05-09 15:00:00+00:00;21632.341789680962
2024-05-09 16:00:00+00:00;21707.700463720128
2024-05-09 17:00:00+00:00;21905.91477033985
2024-05-09 18:00:00+00:00;23213.831986630965
2024-05-09 19:00:00+00:00;25350.040662055486
2024-05-09 20:00:00+00:00;25052.396777261685
2024-05-09 21:00:00+00:00;23239.504561321617
2024-05-09 22:00:00+00:00;20810.35434901003
2024-05-09 23:00:00+00:00;16966.708713627853
2024-05-10 00:00:00+00:00;15287.034622943394
2024-05-10 01:00:00+00:00;13715.197110710931
2024-05-10 02:00:00+00:00;12834.345751737597
2024-05-10 03:00:00+00:00;12294.66951690652
2024-05-10 04:00:00+00:00;12225.011753477613
2024-05-10 05:00:00+00:00;12146.211202353219
2024-05-10 06:00:00+00:00;13225.450983326391
2024-05-10 07:00:00+00:00;15905.149201106573
2024-05-10 08:00:00+00:00;19049.90924993785
2024-05-10 09:00:00+00:00;21181.516379384822
2024-05-10 10:00:00+00:00;22026.454913643316
2024-05-10 11:00:00+00:00;22353.792822606778
2024-05-10 12:00:00+00:00;22265.065034599207
2024-05-10 13:00:00+00:00;21413.800304024524
2024-05-10 14:00:00+00:00;21339.735885065467
2024-05-10 15:00:00+00:00;21076.364637023886
2024-05-10 16:00:00+00:00;21165.319240266956
2024-05-10 17:00:00+00:00;21039.408569882293
2024-05-10 18:00:00+00:00;22373.965508593385
2024-05-10 19:00:00+00:00;23837.25410912846
2024-05-10 20:00:00+00:00;23554.89976785834
2024-05-10 21:00:00+00:00;21875.403029809266
2024-05-10 22:00:00+00:00;20126.837684535425
2024-05-10 23:00:00+00:00;17271.026454368624
2024-05-11 00:00:00+00:00;14852.604280140436
2024-05-11 01:00:00+00:00;13330.933060205865
2024-05-11 02:00:00+00:00;12300.647956455454
2024-05-11 03:00:00+00:00;11676.916878069858
2024-05-11 04:00:00+00:00;11514.023442931506
2024-05-11 05:00:00+00:00;11522.640146112035
2024-05-11 06:00:00+00:00;11991.664720345765
2024-05-11 07:00:00+00:00;12831.937748106935
2024-05-11 08:00:00+00:00;14667.994734547994
2024-05-11 09:00:00+00:00;16910.446786285815
2024-05-11 10:00:00+00:00;18226.44248657937
2024-05-11 11:00:00+00:00;19000.83475242037
2024-05-11 12:00:00+00:00;19940.995746814344
2024-05-11 13:00:00+00:00;19335.91279169445
2024-05-11 14:00:00+00:00;18481.681810036112
2024-05-11 15:00:00+00:00;18029.818139620267
2024-05-11 16:00:00+00:00;17895.898460805896
2024-05-11 17:00:00+00:00;18662.400120417362
2024-05-11 18:00:00+00:00;20658.655227888117
2024-05-11 19:00:00+00:00;22138.60395589442
2024-05-11 20:00:00+00:00;21784.81782475603
2024-05-11 21:00:00+00:00;20141.501822440496
2024-05-11 22:00:00+00:00;18618.126612162243
2024-05-11 23:00:00+00:00;16240.058014459732
2024-05-12 00:00:00+00:00;14098.101480038871
2024-05-12 01:00:00+00:00;12662.270881786057
2024-05-12 02:00:00+00:00;11705.832062656445
2024-05-12 03:00:00+00:00;11140.248324639875
2024-05-12 04:00:00+00:00;10881.268096545826
2024-05-12 05:00:00+00:00;10900.301883181692
2024-05-12 06:00:00+00:00;11129.576363812346
2024-05-12 07:00:00+00:00;11673.338755428602
2024-05-12 08:00:00+00:00;13060.576919449302
2024-05-12 09:00:00+00:00;15363.678671307083
2024-05-12 10:00:00+00:00;17300.016964422648
2024-05-12 11:00:00+00:00;18516.818775948665
2024-05-12 12:00:00+00:00;19702.01396303863
2024-05-12 13:00:00+00:00;18866.11195281239
2024-05-12 14:00:00+00:00;17889.05026548002
2024-05-12 15:00:00+00:00;17449.51718086662
2024-05-12 16:00:00+00:00;17535.484301314358
2024-05-12 17:00:00+00:00;18386.94291279026
2024-05-12 18:00:00+00:00;20209.64631090783
2024-05-12 19:00:00+00:00;21914.211083737835
2024-05-12 20:00:00+00:00;22030.053813270246
2024-05-12 21:00:00+00:00;20676.228379046417
2024-05-12 22:00:00+00:00;18521.958950253284
2024-05-12 23:00:00+00:00;16150.28868316701
2024-05-13 00:00:00+00:00;14552.254130365518
2024-05-13 01:00:00+00:00;12976.39341946342
2024-05-13 02:00:00+00:00;12068.928574474872
2024-05-13 03:00:00+00:00;11555.059756526083
2024-05-13 04:00:00+00:00;11478.108389538515
2024-05-13 05:00:00+00:00;11619.776290206408
2024-05-13 06:00:00+00:00;12821.1654735357
2024-05-13 07:00:00+00:00;15351.504720793873
2024-05-13 08:00:00+00:00;18475.271643016265
2024-05-13 09:00:00+00:00;20684.64492020552
2024-05-13 10:00:00+00:00;21462.566158633173
2024-05-13 11:00:00+00:00;21767.112031992798
2024-05-13 12:00:00+00:00;21942.548104732945
2024-05-13 13:00:00+00:00;21259.65762754037
2024-05-13 14:00:00+00:00;21006.318046306948
2024-05-13 15:00:00+00:00;20817.405680073767
2024-05-13 16:00:00+00:00;20863.50469750219
2024-05-13 17:00:00+00:00;21213.60471033538
2024-05-13 18:00:00+00:00;22714.418183059926
2024-05-13 19:00:00+00:00;24945.102172792172
2024-05-13 20:00:00+00:00;24886.3698604179
2024-05-13 21:00:00+00:00;22972.267629443195
2024-05-13 22:00:00+00:00;20681.200959948415
2024-05-13 23:00:00+00:00;17684.840326723664
2024-05-14 00:00:00+00:00;15162.272241120294
2024-05-14 01:00:00+00:00;13644.738374463435
2024-05-14 02:00:00+00:00;12695.702802718977
2024-05-14 03:00:00+00:00;12225.239294951634
2024-05-14 04:00:00+00:00;12066.366866664734
2024-05-14 05:00:00+00:00;12116.160330774937
2024-05-14 06:00:00+00:00;13203.078461105399
2024-05-14 07:00:00+00:00;15416.177345978633
2024-05-14 08:00:00+00:00;17839.488901156536
2024-05-14 09:00:00+00:00;19677.899061598295
2024-05-14 10:00:00+00:00;20720.14156179893
2024-05-14 11:00:00+00:00;21500.269933051506
2024-05-14 12:00:00+00:00;21674.394556591662
2024-05-14 13:00:00+00:00;20801.353061535086
2024-05-14 14:00:00+00:00;20646.62651921959
2024-05-14 15:00:00+00:00;20101.653359785436
2024-05-14 16:00:00+00:00;20128.958171547107
2024-05-14 17:00:00+00:00;20556.58699331583
2024-05-14 18:00:00+00:00;22350.80391869226
2024-05-14 19:00:00+00:00;24688.434765191756
2024-05-14 20:00:00+00:00;24779.066705005294
2024-05-14 21:00:00+00:00;23095.995712761905
2024-05-14 22:00:00+00:00;20595.420550882875
2024-05-14 23:00:00+00:00;17863.118270779985
2024-05-15 00:00:00+00:00;15314.453701638704
2024-05-15 01:00:00+00:00;13778.25702197076
2024-05-15 02:00:00+00:00;12893.873147944007
2024-05-15 03:00:00+00:00;12287.01968774169
2024-05-15 04:00:00+00:00;12146.675772787425
2024-05-15 05:00:00+00:00;12202.471406416273
2024-05-15 06:00:00+00:00;13330.620692598777
2024-05-15 07:00:00+00:00;16047.800207418037
2024-05-15 08:00:00+00:00;18935.218811746836
2024-05-15 09:00:00+00:00;20870.213257347787
2024-05-15 10:00:00+00:00;21545.328590571757
2024-05-15 11:00:00+00:00;21991.567925080795
2024-05-15 12:00:00+00:00;22248.872586744776
2024-05-15 13:00:00+00:00;21547.449999193974
2024-05-15 14:00:00+00:00;21316.70752187082
2024-05-15 15:00:00+00:00;20810.301171234492
2024-05-15 16:00:00+00:00;20910.44556005094
2024-05-15 17:00:00+00:00;21086.35255922342
2024-05-15 18:00:00+00:00;22660.277440658752
2024-05-15 19:00:00+00:00;24845.488757162693
2024-05-15 20:00:00+00:00;24681.673479179288
2024-05-15 21:00:00+00:00;22837.28572467543
2024-05-15 22:00:00+00:00;20380.480929732897
2024-05-15 23:00:00+00:00;17579.701591510366
2024-05-16 00:00:00+00:00;15023.54576209094
2024-05-16 01:00:00+00:00;13500.602095765456
2024-05-16 02:00:00+00:00;12570.815931247957
2024-05-16 03:00:00+00:00;12138.667102814437
2024-05-16 04:00:00+00:00;12030.339011211225
2024-05-16 05:00:00+00:00;12185.323084217116
2024-05-16 06:00:00+00:00;13308.638659104598
2024-05-16 07:00:00+00:00;16042.60705789705
2024-05-16 08:00:00+00:00;19045.344834548898
2024-05-16 09:00:00+00:00;21031.759612133123
2024-05-16 10:00:00+00:00;22054.278768880726
2024-05-16 11:00:00+00:00;22445.88848166495
2024-05-16 12:00:00+00:00;22704.53875011801
2024-05-16 13:00:00+00:00;22216.410439653184
2024-05-16 14:00:00+00:00;22015.710226275365
2024-05-16 15:00:00+00:00;21632.341789680962
2024-05-16 16:00:00+00:00;21707.700463720128
2024-05-16 17:00:00+00:00;21905.91477033985
2024-05-16 18:00:00+00:00;23213.831986630965
2024-05-16 19:00:00+00:00;25350.040662055486
2024-05-16 20:00:00+00:00;25052.396777261685
2024-05-16 21:00:00+00:00;23239.504561321617
2024-05-16 22:00:00+00:00;20810.35434901003
2024-05-16 23:00:00+00:00;16966.708713627853
2024-05-17 00:00:00+00:00;15287.034622943394
2024-05-17 01:00:00+00:00;13715.197110710931
2024-05-17 02:00:00+00:00;12834.345751737597
2024-05-17 03:00:00+00:00;12294.66951690652
2024-05-17 04:00:00+00:00;12225.011753477613
2024-05-17 05:00:00+00:00;12146.211202353219
2024-05-17 06:00:00+00:00;13225.450983326391
2024-05-17 07:00:00+00:00;15905.149201106573
2024-05-17 08:00:00+00:00;19049.90924993785
2024-05-17 09:00:00+00:00;21181.516379384822
2024-05-17 10:00:00+00:00;22026.454913643316
2024-05-17 11:00:00+00:00;22353.792822606778
2024-05-17 12:00:00+00:00;22265.065034599207
2024-05-17 13:00:00+00:00;21413.800304024524
2024-05-17 14:00:00+00:00;21339.735885065467
2024-05-17 15:00:00+00:00;21076.364637023886
2024-05-17 16:00:00+00:00;21165.319240266956
2024-05-17 17:00:00+00:00;21039.408569882293
2024-05-17 18:00:00+00:00;22373.965508593385
2024-05-17 19:00:00+00:00;23837.25410912846
2024-05-17 20:00:00+00:00;23554.89976785834
2024-05-17 21:00:00+00:00;21875.403029809266
2024-05-17 22:00:00+00:00;20126.837684535425
2024-05-17 23:00:00+00:00;17271.026454368624
2024-05-18 00:00:00+00:00;14852.604280140436
2024-05-18 01:00:00+00:00;13330.933060205865
2024-05-18 02:00:00+00:00;12300.647956455454
2024-05-18 03:00:00+00:00;11676.916878069858
2024-05-18 04:00:00+00:00;11514.023442931506
2024-05-18 05:00:00+00:00;11522.640146112035
2024-05-18 06:00:00+00:00;11991.664720345765
2024-05-18 07:00:00+00:00;12831.937748106935
2024-05-18 08:00:00+00:00;14667.994734547994
2024-05-18 09:00:00+00:00;16910.446786285815
2024-05-18 10:00:00+00:00;18226.44248657937
2024-05-18 11:00:00+00:00;19000.83475242037
2024-05-18 12:00:00+00:00;19940.995746814344
2024-05-18 13:00:00+00:00;19335.91279169445
2024-05-18 14:00:00+00:00;18481.681810036112
2024-05-18 15:00:00+00:00;18029.818139620267
2024-05-18 16:00:00+00:00;17895.898460805896
2024-05-18 17:00:00+00:00;18662.400120417362
2024-05-18 18:00:00+00:00;20658.655227888117
2024-05-18 19:00:00+00:00;22138.60395589442
2024-05-18 20:00:00+00:00;21784.81782475603
2024-05-18 21:00:00+00:00;20141.501822440496
2024-05-18 22:00:00+00:00;18618.126612162243
2024-05-18 23:00:00+00:00;16240.058014459732
2024-05-19 00:00:00+00:00;14098.101480038871
2024-05-19 01:00:00+00:00;12662.270881786057
2024-05-19 02:00:00+00:00;11705.832062656445
2024-05-19 03:00:00+00:00;11140.248324639875
2024-05-19 04:00:00+00:00;10881.268096545826
2024-05-19 05:00:00+00:00;10900.301883181692
2024-05-19 06:00:00+00:00;11129.576363812346
2024-05-19 07:00:00+00:00;11673.338755428602
2024-05-19 08:00:00+00:00;13060.576919449302
2024-05-19 09:00:00+00:00;15363.678671307083
2024-05-19 10:00:00+00:00;17300.016964422648
2024-05-19 11:00:00+00:00;18516.818775948665
2024-05-19 12:00:00+00:00;19702.01396303863
2024-05-19 13:00:00+00:00;18866.11195281239
2024-05-19 14:00:00+00:00;17889.05026548002
2024-05-19 15:00:00+00:00;17449.51718086662
2024-05-19 16:00:00+00:00;17535.484301314358
2024-05-19 17:00:00+00:00;18386.94291279026
2024-05-19 18:00:00+00:00;20209.64631090783
2024-05-19 19:00:00+00:00;21914.211083737835
2024-05-19 20:00:00+00:00;22030.053813270246
2024-05-19 21:00:00+00:00;20676.228379046417
2024-05-19 22:00:00+00:00;18521.958950253284
2024-05-19 23:00:00+00:00;16150.28868316701
2024-05-20 00:00:00+00:00;14552.254130365518
2024-05-20 01:00:00+00:00;12976.39341946342
2024-05-20 02:00:00+00:00;12068.928574474872
2024-05-20 03:00:00+00:00;11555.059756526083
2024-05-20 04:00:00+00:00;11478.108389538515
2024-05-20 05:00:00+00:00;11619.776290206408
2024-05-20 06:00:00+00:00;12821.1654735357
2024-05-20 07:00:00+00:00;15351.504720793873
2024-05-20 08:00:00+00:00;18475.271643016265
2024-05-20 09:00:00+00:00;20684.64492020552
2024-05-20 10:00:00+00:00;21462.566158633173
2024-05-20 11:00:00+00:00;21767.112031992798
2024-05-20 12:00:00+00:00;21942.548104732945
2024-05-20 13:00:00+00:00;21259.65762754037
2024-05-20 14:00:00+00:00;21006.318046306948
2024-05-20 15:00:00+00:00;20817.405680073767
2024-05-20 16:00:00+00:00;20863.50469750219
2024-05-20 17:00:00+00:00;21213.60471033538
2024-05-20 18:00:00+00:00;22714.418183059926
2024-05-20 19:00:00+00:00;24945.102172792172
2024-05-20 20:00:00+00:00;24886.3698604179
2024-05-20 21:00:00+00:00;22972.267629443195
2024-05-20 22:00:00+00:00;20681.200959948415
2024-05-20 23:00:00+00:00;17684.840326723664
2024-05-21 00:00:00+00:00;15162.272241120294
2024-05-21 01:00:00+00:00;13644.738374463435
2024-05-21 02:00:00+00:00;12695.702802718977
2024-05-21 03:00:00+00:00;12225.239294951634
2024-05-21 04:00:00+00:00;12066.366866664734
2024-05-21 05:00:00+00:00;12116.160330774937
2024-05-21 06:00:00+00:00;13203.078461105399
2024-05-21 07:00:00+00:00;15416.177345978633
2024-05-21 08:00:00+00:00;17839.488901156536
2024-05-21 09:00:00+00:00;19677.899061598295
2024-05-21 10:00:00+00:00;20720.14156179893
2024-05-21 11:00:00+00:00;21500.269933051506
2024-05-21 12:00:00+00:00;21674.394556591662
2024-05-21 13:00:00+00:00;20801.353061535086
2024-05-21 14:00:00+00:00;20646.62651921959
2024-05-21 15:00:00+00:00;20101.653359785436
2024-05-21 16:00:00+00:00;20128.958171547107
2024-05-21 17:00:00+00:00;20556.58699331583
2024-05-21 18:00:00+00:00;22350.80391869226
2024-05-21 19:00:00+00:00;24688.434765191756
2024-05-21 20:00:00+00:00;24779.066705005294
2024-05-21 21:00:00+00:00;23095.995712761905
2024-05-21 22:00:00+00:00;20595.420550882875
2024-05-21 23:00:00+00:00;17863.118270779985
2024-05-22 00:00:00+00:00;15314.453701638704
2024-05-22 01:00:00+00:00;13778.25702197076
2024-05-22 02:00:00+00:00;12893.873147944007
2024-05-22 03:00:00+00:00;12287.01968774169
2024-05-22 04:00:00+00:00;12146.675772787425
2024-05-22 05:00:00+00:00;12202.471406416273
2024-05-22 06:00:00+00:00;13330.620692598777
2024-05-22 07:00:00+00:00;16047.800207418037
2024-05-22 08:00:00+00:00;18935.218811746836
2024-05-22 09:00:00+00:00;20870.213257347787
2024-05-22 10:00:00+00:00;21545.328590571757
2024-05-22 11:00:00+00:00;21991.567925080795
2024-05-22 12:00:00+00:00;22248.872586744776
2024-05-22 13:00:00+00:00;21547.449999193974
2024-05-22 14:00:00+00:00;21316.70752187082
2024-05-22 15:00:00+00:00;20810.301171234492
2024-05-22 16:00:00+00:00;20910.44556005094
2024-05-22 17:00:00+00:00;21086.35255922342
2024-05-22 18:00:00+00:00;22660.277440658752
2024-05-22 19:00:00+00:00;24845.488757162693
2024-05-22 20:00:00+00:00;24681.673479179288
2024-05-22 21:00:00+00:00;22837.28572467543
2024-05-22 22:00:00+00:00;20380.480929732897
2024-05-22 23:00:00+00:00;17579.701591510366
2024-05-23 00:00:00+00:00;15023.54576209094
2024-05-23 01:00:00+00:00;13500.602095765456
2024-05-23 02:00:00+00:00;12570.815931247957
2024-05-23 03:00:00+00:00;12138.667102814437
2024-05-23 04:00:00+00:00;12030.339011211225
2024-05-23 05:00:00+00:00;12185.323084217116
2024-05-23 06:00:00+00:00;13308.638659104598
2024-05-23 07:00:00+00:00;16042.60705789705
2024-05-23 08:00:00+00:00;19045.344834548898
2024-05-23 09:00:00+00:00;21031.759612133123
2024-05-23 10:00:00+00:00;22054.278768880726
2024-05-23 11:00:00+00:00;22445.88848166495
2024-05-23 12:00:00+00:00;22704.53875011801
2024-05-23 13:00:00+00:00;22216.410439653184
2024-05-23 14:00:00+00:00;22015.710226275365
2024-05-23 15:00:00+00:00;21632.341789680962
2024-05-23 16:00:00+00:00;21707.700463720128
2024-05-23 17:00:00+00:00;21905.91477033985
2024-05-23 18:00:00+00:00;23213.831986630965
2024-05-23 19:00:00+00:00;25350.040662055486
2024-05-23 20:00:00+00:00;25052.396777261685
2024-05-23 21:00:00+00:00;23239.504561321617
2024-05-23 22:00:00+00:00;20810.35434901003
2024-05-23 23:00:00+00:00;16966.708713627853
2024-05-24 00:00:00+00:00;15287.034622943394
2024-05-24 01:00:00+00:00;13715.197110710931
2024-05-24 02:00:00+00:00;12834.345751737597
2024-05-24 03:00:00+00:00;12294.66951690652
2024-05-24 04:00:00+00:00;12225.011753477613
2024-05-24 05:00:00+00:00;12146.211202353219
2024-05-24 06:00:00+00:00;13225.450983326391
2024-05-24 07:00:00+00:00;15905.149201106573
2024-05-24 08:00:00+00:00;19049.90924993785
2024-05-24 09:00:00+00:00;21181.516379384822
2024-05-24 10:00:00+00:00;22026.454913643316
2024-05-24 11:00:00+00:00;22353.792822606778
2024-05-24 12:00:00+00:00;22265.065034599207
2024-05-24 13:00:00+00:00;21413.800304024524
2024-05-24 14:00:00+00:00;21339.735885065467
2024-05-24 15:00:00+00:00;21076.364637023886
2024-05-24 16:00:00+00:00;21165.319240266956
2024-05-24 17:00:00+00:00;21039.408569882293
2024-05-24 18:00:00+00:00;22373.965508593385
2024-05-24 19:00:00+00:00;23837.25410912846
2024-05-24 20:00:00+00:00;23554.89976785834
2024-05-24 21:00:00+00:00;21875.403029809266
2024-05-24 22:00:00+00:00;20126.837684535425
2024-05-24 23:00:00+00:00;17271.026454368624
2024-05-25 00:00:00+00:00;14852.604280140436
2024-05-25 01:00:00+00:00;13330.933060205865
2024-05-25 02:00:00+00:00;12300.647956455454
2024-05-25 03:00:00+00:00;11676.916878069858
2024-05-25 04:00:00+00:00;11514.023442931506
2024-05-25 05:00:00+00:00;11522.640146112035
2024-05-25 06:00:00+00:00;11991.664720345765
2024-05-25 07:00:00+00:00;12831.937748106935
2024-05-25 08:00:00+00:00;14667.994734547994
2024-05-25 09:00:00+00:00;16910.446786285815
2024-05-25 10:00:00+00:00;18226.44248657937
2024-05-25 11:00:00+00:00;19000.83475242037
2024-05-25 12:00:00+00:00;19940.995746814344
2024-05-25 13:00:00+00:00;19335.91279169445
2024-05-25 14:00:00+00:00;18481.681810036112
2024-05-25 15:00:00+00:00;18029.818139620267
2024-05-25 16:00:00+00:00;17895.898460805896
2024-05-25 17:00:00+00:00;18662.400120417362
2024-05-25 18:00:00+00:00;20658.655227888117
2024-05-25 19:00:00+00:00;22138.60395589442
2024-05-25 20:00:00+00:00;21784.81782475603
2024-05-25 21:00:00+00:00;20141.501822440496
2024-05-25 22:00:00+00:00;18618.126612162243
2024-05-25 23:00:00+00:00;16240.058014459732
2024-05-26 00:00:00+00:00;14098.101480038871
2024-05-26 01:00:00+00:00;12662.270881786057
2024-05-26 02:00:00+00:00;11705.832062656445
2024-05-26 03:00:00+00:00;11140.248324639875
2024-05-26 04:00:00+00:00;10881.268096545826
2024-05-26 05:00:00+00:00;10900.301883181692
2024-05-26 06:00:00+00:00;11129.576363812346
2024-05-26 07:00:00+00:00;11673.338755428602
2024-05-26 08:00:00+00:00;13060.576919449302
2024-05-26 09:00:00+00:00;15363.678671307083
2024-05-26 10:00:00+00:00;17300.016964422648
2024-05-26 11:00:00+00:00;18516.818775948665
2024-05-26 12:00:00+00:00;19702.01396303863
2024-05-26 13:00:00+00:00;18866.11195281239
2024-05-26 14:00:00+00:00;17889.05026548002
2024-05-26 15:00:00+00:00;17449.51718086662
2024-05-26 16:00:00+00:00;17535.484301314358
2024-05-26 17:00:00+00:00;18386.94291279026
2024-05-26 18:00:00+00:00;20209.64631090783
2024-05-26 19:00:00+00:00;21914.211083737835
2024-05-26 20:00:00+00:00;22030.053813270246
2024-05-26 21:00:00+00:00;20676.228379046417
2024-05-26 22:00:00+00:00;18521.958950253284
2024-05-26 23:00:00+00:00;16150.28868316701
2024-05-27 00:00:00+00:00;14552.254130365518
2024-05-27 01:00:00+00:00;12976.39341946342
2024-05-27 02:00:00+00:00;12068.928574474872
2024-05-27 03:00:00+00:00;11555.059756526083
2024-05-27 04:00:00+00:00;11478.108389538515
2024-05-27 05:00:00+00:00;11619.776290206408
2024-05-27 06:00:00+00:00;12821.1654735357
2024-05-27 07:00:00+00:00;15351.504720793873
2024-05-27 08:00:00+00:00;18475.271643016265
2024-05-27 09:00:00+00:00;20684.64492020552
2024-05-27 10:00:00+00:00;21462.566158633173
2024-05-27 11:00:00+00:00;21767.112031992798
2024-05-27 12:00:00+00:00;21942.548104732945
2024-05-27 13:00:00+00:00;21259.65762754037
2024-05-27 14:00:00+00:00;21006.318046306948
2024-05-27 15:00:00+00:00;20817.405680073767
2024-05-27 16:00:00+00:00;20863.50469750219
2024-05-27 17:00:00+00:00;21213.60471033538
2024-05-27 18:00:00+00:00;22714.418183059926
2024-05-27 19:00:00+00:00;24945.102172792172
2024-05-27 20:00:00+00:00;24886.3698604179
2024-05-27 21:00:00+00:00;22972.267629443195
2024-05-27 22:00:00+00:00;20681.200959948415
2024-05-27 23:00:00+00:00;17684.840326723664
2024-05-28 00:00:00+00:00;15162.272241120294
2024-05-28 01:00:00+00:00;13644.738374463435
2024-05-28 02:00:00+00:00;12695.702802718977
2024-05-28 03:00:00+00:00;12225.239294951634
2024-05-28 04:00:00+00:00;12066.366866664734
2024-05-28 05:00:00+00:00;12116.160330774937
2024-05-28 06:00:00+00:00;13203.078461105399
2024-05-28 07:00:00+00:00;15416.177345978633
2024-05-28 08:00:00+00:00;17839.488901156536
2024-05-28 09:00:00+00:00;19677.899061598295
2024-05-28 10:00:00+00:00;20720.14156179893
2024-05-28 11:00:00+00:00;21500.269933051506
2024-05-28 12:00:00+00:00;21674.394556591662
2024-05-28 13:00:00+00:00;20801.353061535086
2024-05-28 14:00:00+00:00;20646.62651921959
2024-05-28 15:00:00+00:00;20101.653359785436
2024-05-28 16:00:00+00:00;20128.958171547107
2024-05-28 17:00:00+00:00;20556.58699331583
2024-05-28 18:00:00+00:00;22350.80391869226
2024-05-28 19:00:00+00:00;24688.434765191756
2024-05-28 20:00:00+00:00;24779.066705005294
2024-05-28 21:00:00+00:00;23095.995712761905
2024-05-28 22:00:00+00:00;20595.420550882875
2024-05-28 23:00:00+00:00;17863.118270779985
2024-05-29 00:00:00+00:00;15314.453701638704
2024-05-29 01:00:00+00:00;13778.25702197076
2024-05-29 02:00:00+00:00;12893.873147944007
2024-05-29 03:00:00+00:00;12287.01968774169
2024-05-29 04:00:00+00:00;12146.675772787425
2024-05-29 05:00:00+00:00;12202.471406416273
2024-05-29 06:00:00+00:00;13330.620692598777
2024-05-29 07:00:00+00:00;16047.800207418037
2024-05-29 08:00:00+00:00;18935.218811746836
2024-05-29 09:00:00+00:00;20870.213257347787
2024-05-29 10:00:00+00:00;21545.328590571757
2024-05-29 11:00:00+00:00;21991.567925080795
2024-05-29 12:00:00+00:00;22248.872586744776
2024-05-29 13:00:00+00:00;21547.449999193974
2024-05-29 14:00:00+00:00;21316.70752187082
2024-05-29 15:00:00+00:00;20810.301171234492
2024-05-29 16:00:00+00:00;20910.44556005094
2024-05-29 17:00:00+00:00;21086.35255922342
2024-05-29 18:00:00+00:00;22660.277440658752
2024-05-29 19:00:00+00:00;24845.488757162693
2024-05-29 20:00:00+00:00;24681.673479179288
2024-05-29 21:00:00+00:00;22837.28572467543
2024-05-29 22:00:00+00:00;20380.480929732897
2024-05-29 23:00:00+00:00;17579.701591510366
2024-05-30 00:00:00+00:00;15023.54576209094
2024-05-30 01:00:00+00:00;13500.602095765456
2024-05-30 02:00:00+00:00;12570.815931247957
2024-05-30 03:00:00+00:00;12138.667102814437
2024-05-30 04:00:00+00:00;12030.339011211225
2024-05-30 05:00:00+00:00;12185.323084217116
2024-05-30 06:00:00+00:00;13308.638659104598
2024-05-30 07:00:00+00:00;16042.60705789705
2024-05-30 08:00:00+00:00;19045.344834548898
2024-05-30 09:00:00+00:00;21031.759612133123
2024-05-30 10:00:00+00:00;22054.278768880726
2024-05-30 11:00:00+00:00;22445.88848166495
2024-05-30 12:00:00+00:00;22704.53875011801
2024-05-30 13:00:00+00:00;22216.410439653184
2024-05-30 14:00:00+00:00;22015.710226275365
2024-05-30 15:00:00+00:00;21632.341789680962
2024-05-30 16:00:00+00:00;21707.700463720128
2024-05-30 17:00:00+00:00;21905.91477033985
2024-05-30 18:00:00+00:00;23213.831986630965
2024-05-30 19:00:00+00:00;25350.040662055486
2024-05-30 20:00:00+00:00;25052.396777261685
2024-05-30 21:00:00+00:00;23239.504561321617
2024-05-30 22:00:00+00:00;20810.35434901003
2024-05-30 23:00:00+00:00;16966.708713627853
2024-05-31 00:00:00+00:00;15287.034622943394
2024-05-31 01:00:00+00:00;13715.197110710931
2024-05-31 02:00:00+00:00;12834.345751737597
2024-05-31 03:00:00+00:00;12294.66951690652
2024-05-31 04:00:00+00:00;12225.011753477613
2024-05-31 05:00:00+00:00;12146.211202353219
2024-05-31 06:00:00+00:00;13225.450983326391
2024-05-31 07:00:00+00:00;15905.149201106573
2024-05-31 08:00:00+00:00;19049.90924993785
2024-05-31 09:00:00+00:00;21181.516379384822
2024-05-31 10:00:00+00:00;22026.454913643316
2024-05-31 11:00:00+00:00;22353.792822606778
2024-05-31 12:00:00+00:00;22265.065034599207
2024-05-31 13:00:00+00:00;21413.800304024524
2024-05-31 14:00:00+00:00;21339.735885065467
2024-05-31 15:00:00+00:00;21076.364637023886
2024-05-31 16:00:00+00:00;21165.319240266956
2024-05-31 17:00:00+00:00;21039.408569882293
2024-05-31 18:00:00+00:00;22373.965508593385
2024-05-31 19:00:00+00:00;23837.25410912846
2024-05-31 20:00:00+00:00;23554.89976785834
2024-05-31 21:00:00+00:00;21875.403029809266
2024-05-31 22:00:00+00:00;20126.837684535425
2024-05-31 23:00:00+00:00;17271.026454368624
2024-06-01 00:00:00+00:00;13791.703974416121
2024-06-01 01:00:00+00:00;12378.723555905448
2024-06-01 02:00:00+00:00;11422.030245280064
2024-06-01 03:00:00+00:00;10842.851386779155
2024-06-01 04:00:00+00:00;10691.593197007829
2024-06-01 05:00:00+00:00;10699.594421389747
2024-06-01 06:00:00+00:00;11135.117240321068
2024-06-01 07:00:00+00:00;11915.370766099297
2024-06-01 08:00:00+00:00;13620.280824937425
2024-06-01 09:00:00+00:00;15702.557730122546
2024-06-01 10:00:00+00:00;16924.553737537986
2024-06-01 11:00:00+00:00;17643.63227010463
2024-06-01 12:00:00+00:00;18516.63890775618
2024-06-01 13:00:00+00:00;17954.776163716277
2024-06-01 14:00:00+00:00;17161.56168074782
2024-06-01 15:00:00+00:00;16741.97398679025
2024-06-01 16:00:00+00:00;16617.619999319762
2024-06-01 17:00:00+00:00;17329.371540387554
2024-06-01 18:00:00+00:00;19183.03699732468
2024-06-01 19:00:00+00:00;20557.275101901963
2024-06-01 20:00:00+00:00;20228.75940870203
2024-06-01 21:00:00+00:00;18702.823120837606
2024-06-01 22:00:00+00:00;17288.26042557923
2024-06-01 23:00:00+00:00;15080.053870569753
2024-06-02 00:00:00+00:00;13091.094231464667
2024-06-02 01:00:00+00:00;11757.822961658483
2024-06-02 02:00:00+00:00;10869.70120103813
2024-06-02 03:00:00+00:00;10344.516301451313
2024-06-02 04:00:00+00:00;10104.034661078267
2024-06-02 05:00:00+00:00;10121.708891525857
2024-06-02 06:00:00+00:00;10334.606623540038
2024-06-02 07:00:00+00:00;10839.52884432656
2024-06-02 08:00:00+00:00;12127.678568060068
2024-06-02 09:00:00+00:00;14266.273051928008
2024-06-02 10:00:00+00:00;16064.30146696389
2024-06-02 11:00:00+00:00;17194.188863380903
2024-06-02 12:00:00+00:00;18294.727251393015
2024-06-02 13:00:00+00:00;17518.532527611504
2024-06-02 14:00:00+00:00;16611.260960802876
2024-06-02 15:00:00+00:00;16203.123096519004
2024-06-02 16:00:00+00:00;16282.949708363334
2024-06-02 17:00:00+00:00;17073.589847590956
2024-06-02 18:00:00+00:00;18766.100145842986
2024-06-02 19:00:00+00:00;20348.910292042277
2024-06-02 20:00:00+00:00;20456.4785408938
2024-06-02 21:00:00+00:00;19199.354923400246
2024-06-02 22:00:00+00:00;17198.96188237805
2024-06-02 23:00:00+00:00;14996.696634369368
2024-06-03 00:00:00+00:00;13512.807406767983
2024-06-03 01:00:00+00:00;12049.508175216033
2024-06-03 02:00:00+00:00;11206.862247726669
2024-06-03 03:00:00+00:00;10729.698345345649
2024-06-03 04:00:00+00:00;10658.24350457148
2024-06-03 05:00:00+00:00;10789.79226947738
2024-06-03 06:00:00+00:00;11905.367939711723
2024-06-03 07:00:00+00:00;14254.968669308599
2024-06-03 08:00:00+00:00;17155.60938280082
2024-06-03 09:00:00+00:00;19207.170283047984
2024-06-03 10:00:00+00:00;19929.525718730805
2024-06-03 11:00:00+00:00;20212.318315421886
2024-06-03 12:00:00+00:00;20375.223240109164
2024-06-03 13:00:00+00:00;19741.11065414463
2024-06-03 14:00:00+00:00;19505.866757285025
2024-06-03 15:00:00+00:00;19330.448131497073
2024-06-03 16:00:00+00:00;19373.25436196632
2024-06-03 17:00:00+00:00;19698.347231025713
2024-06-03 18:00:00+00:00;21091.95974141279
2024-06-03 19:00:00+00:00;23163.309160449877
2024-06-03 20:00:00+00:00;23108.772013245198
2024-06-03 21:00:00+00:00;21331.391370197252
2024-06-03 22:00:00+00:00;19203.972319952103
2024-06-03 23:00:00+00:00;16421.637446243407
2024-06-04 00:00:00+00:00;14079.252795325989
2024-06-04 01:00:00+00:00;12670.114204858906
2024-06-04 02:00:00+00:00;11788.86688823905
2024-06-04 03:00:00+00:00;11352.007916740804
2024-06-04 04:00:00+00:00;11204.483519045825
2024-06-04 05:00:00+00:00;11250.720307148158
2024-06-04 06:00:00+00:00;12260.0014281693
2024-06-04 07:00:00+00:00;14315.021821265875
2024-06-04 08:00:00+00:00;16565.23969393107
2024-06-04 09:00:00+00:00;18272.334842912704
2024-06-04 10:00:00+00:00;19240.131450241865
2024-06-04 11:00:00+00:00;19964.536366404973
2024-06-04 12:00:00+00:00;20126.223516835118
2024-06-04 13:00:00+00:00;19315.542128568297
2024-06-04 14:00:00+00:00;19171.86748213248
2024-06-04 15:00:00+00:00;18665.82097694362
2024-06-04 16:00:00+00:00;18691.17544500803
2024-06-04 17:00:00+00:00;19088.25935093613
2024-06-04 18:00:00+00:00;20754.31792449996
2024-06-04 19:00:00+00:00;22924.975139106635
2024-06-04 20:00:00+00:00;23009.13336893349
2024-06-04 21:00:00+00:00;21446.281733278916
2024-06-04 22:00:00+00:00;19124.319082962673
2024-06-04 23:00:00+00:00;16587.18125143856
2024-06-05 00:00:00+00:00;14220.564151521656
2024-06-05 01:00:00+00:00;12794.095806115705
2024-06-05 02:00:00+00:00;11972.882208805151
2024-06-05 03:00:00+00:00;11409.37542433157
2024-06-05 04:00:00+00:00;11279.056074731181
2024-06-05 05:00:00+00:00;11330.866305957969
2024-06-05 06:00:00+00:00;12378.433500270294
2024-06-05 07:00:00+00:00;14901.528764031036
2024-06-05 08:00:00+00:00;17582.70318233635
2024-06-05 09:00:00+00:00;19379.483738965806
2024-06-05 10:00:00+00:00;20006.37654838806
2024-06-05 11:00:00+00:00;20420.741644717884
2024-06-05 12:00:00+00:00;20659.667401977295
2024-06-05 13:00:00+00:00;20008.346427822977
2024-06-05 14:00:00+00:00;19794.085556022907
2024-06-05 15:00:00+00:00;19323.851087574887
2024-06-05 16:00:00+00:00;19416.842305761587
2024-06-05 17:00:00+00:00;19580.18451927889
2024-06-05 18:00:00+00:00;21041.686194897415
2024-06-05 19:00:00+00:00;23070.81098879393
2024-06-05 20:00:00+00:00;22918.696802095055
2024-06-05 21:00:00+00:00;21206.051030055758
2024-06-05 22:00:00+00:00;18924.732291894834
2024-06-05 23:00:00+00:00;16324.008620688199
2024-06-06 00:00:00+00:00;13950.435350513018
2024-06-06 01:00:00+00:00;12536.273374639353
2024-06-06 02:00:00+00:00;11672.90050758739
2024-06-06 03:00:00+00:00;11271.619452613408
2024-06-06 04:00:00+00:00;11171.029081838995
2024-06-06 05:00:00+00:00;11314.942863915894
2024-06-06 06:00:00+00:00;12358.0216120257
2024-06-06 07:00:00+00:00;14896.706553761547
2024-06-06 08:00:00+00:00;17684.96306065255
2024-06-06 09:00:00+00:00;19529.49106840933
2024-06-06 10:00:00+00:00;20478.973142532104
2024-06-06 11:00:00+00:00;20842.6107329746
2024-06-06 12:00:00+00:00;21082.78598225244
2024-06-06 13:00:00+00:00;20629.523979677957
2024-06-06 14:00:00+00:00;20443.159495827127
2024-06-06 15:00:00+00:00;20087.17451898947
2024-06-06 16:00:00+00:00;20157.150430597263
2024-06-06 17:00:00+00:00;20341.20657245843
2024-06-06 18:00:00+00:00;21555.70113044304
2024-06-06 19:00:00+00:00;23539.32347190867
2024-06-06 20:00:00+00:00;23262.93986460014
2024-06-06 21:00:00+00:00;21579.539949798647
2024-06-06 22:00:00+00:00;19323.90046693789
2024-06-06 23:00:00+00:00;15754.800948368722
2024-06-07 00:00:00+00:00;14195.103578447439
2024-06-07 01:00:00+00:00;12735.540174231579
2024-06-07 02:00:00+00:00;11917.606769470627
2024-06-07 03:00:00+00:00;11416.478837127484
2024-06-07 04:00:00+00:00;11351.796628229213
2024-06-07 05:00:00+00:00;11278.624687899419
2024-06-07 06:00:00+00:00;12280.775913088792
2024-06-07 07:00:00+00:00;14769.067115313248
2024-06-07 08:00:00+00:00;17689.201446370862
2024-06-07 09:00:00+00:00;19668.55092371448
2024-06-07 10:00:00+00:00;20453.13670552594
2024-06-07 11:00:00+00:00;20757.093335277725
2024-06-07 12:00:00+00:00;20674.703246413552
2024-06-07 13:00:00+00:00;19884.243139451344
2024-06-07 14:00:00+00:00;19815.46903613222
2024-06-07 15:00:00+00:00;19570.91002009361
2024-06-07 16:00:00+00:00;19653.51072310503
2024-06-07 17:00:00+00:00;19536.59367203356
2024-06-07 18:00:00+00:00;20775.825115122432
2024-06-07 19:00:00+00:00;22134.59310133357
2024-06-07 20:00:00+00:00;21872.40692729703
2024-06-07 21:00:00+00:00;20312.87424196575
2024-06-07 22:00:00+00:00;18689.206421354324
2024-06-07 23:00:00+00:00;16037.381707628008
2024-06-08 00:00:00+00:00;13791.703974416121
2024-06-08 01:00:00+00:00;12378.723555905448
2024-06-08 02:00:00+00:00;11422.030245280064
2024-06-08 03:00:00+00:00;10842.851386779155
2024-06-08 04:00:00+00:00;10691.593197007829
2024-06-08 05:00:00+00:00;10699.594421389747
2024-06-08 06:00:00+00:00;11135.117240321068
2024-06-08 07:00:00+00:00;11915.370766099297
2024-06-08 08:00:00+00:00;13620.280824937425
2024-06-08 09:00:00+00:00;15702.557730122546
2024-06-08 10:00:00+00:00;16924.553737537986
2024-06-08 11:00:00+00:00;17643.63227010463
2024-06-08 12:00:00+00:00;18516.63890775618
2024-06-08 13:00:00+00:00;17954.776163716277
2024-06-08 14:00:00+00:00;17161.56168074782
2024-06-08 15:00:00+00:00;16741.97398679025
2024-06-08 16:00:00+00:00;16617.619999319762
2024-06-08 17:00:00+00:00;17329.371540387554
2024-06-08 18:00:00+00:00;19183.03699732468
2024-06-08 19:00:00+00:00;20557.275101901963
2024-06-08 20:00:00+00:00;20228.75940870203
2024-06-08 21:00:00+00:00;18702.823120837606
2024-06-08 22:00:00+00:00;17288.26042557923
2024-06-08 23:00:00+00:00;15080.053870569753
2024-06-09 00:00:00+00:00;13091.094231464667
2024-06-09 01:00:00+00:00;11757.822961658483
2024-06-09 02:00:00+00:00;10869.70120103813
2024-06-09 03:00:00+00:00;10344.516301451313
2024-06-09 04:00:00+00:00;10104.034661078267
2024-06-09 05:00:00+00:00;10121.708891525857
2024-06-09 06:00:00+00:00;10334.606623540038
2024-06-09 07:00:00+00:00;10839.52884432656
2024-06-09 08:00:00+00:00;12127.678568060068
2024-06-09 09:00:00+00:00;14266.273051928008
2024-06-09 10:00:00+00:00;16064.30146696389
2024-06-09 11:00:00+00:00;17194.188863380903
2024-06-09 12:00:00+00:00;18294.727251393015
2024-06-09 13:00:00+00:00;17518.532527611504
2024-06-09 14:00:00+00:00;16611.260960802876
2024-06-09 15:00:00+00:00;16203.123096519004
2024-06-09 16:00:00+00:00;16282.949708363334
2024-06-09 17:00:00+00:00;17073.589847590956
2024-06-09 18:00:00+00:00;18766.100145842986
2024-06-09 19:00:00+00:00;20348.910292042277
2024-06-09 20:00:00+00:00;20456.4785408938
2024-06-09 21:00:00+00:00;19199.354923400246
2024-06-09 22:00:00+00:00;17198.96188237805
2024-06-09 23:00:00+00:00;14996.696634369368
2024-06-10 00:00:00+00:00;13512.807406767983
2024-06-10 01:00:00+00:00;12049.508175216033
2024-06-10 02:00:00+00:00;11206.862247726669
2024-06-10 03:00:00+00:00;10729.698345345649
2024-06-10 04:00:00+00:00;10658.24350457148
2024-06-10 05:00:00+00:00;10789.79226947738
2024-06-10 06:00:00+00:00;11905.367939711723
2024-06-10 07:00:00+00:00;14254.968669308599
2024-06-10 08:00:00+00:00;17155.60938280082
2024-06-10 09:00:00+00:00;19207.170283047984
2024-06-10 10:00:00+00:00;19929.525718730805
2024-06-10 11:00:00+00:00;20212.318315421886
2024-06-10 12:00:00+00:00;20375.223240109164
2024-06-10 13:00:00+00:00;19741.11065414463
2024-06-10 14:00:00+00:00;19505.866757285025
2024-06-10 15:00:00+00:00;19330.448131497073
2024-06-10 16:00:00+00:00;19373.25436196632
2024-06-10 17:00:00+00:00;19698.347231025713
2024-06-10 18:00:00+00:00;21091.95974141279
2024-06-10 19:00:00+00:00;23163.309160449877
2024-06-10 20:00:00+00:00;23108.772013245198
2024-06-10 21:00:00+00:00;21331.391370197252
2024-06-10 22:00:00+00:00;19203.972319952103
2024-06-10 23:00:00+00:00;16421.637446243407
2024-06-11 00:00:00+00:00;14079.252795325989
2024-06-11 01:00:00+00:00;12670.114204858906
2024-06-11 02:00:00+00:00;11788.86688823905
2024-06-11 03:00:00+00:00;11352.007916740804
2024-06-11 04:00:00+00:00;11204.483519045825
2024-06-11 05:00:00+00:00;11250.720307148158
2024-06-11 06:00:00+00:00;12260.0014281693
2024-06-11 07:00:00+00:00;14315.021821265875
2024-06-11 08:00:00+00:00;16565.23969393107
2024-06-11 09:00:00+00:00;18272.334842912704
2024-06-11 10:00:00+00:00;19240.131450241865
2024-06-11 11:00:00+00:00;19964.536366404973
2024-06-11 12:00:00+00:00;20126.223516835118
2024-06-11 13:00:00+00:00;19315.542128568297
2024-06-11 14:00:00+00:00;19171.86748213248
2024-06-11 15:00:00+00:00;18665.82097694362
2024-06-11 16:00:00+00:00;18691.17544500803
2024-06-11 17:00:00+00:00;19088.25935093613
2024-06-11 18:00:00+00:00;20754.31792449996
2024-06-11 19:00:00+00:00;22924.975139106635
2024-06-11 20:00:00+00:00;23009.13336893349
2024-06-11 21:00:00+00:00;21446.281733278916
2024-06-11 22:00:00+00:00;19124.319082962673
2024-06-11 23:00:00+00:00;16587.18125143856
2024-06-12 00:00:00+00:00;14220.564151521656
2024-06-12 01:00:00+00:00;12794.095806115705
2024-06-12 02:00:00+00:00;11972.882208805151
2024-06-12 03:00:00+00:00;11409.37542433157
2024-06-12 04:00:00+00:00;11279.056074731181
2024-06-12 05:00:00+00:00;11330.866305957969
2024-06-12 06:00:00+00:00;12378.433500270294
2024-06-12 07:00:00+00:00;14901.528764031036
2024-06-12 08:00:00+00:00;17582.70318233635
2024-06-12 09:00:00+00:00;19379.483738965806
2024-06-12 10:00:00+00:00;20006.37654838806
2024-06-12 11:00:00+00:00;20420.741644717884
2024-06-12 12:00:00+00:00;20659.667401977295
2024-06-12 13:00:00+00:00;20008.346427822977
2024-06-12 14:00:00+00:00;19794.085556022907
2024-06-12 15:00:00+00:00;19323.851087574887
2024-06-12 16:00:00+00:00;19416.842305761587
2024-06-12 17:00:00+00:00;19580.18451927889
2024-06-12 18:00:00+00:00;21041.686194897415
2024-06-12 19:00:00+00:00;23070.81098879393
2024-06-12 20:00:00+00:00;22918.696802095055
2024-06-12 21:00:00+00:00;21206.051030055758
2024-06-12 22:00:00+00:00;18924.732291894834
2024-06-12 23:00:00+00:00;16324.008620688199
2024-06-13 00:00:00+00:00;13950.435350513018
2024-06-13 01:00:00+00:00;12536.273374639353
2024-06-13 02:00:00+00:00;11672.90050758739
2024-06-13 03:00:00+00:00;11271.619452613408
2024-06-13 04:00:00+00:00;11171.029081838995
2024-06-13 05:00:00+00:00;11314.942863915894
2024-06-13 06:00:00+00:00;12358.0216120257
2024-06-13 07:00:00+00:00;14896.706553761547
2024-06-13 08:00:00+00:00;17684.96306065255
2024-06-13 09:00:00+00:00;19529.49106840933
2024-06-13 10:00:00+00:00;20478.973142532104
2024-06-13 11:00:00+00:00;20842.6107329746
2024-06-13 12:00:00+00:00;21082.78598225244
2024-06-13 13:00:00+00:00;20629.523979677957
2024-06-13 14:00:00+00:00;20443.159495827127
2024-06-13 15:00:00+00:00;20087.17451898947
2024-06-13 16:00:00+00:00;20157.150430597263
2024-06-13 17:00:00+00:00;20341.20657245843
2024-06-13 18:00:00+00:00;21555.70113044304
2024-06-13 19:00:00+00:00;23539.32347190867
2024-06-13 20:00:00+00:00;23262.93986460014
2024-06-13 21:00:00+00:00;21579.539949798647
2024-06-13 22:00:00+00:00;19323.90046693789
2024-06-13 23:00:00+00:00;15754.800948368722
2024-06-14 00:00:00+00:00;14195.103578447439
2024-06-14 01:00:00+00:00;12735.540174231579
2024-06-14 02:00:00+00:00;11917.606769470627
2024-06-14 03:00:00+00:00;11416.478837127484
2024-06-14 04:00:00+00:00;11351.796628229213
2024-06-14 05:00:00+00:00;11278.624687899419
2024-06-14 06:00:00+00:00;12280.775913088792
2024-06-14 07:00:00+00:00;14769.067115313248
2024-06-14 08:00:00+00:00;17689.201446370862
2024-06-14 09:00:00+00:00;19668.55092371448
2024-06-14 10:00:00+00:00;20453.13670552594
2024-06-14 11:00:00+00:00;20757.093335277725
2024-06-14 12:00:00+00:00;20674.703246413552
2024-06-14 13:00:00+00:00;19884.243139451344
2024-06-14 14:00:00+00:00;19815.46903613222
2024-06-14 15:00:00+00:00;19570.91002009361
2024-06-14 16:00:00+00:00;19653.51072310503
2024-06-14 17:00:00+00:00;19536.59367203356
2024-06-14 18:00:00+00:00;20775.825115122432
2024-06-14 19:00:00+00:00;22134.59310133357
2024-06-14 20:00:00+00:00;21872.40692729703
2024-06-14 21:00:00+00:00;20312.87424196575
2024-06-14 22:00:00+00:00;18689.206421354324
2024-06-14 23:00:00+00:00;16037.381707628008
2024-06-15 00:00:00+00:00;13791.703974416121
2024-06-15 01:00:00+00:00;12378.723555905448
2024-06-15 02:00:00+00:00;11422.030245280064
2024-06-15 03:00:00+00:00;10842.851386779155
2024-06-15 04:00:00+00:00;10691.593197007829
2024-06-15 05:00:00+00:00;10699.594421389747
2024-06-15 06:00:00+00:00;11135.117240321068
2024-06-15 07:00:00+00:00;11915.370766099297
2024-06-15 08:00:00+00:00;13620.280824937425
2024-06-15 09:00:00+00:00;15702.557730122546
2024-06-15 10:00:00+00:00;16924.553737537986
2024-06-15 11:00:00+00:00;17643.63227010463
2024-06-15 12:00:00+00:00;18516.63890775618
2024-06-15 13:00:00+00:00;17954.776163716277
2024-06-15 14:00:00+00:00;17161.56168074782
2024-06-15 15:00:00+00:00;16741.97398679025
2024-06-15 16:00:00+00:00;16617.619999319762
2024-06-15 17:00:00+00:00;17329.371540387554
2024-06-15 18:00:00+00:00;19183.03699732468
2024-06-15 19:00:00+00:00;20557.275101901963
2024-06-15 20:00:00+00:00;20228.75940870203
2024-06-15 21:00:00+00:00;18702.823120837606
2024-06-15 22:00:00+00:00;17288.26042557923
2024-06-15 23:00:00+00:00;15080.053870569753
2024-06-16 00:00:00+00:00;13091.094231464667
2024-06-16 01:00:00+00:00;11757.822961658483
2024-06-16 02:00:00+00:00;10869.70120103813
2024-06-16 03:00:00+00:00;10344.516301451313
2024-06-16 04:00:00+00:00;10104.034661078267
2024-06-16 05:00:00+00:00;10121.708891525857
2024-06-16 06:00:00+00:00;10334.606623540038
2024-06-16 07:00:00+00:00;10839.52884432656
2024-06-16 08:00:00+00:00;12127.678568060068
2024-06-16 09:00:00+00:00;14266.273051928008
2024-06-16 10:00:00+00:00;16064.30146696389
2024-06-16 11:00:00+00:00;17194.188863380903
2024-06-16 12:00:00+00:00;18294.727251393015
2024-06-16 13:00:00+00:00;17518.532527611504
2024-06-16 14:00:00+00:00;16611.260960802876
2024-06-16 15:00:00+00:00;16203.123096519004
2024-06-16 16:00:00+00:00;16282.949708363334
2024-06-16 17:00:00+00:00;17073.589847590956
2024-06-16 18:00:00+00:00;18766.100145842986
2024-06-16 19:00:00+00:00;20348.910292042277
2024-06-16 20:00:00+00:00;20456.4785408938
2024-06-16 21:00:00+00:00;19199.354923400246
2024-06-16 22:00:00+00:00;17198.96188237805
2024-06-16 23:00:00+00:00;14996.696634369368
2024-06-17 00:00:00+00:00;13512.807406767983
2024-06-17 01:00:00+00:00;12049.508175216033
2024-06-17 02:00:00+00:00;11206.862247726669
2024-06-17 03:00:00+00:00;10729.698345345649
2024-06-17 04:00:00+00:00;10658.24350457148
2024-06-17 05:00:00+00:00;10789.79226947738
2024-06-17 06:00:00+00:00;11905.367939711723
2024-06-17 07:00:00+00:00;14254.968669308599
2024-06-17 08:00:00+00:00;17155.60938280082
2024-06-17 09:00:00+00:00;19207.170283047984
2024-06-17 10:00:00+00:00;19929.525718730805
2024-06-17 11:00:00+00:00;20212.318315421886
2024-06-17 12:00:00+00:00;20375.223240109164
2024-06-17 13:00:00+00:00;19741.11065414463
2024-06-17 14:00:00+00:00;19505.866757285025
2024-06-17 15:00:00+00:00;19330.448131497073
2024-06-17 16:00:00+00:00;19373.25436196632
2024-06-17 17:00:00+00:00;19698.347231025713
2024-06-17 18:00:00+00:00;21091.95974141279
2024-06-17 19:00:00+00:00;23163.309160449877
2024-06-17 20:00:00+00:00;23108.772013245198
2024-06-17 21:00:00+00:00;21331.391370197252
2024-06-17 22:00:00+00:00;19203.972319952103
2024-06-17 23:00:00+00:00;16421.637446243407
2024-06-18 00:00:00+00:00;14079.252795325989
2024-06-18 01:00:00+00:00;12670.114204858906
2024-06-18 02:00:00+00:00;11788.86688823905
2024-06-18 03:00:00+00:00;11352.007916740804
2024-06-18 04:00:00+00:00;11204.483519045825
2024-06-18 05:00:00+00:00;11250.720307148158
2024-06-18 06:00:00+00:00;12260.0014281693
2024-06-18 07:00:00+00:00;14315.021821265875
2024-06-18 08:00:00+00:00;16565.23969393107
2024-06-18 09:00:00+00:00;18272.334842912704
2024-06-18 10:00:00+00:00;19240.131450241865
2024-06-18 11:00:00+00:00;19964.536366404973
2024-06-18 12:00:00+00:00;20126.223516835118
2024-06-18 13:00:00+00:00;19315.542128568297
2024-06-18 14:00:00+00:00;19171.86748213248
2024-06-18 15:00:00+00:00;18665.82097694362
2024-06-18 16:00:00+00:00;18691.17544500803
2024-06-18 17:00:00+00:00;19088.25935093613
2024-06-18 18:00:00+00:00;20754.31792449996
2024-06-18 19:00:00+00:00;22924.975139106635
2024-06-18 20:00:00+00:00;23009.13336893349
2024-06-18 21:00:00+00:00;21446.281733278916
2024-06-18 22:00:00+00:00;19124.319082962673
2024-06-18 23:00:00+00:00;16587.18125143856
2024-06-19 00:00:00+00:00;14220.564151521656
2024-06-19 01:00:00+00:00;12794.095806115705
2024-06-19 02:00:00+00:00;11972.882208805151
2024-06-19 03:00:00+00:00;11409.37542433157
2024-06-19 04:00:00+00:00;11279.056074731181
2024-06-19 05:00:00+00:00;11330.866305957969
2024-06-19 06:00:00+00:00;12378.433500270294
2024-06-19 07:00:00+00:00;14901.528764031036
2024-06-19 08:00:00+00:00;17582.70318233635
2024-06-19 09:00:00+00:00;19379.483738965806
2024-06-19 10:00:00+00:00;20006.37654838806
2024-06-19 11:00:00+00:00;20420.741644717884
2024-06-19 12:00:00+00:00;20659.667401977295
2024-06-19 13:00:00+00:00;20008.346427822977
2024-06-19 14:00:00+00:00;19794.085556022907
2024-06-19 15:00:00+00:00;19323.851087574887
2024-06-19 16:00:00+00:00;19416.842305761587
2024-06-19 17:00:00+00:00;19580.18451927889
2024-06-19 18:00:00+00:00;21041.686194897415
2024-06-19 19:00:00+00:00;23070.81098879393
2024-06-19 20:00:00+00:00;22918.696802095055
2024-06-19 21:00:00+00:00;21206.051030055758
2024-06-19 22:00:00+00:00;18924.732291894834
2024-06-19 23:00:00+00:00;16324.008620688199
2024-06-20 00:00:00+00:00;13950.435350513018
2024-06-20 01:00:00+00:00;12536.273374639353
2024-06-20 02:00:00+00:00;11672.90050758739
2024-06-20 03:00:00+00:00;11271.619452613408
2024-06-20 04:00:00+00:00;11171.029081838995
2024-06-20 05:00:00+00:00;11314.942863915894
2024-06-20 06:00:00+00:00;12358.0216120257
2024-06-20 07:00:00+00:00;14896.706553761547
2024-06-20 08:00:00+00:00;17684.96306065255
2024-06-20 09:00:00+00:00;19529.49106840933
2024-06-20 10:00:00+00:00;20478.973142532104
2024-06-20 11:00:00+00:00;20842.6107329746
2024-06-20 12:00:00+00:00;21082.78598225244
2024-06-20 13:00:00+00:00;20629.523979677957
2024-06-20 14:00:00+00:00;20443.159495827127
2024-06-20 15:00:00+00:00;20087.17451898947
2024-06-20 16:00:00+00:00;20157.150430597263
2024-06-20 17:00:00+00:00;20341.20657245843
2024-06-20 18:00:00+00:00;21555.70113044304
2024-06-20 19:00:00+00:00;23539.32347190867
2024-06-20 20:00:00+00:00;23262.93986460014
2024-06-20 21:00:00+00:00;21579.539949798647
2024-06-20 22:00:00+00:00;19323.90046693789
2024-06-20 23:00:00+00:00;15754.800948368722
2024-06-21 00:00:00+00:00;14195.103578447439
2024-06-21 01:00:00+00:00;12735.540174231579
2024-06-21 02:00:00+00:00;11917.606769470627
2024-06-21 03:00:00+00:00;11416.478837127484
2024-06-21 04:00:00+00:00;11351.796628229213
2024-06-21 05:00:00+00:00;11278.624687899419
2024-06-21 06:00:00+00:00;12280.775913088792
2024-06-21 07:00:00+00:00;14769.067115313248
2024-06-21 08:00:00+00:00;17689.201446370862
2024-06-21 09:00:00+00:00;19668.55092371448
2024-06-21 10:00:00+00:00;20453.13670552594
2024-06-21 11:00:00+00:00;20757.093335277725
2024-06-21 12:00:00+00:00;20674.703246413552
2024-06-21 13:00:00+00:00;19884.243139451344
2024-06-21 14:00:00+00:00;19815.46903613222
2024-06-21 15:00:00+00:00;19570.91002009361
2024-06-21 16:00:00+00:00;19653.51072310503
2024-06-21 17:00:00+00:00;19536.59367203356
2024-06-21 18:00:00+00:00;20775.825115122432
2024-06-21 19:00:00+00:00;22134.59310133357
2024-06-21 20:00:00+00:00;21872.40692729703
2024-06-21 21:00:00+00:00;20312.87424196575
2024-06-21 22:00:00+00:00;18689.206421354324
2024-06-21 23:00:00+00:00;16037.381707628008
2024-06-22 00:00:00+00:00;13791.703974416121
2024-06-22 01:00:00+00:00;12378.723555905448
2024-06-22 02:00:00+00:00;11422.030245280064
2024-06-22 03:00:00+00:00;10842.851386779155
2024-06-22 04:00:00+00:00;10691.593197007829
2024-06-22 05:00:00+00:00;10699.594421389747
2024-06-22 06:00:00+00:00;11135.117240321068
2024-06-22 07:00:00+00:00;11915.370766099297
2024-06-22 08:00:00+00:00;13620.280824937425
2024-06-22 09:00:00+00:00;15702.557730122546
2024-06-22 10:00:00+00:00;16924.553737537986
2024-06-22 11:00:00+00:00;17643.63227010463
2024-06-22 12:00:00+00:00;18516.63890775618
2024-06-22 13:00:00+00:00;17954.776163716277
2024-06-22 14:00:00+00:00;17161.56168074782
2024-06-22 15:00:00+00:00;16741.97398679025
2024-06-22 16:00:00+00:00;16617.619999319762
2024-06-22 17:00:00+00:00;17329.371540387554
2024-06-22 18:00:00+00:00;19183.03699732468
2024-06-22 19:00:00+00:00;20557.275101901963
2024-06-22 20:00:00+00:00;20228.75940870203
2024-06-22 21:00:00+00:00;18702.823120837606
2024-06-22 22:00:00+00:00;17288.26042557923
2024-06-22 23:00:00+00:00;15080.053870569753
2024-06-23 00:00:00+00:00;13091.094231464667
2024-06-23 01:00:00+00:00;11757.822961658483
2024-06-23 02:00:00+00:00;10869.70120103813
2024-06-23 03:00:00+00:00;10344.516301451313
2024-06-23 04:00:00+00:00;10104.034661078267
2024-06-23 05:00:00+00:00;10121.708891525857
2024-06-23 06:00:00+00:00;10334.606623540038
2024-06-23 07:00:00+00:00;10839.52884432656
2024-06-23 08:00:00+00:00;12127.678568060068
2024-06-23 09:00:00+00:00;14266.273051928008
2024-06-23 10:00:00+00:00;16064.30146696389
2024-06-23 11:00:00+00:00;17194.188863380903
2024-06-23 12:00:00+00:00;18294.727251393015
2024-06-23 13:00:00+00:00;17518.532527611504
2024-06-23 14:00:00+00:00;16611.260960802876
2024-06-23 15:00:00+00:00;16203.123096519004
2024-06-23 16:00:00+00:00;16282.949708363334
2024-06-23 17:00:00+00:00;17073.589847590956
2024-06-23 18:00:00+00:00;18766.100145842986
2024-06-23 19:00:00+00:00;20348.910292042277
2024-06-23 20:00:00+00:00;20456.4785408938
2024-06-23 21:00:00+00:00;19199.354923400246
2024-06-23 22:00:00+00:00;17198.96188237805
2024-06-23 23:00:00+00:00;14996.696634369368
2024-06-24 00:00:00+00:00;13512.807406767983
2024-06-24 01:00:00+00:00;12049.508175216033
2024-06-24 02:00:00+00:00;11206.862247726669
2024-06-24 03:00:00+00:00;10729.698345345649
2024-06-24 04:00:00+00:00;10658.24350457148
2024-06-24 05:00:00+00:00;10789.79226947738
2024-06-24 06:00:00+00:00;11905.367939711723
2024-06-24 07:00:00+00:00;14254.968669308599
2024-06-24 08:00:00+00:00;17155.60938280082
2024-06-24 09:00:00+00:00;19207.170283047984
2024-06-24 10:00:00+00:00;19929.525718730805
2024-06-24 11:00:00+00:00;20212.318315421886
2024-06-24 12:00:00+00:00;20375.223240109164
2024-06-24 13:00:00+00:00;19741.11065414463
2024-06-24 14:00:00+00:00;19505.866757285025
2024-06-24 15:00:00+00:00;19330.448131497073
2024-06-24 16:00:00+00:00;19373.25436196632
2024-06-24 17:00:00+00:00;19698.347231025713
2024-06-24 18:00:00+00:00;21091.95974141279
2024-06-24 19:00:00+00:00;23163.309160449877
2024-06-24 20:00:00+00:00;23108.772013245198
2024-06-24 21:00:00+00:00;21331.391370197252
2024-06-24 22:00:00+00:00;19203.972319952103
2024-06-24 23:00:00+00:00;16421.637446243407
2024-06-25 00:00:00+00:00;14079.252795325989
2024-06-25 01:00:00+00:00;12670.114204858906
2024-06-25 02:00:00+00:00;11788.86688823905
2024-06-25 03:00:00+00:00;11352.007916740804
2024-06-25 04:00:00+00:00;11204.483519045825
2024-06-25 05:00:00+00:00;11250.720307148158
2024-06-25 06:00:00+00:00;12260.0014281693
2024-06-25 07:00:00+00:00;14315.021821265875
2024-06-25 08:00:00+00:00;16565.23969393107
2024-06-25 09:00:00+00:00;18272.334842912704
2024-06-25 10:00:00+00:00;19240.131450241865
2024-06-25 11:00:00+00:00;19964.536366404973
2024-06-25 12:00:00+00:00;20126.223516835118
2024-06-25 13:00:00+00:00;19315.542128568297
2024-06-25 14:00:00+00:00;19171.86748213248
2024-06-25 15:00:00+00:00;18665.82097694362
2024-06-25 16:00:00+00:00;18691.17544500803
2024-06-25 17:00:00+00:00;19088.25935093613
2024-06-25 18:00:00+00:00;20754.31792449996
2024-06-25 19:00:00+00:00;22924.975139106635
2024-06-25 20:00:00+00:00;23009.13336893349
2024-06-25 21:00:00+00:00;21446.281733278916
2024-06-25 22:00:00+00:00;19124.319082962673
2024-06-25 23:00:00+00:00;16587.18125143856
2024-06-26 00:00:00+00:00;14220.564151521656
2024-06-26 01:00:00+00:00;12794.095806115705
2024-06-26 02:00:00+00:00;11972.882208805151
2024-06-26 03:00:00+00:00;11409.37542433157
2024-06-26 04:00:00+00:00;11279.056074731181
2024-06-26 05:00:00+00:00;11330.866305957969
2024-06-26 06:00:00+00:00;12378.433500270294
2024-06-26 07:00:00+00:00;14901.528764031036
2024-06-26 08:00:00+00:00;17582.70318233635
2024-06-26 09:00:00+00:00;19379.483738965806
2024-06-26 10:00:00+00:00;20006.37654838806
2024-06-26 11:00:00+00:00;20420.741644717884
2024-06-26 12:00:00+00:00;20659.667401977295
2024-06-26 13:00:00+00:00;20008.346427822977
2024-06-26 14:00:00+00:00;19794.085556022907
2024-06-26 15:00:00+00:00;19323.851087574887
2024-06-26 16:00:00+00:00;19416.842305761587
2024-06-26 17:00:00+00:00;19580.18451927889
2024-06-26 18:00:00+00:00;21041.686194897415
2024-06-26 19:00:00+00:00;23070.81098879393
2024-06-26 20:00:00+00:00;22918.696802095055
2024-06-26 21:00:00+00:00;21206.051030055758
2024-06-26 22:00:00+00:00;18924.732291894834
2024-06-26 23:00:00+00:00;16324.008620688199
2024-06-27 00:00:00+00:00;13950.435350513018
2024-06-27 01:00:00+00:00;12536.273374639353
2024-06-27 02:00:00+00:00;11672.90050758739
2024-06-27 03:00:00+00:00;11271.619452613408
2024-06-27 04:00:00+00:00;11171.029081838995
2024-06-27 05:00:00+00:00;11314.942863915894
2024-06-27 06:00:00+00:00;12358.0216120257
2024-06-27 07:00:00+00:00;14896.706553761547
2024-06-27 08:00:00+00:00;17684.96306065255
2024-06-27 09:00:00+00:00;19529.49106840933
2024-06-27 10:00:00+00:00;20478.973142532104
2024-06-27 11:00:00+00:00;20842.6107329746
2024-06-27 12:00:00+00:00;21082.78598225244
2024-06-27 13:00:00+00:00;20629.523979677957
2024-06-27 14:00:00+00:00;20443.159495827127
2024-06-27 15:00:00+00:00;20087.17451898947
2024-06-27 16:00:00+00:00;20157.150430597263
2024-06-27 17:00:00+00:00;20341.20657245843
2024-06-27 18:00:00+00:00;21555.70113044304
2024-06-27 19:00:00+00:00;23539.32347190867
2024-06-27 20:00:00+00:00;23262.93986460014
2024-06-27 21:00:00+00:00;21579.539949798647
2024-06-27 22:00:00+00:00;19323.90046693789
2024-06-27 23:00:00+00:00;15754.800948368722
2024-06-28 00:00:00+00:00;14195.103578447439
2024-06-28 01:00:00+00:00;12735.540174231579
2024-06-28 02:00:00+00:00;11917.606769470627
2024-06-28 03:00:00+00:00;11416.478837127484
2024-06-28 04:00:00+00:00;11351.796628229213
2024-06-28 05:00:00+00:00;11278.624687899419
2024-06-28 06:00:00+00:00;12280.775913088792
2024-06-28 07:00:00+00:00;14769.067115313248
2024-06-28 08:00:00+00:00;17689.201446370862
2024-06-28 09:00:00+00:00;19668.55092371448
2024-06-28 10:00:00+00:00;20453.13670552594
2024-06-28 11:00:00+00:00;20757.093335277725
2024-06-28 12:00:00+00:00;20674.703246413552
2024-06-28 13:00:00+00:00;19884.243139451344
2024-06-28 14:00:00+00:00;19815.46903613222
2024-06-28 15:00:00+00:00;19570.91002009361
2024-06-28 16:00:00+00:00;19653.51072310503
2024-06-28 17:00:00+00:00;19536.59367203356
2024-06-28 18:00:00+00:00;20775.825115122432
2024-06-28 19:00:00+00:00;22134.59310133357
2024-06-28 20:00:00+00:00;21872.40692729703
2024-06-28 21:00:00+00:00;20312.87424196575
2024-06-28 22:00:00+00:00;18689.206421354324
2024-06-28 23:00:00+00:00;16037.381707628008
2024-06-29 00:00:00+00:00;13791.703974416121
2024-06-29 01:00:00+00:00;12378.723555905448
2024-06-29 02:00:00+00:00;11422.030245280064
2024-06-29 03:00:00+00:00;10842.851386779155
2024-06-29 04:00:00+00:00;10691.593197007829
2024-06-29 05:00:00+00:00;10699.594421389747
2024-06-29 06:00:00+00:00;11135.117240321068
2024-06-29 07:00:00+00:00;11915.370766099297
2024-06-29 08:00:00+00:00;13620.280824937425
2024-06-29 09:00:00+00:00;15702.557730122546
2024-06-29 10:00:00+00:00;16924.553737537986
2024-06-29 11:00:00+00:00;17643.63227010463
2024-06-29 12:00:00+00:00;18516.63890775618
2024-06-29 13:00:00+00:00;17954.776163716277
2024-06-29 14:00:00+00:00;17161.56168074782
2024-06-29 15:00:00+00:00;16741.97398679025
2024-06-29 16:00:00+00:00;16617.619999319762
2024-06-29 17:00:00+00:00;17329.371540387554
2024-06-29 18:00:00+00:00;19183.03699732468
2024-06-29 19:00:00+00:00;20557.275101901963
2024-06-29 20:00:00+00:00;20228.75940870203
2024-06-29 21:00:00+00:00;18702.823120837606
2024-06-29 22:00:00+00:00;17288.26042557923
2024-06-29 23:00:00+00:00;15080.053870569753
2024-06-30 00:00:00+00:00;13091.094231464667
2024-06-30 01:00:00+00:00;11757.822961658483
2024-06-30 02:00:00+00:00;10869.70120103813
2024-06-30 03:00:00+00:00;10344.516301451313
2024-06-30 04:00:00+00:00;10104.034661078267
2024-06-30 05:00:00+00:00;10121.708891525857
2024-06-30 06:00:00+00:00;10334.606623540038
2024-06-30 07:00:00+00:00;10839.52884432656
2024-06-30 08:00:00+00:00;12127.678568060068
2024-06-30 09:00:00+00:00;14266.273051928008
2024-06-30 10:00:00+00:00;16064.30146696389
2024-06-30 11:00:00+00:00;17194.188863380903
2024-06-30 12:00:00+00:00;18294.727251393015
2024-06-30 13:00:00+00:00;17518.532527611504
2024-06-30 14:00:00+00:00;16611.260960802876
2024-06-30 15:00:00+00:00;16203.123096519004
2024-06-30 16:00:00+00:00;16282.949708363334
2024-06-30 17:00:00+00:00;17073.589847590956
2024-06-30 18:00:00+00:00;18766.100145842986
2024-06-30 19:00:00+00:00;20348.910292042277
2024-06-30 20:00:00+00:00;20456.4785408938
2024-06-30 21:00:00+00:00;19199.354923400246
2024-06-30 22:00:00+00:00;17198.96188237805
2024-06-30 23:00:00+00:00;14996.696634369368
2024-07-01 00:00:00+00:00;12473.360683170446
2024-07-01 01:00:00+00:00;11122.622930968646
2024-07-01 02:00:00+00:00;10344.795920978462
2024-07-01 03:00:00+00:00;9904.336934165214
2024-07-01 04:00:00+00:00;9838.37861960444
2024-07-01 05:00:00+00:00;9959.80824874835
2024-07-01 06:00:00+00:00;10989.570405887744
2024-07-01 07:00:00+00:00;13158.43261782332
2024-07-01 08:00:00+00:00;15835.94712258537
2024-07-01 09:00:00+00:00;17729.695645890446
2024-07-01 10:00:00+00:00;18396.485278828437
2024-07-01 11:00:00+00:00;18657.52459885097
2024-07-01 12:00:00+00:00;18807.89837548538
2024-07-01 13:00:00+00:00;18222.563680748888
2024-07-01 14:00:00+00:00;18005.415468263098
2024-07-01 15:00:00+00:00;17843.490582920374
2024-07-01 16:00:00+00:00;17883.004026430448
2024-07-01 17:00:00+00:00;18183.08975171604
2024-07-01 18:00:00+00:00;19469.501299765652
2024-07-01 19:00:00+00:00;21381.516148107577
2024-07-01 20:00:00+00:00;21331.174166072487
2024-07-01 21:00:00+00:00;19690.51511095131
2024-07-01 22:00:00+00:00;17726.743679955787
2024-07-01 23:00:00+00:00;15158.434565763142
2024-07-02 00:00:00+00:00;12996.23334953168
2024-07-02 01:00:00+00:00;11695.490035254374
2024-07-02 02:00:00+00:00;10882.030973759123
2024-07-02 03:00:00+00:00;10478.776538529974
2024-07-02 04:00:00+00:00;10342.600171426915
2024-07-02 05:00:00+00:00;10385.280283521375
2024-07-02 06:00:00+00:00;11316.924395233198
2024-07-02 07:00:00+00:00;13213.866296553113
2024-07-02 08:00:00+00:00;15290.990486705601
2024-07-02 09:00:00+00:00;16866.77062422711
2024-07-02 10:00:00+00:00;17760.121338684796
2024-07-02 11:00:00+00:00;18428.802799758432
2024-07-02 12:00:00+00:00;18578.052477078567
2024-07-02 13:00:00+00:00;17829.731195601504
2024-07-02 14:00:00+00:00;17697.108445045364
2024-07-02 15:00:00+00:00;17229.988594101804
2024-07-02 16:00:00+00:00;17253.39271846895
2024-07-02 17:00:00+00:00;17619.931708556425
2024-07-02 18:00:00+00:00;19157.831930307653
2024-07-02 19:00:00+00:00;21161.515513021506
2024-07-02 20:00:00+00:00;21239.20003286168
2024-07-02 21:00:00+00:00;19796.56775379592
2024-07-02 22:00:00+00:00;17653.217615042464
2024-07-02 23:00:00+00:00;15311.24423209713
2024-07-03 00:00:00+00:00;13126.674601404604
2024-07-03 01:00:00+00:00;11809.934590260651
2024-07-03 02:00:00+00:00;11051.891269666292
2024-07-03 03:00:00+00:00;10531.731160921448
2024-07-03 04:00:00+00:00;10411.436376674936
2024-07-03 05:00:00+00:00;10459.261205499663
2024-07-03 06:00:00+00:00;11426.24630794181
2024-07-03 07:00:00+00:00;13755.257320644032
2024-07-03 08:00:00+00:00;16230.18755292586
2024-07-03 09:00:00+00:00;17888.754220583818
2024-07-03 10:00:00+00:00;18467.424506204363
2024-07-03 11:00:00+00:00;18849.91536435497
2024-07-03 12:00:00+00:00;19070.462217209806
2024-07-03 13:00:00+00:00;18469.242856451976
2024-07-03 14:00:00+00:00;18271.46359017499
2024-07-03 15:00:00+00:00;17837.401003915278
2024-07-03 16:00:00+00:00;17923.239051472232
2024-07-03 17:00:00+00:00;18074.016479334357
2024-07-03 18:00:00+00:00;19423.094949136073
2024-07-03 19:00:00+00:00;21296.133220425167
2024-07-03 20:00:00+00:00;21155.72012501082
2024-07-03 21:00:00+00:00;19574.816335436084
2024-07-03 22:00:00+00:00;17468.98365405677
2024-07-03 23:00:00+00:00;15068.315649866028
2024-07-04 00:00:00+00:00;12877.324938935093
2024-07-04 01:00:00+00:00;11571.944653513248
2024-07-04 02:00:00+00:00;10774.98508392682
2024-07-04 03:00:00+00:00;10404.571802412376
2024-07-04 04:00:00+00:00;10311.719152466763
2024-07-04 05:00:00+00:00;10444.562643614672
2024-07-04 06:00:00+00:00;11407.404564946797
2024-07-04 07:00:00+00:00;13750.806049626042
2024-07-04 08:00:00+00:00;16324.5812867562
2024-07-04 09:00:00+00:00;18027.222524685534
2024-07-04 10:00:00+00:00;18903.66751618348
2024-07-04 11:00:00+00:00;19239.332984284247
2024-07-04 12:00:00+00:00;19461.033214386865
2024-07-04 13:00:00+00:00;19042.63751970273
2024-07-04 14:00:00+00:00;18870.608765378885
2024-07-04 15:00:00+00:00;18542.00724829797
2024-07-04 16:00:00+00:00;18606.600397474394
2024-07-04 17:00:00+00:00;18776.49837457701
2024-07-04 18:00:00+00:00;19897.57027425511
2024-07-04 19:00:00+00:00;21728.606281761848
2024-07-04 20:00:00+00:00;21473.482951938586
2024-07-04 21:00:00+00:00;19919.57533827567
2024-07-04 22:00:00+00:00;17837.446584865742
2024-07-04 23:00:00+00:00;14542.893183109589
2024-07-05 00:00:00+00:00;13103.172533951481
2024-07-05 01:00:00+00:00;11755.883237752227
2024-07-05 02:00:00+00:00;11000.867787203655
2024-07-05 03:00:00+00:00;10538.288157348446
2024-07-05 04:00:00+00:00;10478.581502980811
2024-07-05 05:00:00+00:00;10411.038173445617
2024-07-05 06:00:00+00:00;11336.100842851192
2024-07-05 07:00:00+00:00;13632.985029519921
2024-07-05 08:00:00+00:00;16328.49364280387
2024-07-05 09:00:00+00:00;18155.585468044133
2024-07-05 10:00:00+00:00;18879.818497408556
2024-07-05 11:00:00+00:00;19160.393847948668
2024-07-05 12:00:00+00:00;19084.341458227893
2024-07-05 13:00:00+00:00;18354.685974878164
2024-07-05 14:00:00+00:00;18291.202187198975
2024-07-05 15:00:00+00:00;18065.45540316333
2024-07-05 16:00:00+00:00;18141.702205943107
2024-07-05 17:00:00+00:00;18033.778774184822
2024-07-05 18:00:00+00:00;19177.684721651473
2024-07-05 19:00:00+00:00;20431.93209353868
2024-07-05 20:00:00+00:00;20189.91408673572
2024-07-05 21:00:00+00:00;18750.345454122227
2024-07-05 22:00:00+00:00;17251.575158173222
2024-07-05 23:00:00+00:00;14803.736960887392
2024-07-06 00:00:00+00:00;12730.803668691804
2024-07-06 01:00:00+00:00;11426.514051605029
2024-07-06 02:00:00+00:00;10543.412534104675
2024-07-06 03:00:00+00:00;10008.78589548845
2024-07-06 04:00:00+00:00;9869.162951084149
2024-07-06 05:00:00+00:00;9876.54869666746
2024-07-06 06:00:00+00:00;10278.56976029637
2024-07-06 07:00:00+00:00;10998.803784091659
2024-07-06 08:00:00+00:00;12572.566915326854
2024-07-06 09:00:00+00:00;14494.668673959271
2024-07-06 10:00:00+00:00;15622.664988496603
2024-07-06 11:00:00+00:00;16286.42978778889
2024-07-06 12:00:00+00:00;17092.28206869801
2024-07-06 13:00:00+00:00;16573.6395357381
2024-07-06 14:00:00+00:00;15841.441551459526
2024-07-06 15:00:00+00:00;15454.129833960229
2024-07-06 16:00:00+00:00;15339.341537833625
2024-07-06 17:00:00+00:00;15996.34296035774
2024-07-06 18:00:00+00:00;17707.418766761242
2024-07-06 19:00:00+00:00;18975.946247909505
2024-07-06 20:00:00+00:00;18672.700992648028
2024-07-06 21:00:00+00:00;17264.14441923471
2024-07-06 22:00:00+00:00;15958.394238996209
2024-07-06 23:00:00+00:00;13920.04972667977
2024-07-07 00:00:00+00:00;12084.086982890462
2024-07-07 01:00:00+00:00;10853.375041530906
2024-07-07 02:00:00+00:00;10033.570339419812
2024-07-07 03:00:00+00:00;9548.78427826275
2024-07-07 04:00:00+00:00;9326.801225610709
2024-07-07 05:00:00+00:00;9343.115899870021
2024-07-07 06:00:00+00:00;9539.636883267725
2024-07-07 07:00:00+00:00;10005.718933224516
2024-07-07 08:00:00+00:00;11194.78021667083
2024-07-07 09:00:00+00:00;13168.86743254893
2024-07-07 10:00:00+00:00;14828.585969505128
2024-07-07 11:00:00+00:00;15871.558950813142
2024-07-07 12:00:00+00:00;16887.440539747397
2024-07-07 13:00:00+00:00;16170.953102410618
2024-07-07 14:00:00+00:00;15333.47165612573
2024-07-07 15:00:00+00:00;14956.729012171389
2024-07-07 16:00:00+00:00;15030.415115412306
2024-07-07 17:00:00+00:00;15760.23678239165
2024-07-07 18:00:00+00:00;17322.55398077814
2024-07-07 19:00:00+00:00;18783.609500346716
2024-07-07 20:00:00+00:00;18882.903268517355
2024-07-07 21:00:00+00:00;17722.48146775407
2024-07-07 22:00:00+00:00;15875.964814502815
2024-07-07 23:00:00+00:00;13843.104585571724
2024-07-08 00:00:00+00:00;12473.360683170446
2024-07-08 01:00:00+00:00;11122.622930968646
2024-07-08 02:00:00+00:00;10344.795920978462
2024-07-08 03:00:00+00:00;9904.336934165214
2024-07-08 04:00:00+00:00;9838.37861960444
2024-07-08 05:00:00+00:00;9959.80824874835
2024-07-08 06:00:00+00:00;10989.570405887744
2024-07-08 07:00:00+00:00;13158.43261782332
2024-07-08 08:00:00+00:00;15835.94712258537
2024-07-08 09:00:00+00:00;17729.695645890446
2024-07-08 10:00:00+00:00;18396.485278828437
2024-07-08 11:00:00+00:00;18657.52459885097
2024-07-08 12:00:00+00:00;18807.89837548538
2024-07-08 13:00:00+00:00;18222.563680748888
2024-07-08 14:00:00+00:00;18005.415468263098
2024-07-08 15:00:00+00:00;17843.490582920374
2024-07-08 16:00:00+00:00;17883.004026430448
2024-07-08 17:00:00+00:00;18183.08975171604
2024-07-08 18:00:00+00:00;19469.501299765652
2024-07-08 19:00:00+00:00;21381.516148107577
2024-07-08 20:00:00+00:00;21331.174166072487
2024-07-08 21:00:00+00:00;19690.51511095131
2024-07-08 22:00:00+00:00;17726.743679955787
2024-07-08 23:00:00+00:00;15158.434565763142
2024-07-09 00:00:00+00:00;12996.23334953168
2024-07-09 01:00:00+00:00;11695.490035254374
2024-07-09 02:00:00+00:00;10882.030973759123
2024-07-09 03:00:00+00:00;10478.776538529974
2024-07-09 04:00:00+00:00;10342.600171426915
2024-07-09 05:00:00+00:00;10385.280283521375
2024-07-09 06:00:00+00:00;11316.924395233198
2024-07-09 07:00:00+00:00;13213.866296553113
2024-07-09 08:00:00+00:00;15290.990486705601
2024-07-09 09:00:00+00:00;16866.77062422711
2024-07-09 10:00:00+00:00;17760.121338684796
2024-07-09 11:00:00+00:00;18428.802799758432
2024-07-09 12:00:00+00:00;18578.052477078567
2024-07-09 13:00:00+00:00;17829.731195601504
2024-07-09 14:00:00+00:00;17697.108445045364
2024-07-09 15:00:00+00:00;17229.988594101804
2024-07-09 16:00:00+00:00;17253.39271846895
2024-07-09 17:00:00+00:00;17619.931708556425
2024-07-09 18:00:00+00:00;19157.831930307653
2024-07-09 19:00:00+00:00;21161.515513021506
2024-07-09 20:00:00+00:00;21239.20003286168
2024-07-09 21:00:00+00:00;19796.56775379592
2024-07-09 22:00:00+00:00;17653.217615042464
2024-07-09 23:00:00+00:00;15311.24423209713
2024-07-10 00:00:00+00:00;13126.674601404604
2024-07-10 01:00:00+00:00;11809.934590260651
2024-07-10 02:00:00+00:00;11051.891269666292
2024-07-10 03:00:00+00:00;10531.731160921448
2024-07-10 04:00:00+00:00;10411.436376674936
2024-07-10 05:00:00+00:00;10459.261205499663
2024-07-10 06:00:00+00:00;11426.24630794181
2024-07-10 07:00:00+00:00;13755.257320644032
2024-07-10 08:00:00+00:00;16230.18755292586
2024-07-10 09:00:00+00:00;17888.754220583818
2024-07-10 10:00:00+00:00;18467.424506204363
2024-07-10 11:00:00+00:00;18849.91536435497
2024-07-10 12:00:00+00:00;19070.462217209806
2024-07-10 13:00:00+00:00;18469.242856451976
2024-07-10 14:00:00+00:00;18271.46359017499
2024-07-10 15:00:00+00:00;17837.401003915278
2024-07-10 16:00:00+00:00;17923.239051472232
2024-07-10 17:00:00+00:00;18074.016479334357
2024-07-10 18:00:00+00:00;19423.094949136073
2024-07-10 19:00:00+00:00;21296.133220425167
2024-07-10 20:00:00+00:00;21155.72012501082
2024-07-10 21:00:00+00:00;19574.816335436084
2024-07-10 22:00:00+00:00;17468.98365405677
2024-07-10 23:00:00+00:00;15068.315649866028
2024-07-11 00:00:00+00:00;12877.324938935093
2024-07-11 01:00:00+00:00;11571.944653513248
2024-07-11 02:00:00+00:00;10774.98508392682
2024-07-11 03:00:00+00:00;10404.571802412376
2024-07-11 04:00:00+00:00;10311.719152466763
2024-07-11 05:00:00+00:00;10444.562643614672
2024-07-11 06:00:00+00:00;11407.404564946797
2024-07-11 07:00:00+00:00;13750.806049626042
2024-07-11 08:00:00+00:00;16324.5812867562
2024-07-11 09:00:00+00:00;18027.222524685534
2024-07-11 10:00:00+00:00;18903.66751618348
2024-07-11 11:00:00+00:00;19239.332984284247
2024-07-11 12:00:00+00:00;19461.033214386865
2024-07-11 13:00:00+00:00;19042.63751970273
2024-07-11 14:00:00+00:00;18870.608765378885
2024-07-11 15:00:00+00:00;18542.00724829797
2024-07-11 16:00:00+00:00;18606.600397474394
2024-07-11 17:00:00+00:00;18776.49837457701
2024-07-11 18:00:00+00:00;19897.57027425511
2024-07-11 19:00:00+00:00;21728.606281761848
2024-07-11 20:00:00+00:00;21473.482951938586
2024-07-11 21:00:00+00:00;19919.57533827567
2024-07-11 22:00:00+00:00;17837.446584865742
2024-07-11 23:00:00+00:00;14542.893183109589
2024-07-12 00:00:00+00:00;13103.172533951481
2024-07-12 01:00:00+00:00;11755.883237752227
2024-07-12 02:00:00+00:00;11000.867787203655
2024-07-12 03:00:00+00:00;10538.288157348446
2024-07-12 04:00:00+00:00;10478.581502980811
2024-07-12 05:00:00+00:00;10411.038173445617
2024-07-12 06:00:00+00:00;11336.100842851192
2024-07-12 07:00:00+00:00;13632.985029519921
2024-07-12 08:00:00+00:00;16328.49364280387
2024-07-12 09:00:00+00:00;18155.585468044133
2024-07-12 10:00:00+00:00;18879.818497408556
2024-07-12 11:00:00+00:00;19160.393847948668
2024-07-12 12:00:00+00:00;19084.341458227893
2024-07-12 13:00:00+00:00;18354.685974878164
2024-07-12 14:00:00+00:00;18291.202187198975
2024-07-12 15:00:00+00:00;18065.45540316333
2024-07-12 16:00:00+00:00;18141.702205943107
2024-07-12 17:00:00+00:00;18033.778774184822
2024-07-12 18:00:00+00:00;19177.684721651473
2024-07-12 19:00:00+00:00;20431.93209353868
2024-07-12 20:00:00+00:00;20189.91408673572
2024-07-12 21:00:00+00:00;18750.345454122227
2024-07-12 22:00:00+00:00;17251.575158173222
2024-07-12 23:00:00+00:00;14803.736960887392
2024-07-13 00:00:00+00:00;12730.803668691804
2024-07-13 01:00:00+00:00;11426.514051605029
2024-07-13 02:00:00+00:00;10543.412534104675
2024-07-13 03:00:00+00:00;10008.78589548845
2024-07-13 04:00:00+00:00;9869.162951084149
2024-07-13 05:00:00+00:00;9876.54869666746
2024-07-13 06:00:00+00:00;10278.56976029637
2024-07-13 07:00:00+00:00;10998.803784091659
2024-07-13 08:00:00+00:00;12572.566915326854
2024-07-13 09:00:00+00:00;14494.668673959271
2024-07-13 10:00:00+00:00;15622.664988496603
2024-07-13 11:00:00+00:00;16286.42978778889
2024-07-13 12:00:00+00:00;17092.28206869801
2024-07-13 13:00:00+00:00;16573.6395357381
2024-07-13 14:00:00+00:00;15841.441551459526
2024-07-13 15:00:00+00:00;15454.129833960229
2024-07-13 16:00:00+00:00;15339.341537833625
2024-07-13 17:00:00+00:00;15996.34296035774
2024-07-13 18:00:00+00:00;17707.418766761242
2024-07-13 19:00:00+00:00;18975.946247909505
2024-07-13 20:00:00+00:00;18672.700992648028
2024-07-13 21:00:00+00:00;17264.14441923471
2024-07-13 22:00:00+00:00;15958.394238996209
2024-07-13 23:00:00+00:00;13920.04972667977
2024-07-14 00:00:00+00:00;12084.086982890462
2024-07-14 01:00:00+00:00;10853.375041530906
2024-07-14 02:00:00+00:00;10033.570339419812
2024-07-14 03:00:00+00:00;9548.78427826275
2024-07-14 04:00:00+00:00;9326.801225610709
2024-07-14 05:00:00+00:00;9343.115899870021
2024-07-14 06:00:00+00:00;9539.636883267725
2024-07-14 07:00:00+00:00;10005.718933224516
2024-07-14 08:00:00+00:00;11194.78021667083
2024-07-14 09:00:00+00:00;13168.86743254893
2024-07-14 10:00:00+00:00;14828.585969505128
2024-07-14 11:00:00+00:00;15871.558950813142
2024-07-14 12:00:00+00:00;16887.440539747397
2024-07-14 13:00:00+00:00;16170.953102410618
2024-07-14 14:00:00+00:00;15333.47165612573
2024-07-14 15:00:00+00:00;14956.729012171389
2024-07-14 16:00:00+00:00;15030.415115412306
2024-07-14 17:00:00+00:00;15760.23678239165
2024-07-14 18:00:00+00:00;17322.55398077814
2024-07-14 19:00:00+00:00;18783.609500346716
2024-07-14 20:00:00+00:00;18882.903268517355
2024-07-14 21:00:00+00:00;17722.48146775407
2024-07-14 22:00:00+00:00;15875.964814502815
2024-07-14 23:00:00+00:00;13843.104585571724
2024-07-15 00:00:00+00:00;12473.360683170446
2024-07-15 01:00:00+00:00;11122.622930968646
2024-07-15 02:00:00+00:00;10344.795920978462
2024-07-15 03:00:00+00:00;9904.336934165214
2024-07-15 04:00:00+00:00;9838.37861960444
2024-07-15 05:00:00+00:00;9959.80824874835
2024-07-15 06:00:00+00:00;10989.570405887744
2024-07-15 07:00:00+00:00;13158.43261782332
2024-07-15 08:00:00+00:00;15835.94712258537
2024-07-15 09:00:00+00:00;17729.695645890446
2024-07-15 10:00:00+00:00;18396.485278828437
2024-07-15 11:00:00+00:00;18657.52459885097
2024-07-15 12:00:00+00:00;18807.89837548538
2024-07-15 13:00:00+00:00;18222.563680748888
2024-07-15 14:00:00+00:00;18005.415468263098
2024-07-15 15:00:00+00:00;17843.490582920374
2024-07-15 16:00:00+00:00;17883.004026430448
2024-07-15 17:00:00+00:00;18183.08975171604
2024-07-15 18:00:00+00:00;19469.501299765652
2024-07-15 19:00:00+00:00;21381.516148107577
2024-07-15 20:00:00+00:00;21331.174166072487
2024-07-15 21:00:00+00:00;19690.51511095131
2024-07-15 22:00:00+00:00;17726.743679955787
2024-07-15 23:00:00+00:00;15158.434565763142
2024-07-16 00:00:00+00:00;12996.23334953168
2024-07-16 01:00:00+00:00;11695.490035254374
2024-07-16 02:00:00+00:00;10882.030973759123
2024-07-16 03:00:00+00:00;10478.776538529974
2024-07-16 04:00:00+00:00;10342.600171426915
2024-07-16 05:00:00+00:00;10385.280283521375
2024-07-16 06:00:00+00:00;11316.924395233198
2024-07-16 07:00:00+00:00;13213.866296553113
2024-07-16 08:00:00+00:00;15290.990486705601
2024-07-16 09:00:00+00:00;16866.77062422711
2024-07-16 10:00:00+00:00;17760.121338684796
2024-07-16 11:00:00+00:00;18428.802799758432
2024-07-16 12:00:00+00:00;18578.052477078567
2024-07-16 13:00:00+00:00;17829.731195601504
2024-07-16 14:00:00+00:00;17697.108445045364
2024-07-16 15:00:00+00:00;17229.988594101804
2024-07-16 16:00:00+00:00;17253.39271846895
2024-07-16 17:00:00+00:00;17619.931708556425
2024-07-16 18:00:00+00:00;19157.831930307653
2024-07-16 19:00:00+00:00;21161.515513021506
2024-07-16 20:00:00+00:00;21239.20003286168
2024-07-16 21:00:00+00:00;19796.56775379592
2024-07-16 22:00:00+00:00;17653.217615042464
2024-07-16 23:00:00+00:00;15311.24423209713
2024-07-17 00:00:00+00:00;13126.674601404604
2024-07-17 01:00:00+00:00;11809.934590260651
2024-07-17 02:00:00+00:00;11051.891269666292
2024-07-17 03:00:00+00:00;10531.731160921448
2024-07-17 04:00:00+00:00;10411.436376674936
2024-07-17 05:00:00+00:00;10459.261205499663
2024-07-17 06:00:00+00:00;11426.24630794181
2024-07-17 07:00:00+00:00;13755.257320644032
2024-07-17 08:00:00+00:00;16230.18755292586
2024-07-17 09:00:00+00:00;17888.754220583818
2024-07-17 10:00:00+00:00;18467.424506204363
2024-07-17 11:00:00+00:00;18849.91536435497
2024-07-17 12:00:00+00:00;19070.462217209806
2024-07-17 13:00:00+00:00;18469.242856451976
2024-07-17 14:00:00+00:00;18271.46359017499
2024-07-17 15:00:00+00:00;17837.401003915278
2024-07-17 16:00:00+00:00;17923.239051472232
2024-07-17 17:00:00+00:00;18074.016479334357
2024-07-17 18:00:00+00:00;19423.094949136073
2024-07-17 19:00:00+00:00;21296.133220425167
2024-07-17 20:00:00+00:00;21155.72012501082
2024-07-17 21:00:00+00:00;19574.816335436084
2024-07-17 22:00:00+00:00;17468.98365405677
2024-07-17 23:00:00+00:00;15068.315649866028
2024-07-18 00:00:00+00:00;12877.324938935093
2024-07-18 01:00:00+00:00;11571.944653513248
2024-07-18 02:00:00+00:00;10774.98508392682
2024-07-18 03:00:00+00:00;10404.571802412376
2024-07-18 04:00:00+00:00;10311.719152466763
2024-07-18 05:00:00+00:00;10444.562643614672
2024-07-18 06:00:00+00:00;11407.404564946797
2024-07-18 07:00:00+00:00;13750.806049626042
2024-07-18 08:00:00+00:00;16324.5812867562
2024-07-18 09:00:00+00:00;18027.222524685534
2024-07-18 10:00:00+00:00;18903.66751618348
2024-07-18 11:00:00+00:00;19239.332984284247
2024-07-18 12:00:00+00:00;19461.033214386865
2024-07-18 13:00:00+00:00;19042.63751970273
2024-07-18 14:00:00+00:00;18870.608765378885
2024-07-18 15:00:00+00:00;18542.00724829797
2024-07-18 16:00:00+00:00;18606.600397474394
2024-07-18 17:00:00+00:00;18776.49837457701
2024-07-18 18:00:00+00:00;19897.57027425511
2024-07-18 19:00:00+00:00;21728.606281761848
2024-07-18 20:00:00+00:00;21473.482951938586
2024-07-18 21:00:00+00:00;19919.57533827567
2024-07-18 22:00:00+00:00;17837.446584865742
2024-07-18 23:00:00+00:00;14542.893183109589
2024-07-19 00:00:00+00:00;13103.172533951481
2024-07-19 01:00:00+00:00;11755.883237752227
2024-07-19 02:00:00+00:00;11000.867787203655
2024-07-19 03:00:00+00:00;10538.288157348446
2024-07-19 04:00:00+00:00;10478.581502980811
2024-07-19 05:00:00+00:00;10411.038173445617
2024-07-19 06:00:00+00:00;11336.100842851192
2024-07-19 07:00:00+00:00;13632.985029519921
2024-07-19 08:00:00+00:00;16328.49364280387
2024-07-19 09:00:00+00:00;18155.585468044133
2024-07-19 10:00:00+00:00;18879.818497408556
2024-07-19 11:00:00+00:00;19160.393847948668
2024-07-19 12:00:00+00:00;19084.341458227893
2024-07-19 13:00:00+00:00;18354.685974878164
2024-07-19 14:00:00+00:00;18291.202187198975
2024-07-19 15:00:00+00:00;18065.45540316333
2024-07-19 16:00:00+00:00;18141.702205943107
2024-07-19 17:00:00+00:00;18033.778774184822
2024-07-19 18:00:00+00:00;19177.684721651473
2024-07-19 19:00:00+00:00;20431.93209353868
2024-07-19 20:00:00+00:00;20189.91408673572
2024-07-19 21:00:00+00:00;18750.345454122227
2024-07-19 22:00:00+00:00;17251.575158173222
2024-07-19 23:00:00+00:00;14803.736960887392
2024-07-20 00:00:00+00:00;12730.803668691804
2024-07-20 01:00:00+00:00;11426.514051605029
2024-07-20 02:00:00+00:00;10543.412534104675
2024-07-20 03:00:00+00:00;10008.78589548845
2024-07-20 04:00:00+00:00;9869.162951084149
2024-07-20 05:00:00+00:00;9876.54869666746
2024-07-20 06:00:00+00:00;10278.56976029637
2024-07-20 07:00:00+00:00;10998.803784091659
2024-07-20 08:00:00+00:00;12572.566915326854
2024-07-20 09:00:00+00:00;14494.668673959271
2024-07-20 10:00:00+00:00;15622.664988496603
2024-07-20 11:00:00+00:00;16286.42978778889
2024-07-20 12:00:00+00:00;17092.28206869801
2024-07-20 13:00:00+00:00;16573.6395357381
2024-07-20 14:00:00+00:00;15841.441551459526
2024-07-20 15:00:00+00:00;15454.129833960229
2024-07-20 16:00:00+00:00;15339.341537833625
2024-07-20 17:00:00+00:00;15996.34296035774
2024-07-20 18:00:00+00:00;17707.418766761242
2024-07-20 19:00:00+00:00;18975.946247909505
2024-07-20 20:00:00+00:00;18672.700992648028
2024-07-20 21:00:00+00:00;17264.14441923471
2024-07-20 22:00:00+00:00;15958.394238996209
2024-07-20 23:00:00+00:00;13920.04972667977
2024-07-21 00:00:00+00:00;12084.086982890462
2024-07-21 01:00:00+00:00;10853.375041530906
2024-07-21 02:00:00+00:00;10033.570339419812
2024-07-21 03:00:00+00:00;9548.78427826275
2024-07-21 04:00:00+00:00;9326.801225610709
2024-07-21 05:00:00+00:00;9343.115899870021
2024-07-21 06:00:00+00:00;9539.636883267725
2024-07-21 07:00:00+00:00;10005.718933224516
2024-07-21 08:00:00+00:00;11194.78021667083
2024-07-21 09:00:00+00:00;13168.86743254893
2024-07-21 10:00:00+00:00;14828.585969505128
2024-07-21 11:00:00+00:00;15871.558950813142
2024-07-21 12:00:00+00:00;16887.440539747397
2024-07-21 13:00:00+00:00;16170.953102410618
2024-07-21 14:00:00+00:00;15333.47165612573
2024-07-21 15:00:00+00:00;14956.729012171389
2024-07-21 16:00:00+00:00;15030.415115412306
2024-07-21 17:00:00+00:00;15760.23678239165
2024-07-21 18:00:00+00:00;17322.55398077814
2024-07-21 19:00:00+00:00;18783.609500346716
2024-07-21 20:00:00+00:00;18882.903268517355
2024-07-21 21:00:00+00:00;17722.48146775407
2024-07-21 22:00:00+00:00;15875.964814502815
2024-07-21 23:00:00+00:00;13843.104585571724
2024-07-22 00:00:00+00:00;12473.360683170446
2024-07-22 01:00:00+00:00;11122.622930968646
2024-07-22 02:00:00+00:00;10344.795920978462
2024-07-22 03:00:00+00:00;9904.336934165214
2024-07-22 04:00:00+00:00;9838.37861960444
2024-07-22 05:00:00+00:00;9959.80824874835
2024-07-22 06:00:00+00:00;10989.570405887744
2024-07-22 07:00:00+00:00;13158.43261782332
2024-07-22 08:00:00+00:00;15835.94712258537
2024-07-22 09:00:00+00:00;17729.695645890446
2024-07-22 10:00:00+00:00;18396.485278828437
2024-07-22 11:00:00+00:00;18657.52459885097
2024-07-22 12:00:00+00:00;18807.89837548538
2024-07-22 13:00:00+00:00;18222.563680748888
2024-07-22 14:00:00+00:00;18005.415468263098
2024-07-22 15:00:00+00:00;17843.490582920374
2024-07-22 16:00:00+00:00;17883.004026430448
2024-07-22 17:00:00+00:00;18183.08975171604
2024-07-22 18:00:00+00:00;19469.501299765652
2024-07-22 19:00:00+00:00;21381.516148107577
2024-07-22 20:00:00+00:00;21331.174166072487
2024-07-22 21:00:00+00:00;19690.51511095131
2024-07-22 22:00:00+00:00;17726.743679955787
2024-07-22 23:00:00+00:00;15158.434565763142
2024-07-23 00:00:00+00:00;12996.23334953168
2024-07-23 01:00:00+00:00;11695.490035254374
2024-07-23 02:00:00+00:00;10882.030973759123
2024-07-23 03:00:00+00:00;10478.776538529974
2024-07-23 04:00:00+00:00;10342.600171426915
2024-07-23 05:00:00+00:00;10385.280283521375
2024-07-23 06:00:00+00:00;11316.924395233198
2024-07-23 07:00:00+00:00;13213.866296553113
2024-07-23 08:00:00+00:00;15290.990486705601
2024-07-23 09:00:00+00:00;16866.77062422711
2024-07-23 10:00:00+00:00;17760.121338684796
2024-07-23 11:00:00+00:00;18428.802799758432
2024-07-23 12:00:00+00:00;18578.052477078567
2024-07-23 13:00:00+00:00;17829.731195601504
2024-07-23 14:00:00+00:00;17697.108445045364
2024-07-23 15:00:00+00:00;17229.988594101804
2024-07-23 16:00:00+00:00;17253.39271846895
2024-07-23 17:00:00+00:00;17619.931708556425
2024-07-23 18:00:00+00:00;19157.831930307653
2024-07-23 19:00:00+00:00;21161.515513021506
2024-07-23 20:00:00+00:00;21239.20003286168
2024-07-23 21:00:00+00:00;19796.56775379592
2024-07-23 22:00:00+00:00;17653.217615042464
2024-07-23 23:00:00+00:00;15311.24423209713
2024-07-24 00:00:00+00:00;13126.674601404604
2024-07-24 01:00:00+00:00;11809.934590260651
2024-07-24 02:00:00+00:00;11051.891269666292
2024-07-24 03:00:00+00:00;10531.731160921448
2024-07-24 04:00:00+00:00;10411.436376674936
2024-07-24 05:00:00+00:00;10459.261205499663
2024-07-24 06:00:00+00:00;11426.24630794181
2024-07-24 07:00:00+00:00;13755.257320644032
2024-07-24 08:00:00+00:00;16230.18755292586
2024-07-24 09:00:00+00:00;17888.754220583818
2024-07-24 10:00:00+00:00;18467.424506204363
2024-07-24 11:00:00+00:00;18849.91536435497
2024-07-24 12:00:00+00:00;19070.462217209806
2024-07-24 13:00:00+00:00;18469.242856451976
2024-07-24 14:00:00+00:00;18271.46359017499
2024-07-24 15:00:00+00:00;17837.401003915278
2024-07-24 16:00:00+00:00;17923.239051472232
2024-07-24 17:00:00+00:00;18074.016479334357
2024-07-24 18:00:00+00:00;19423.094949136073
2024-07-24 19:00:00+00:00;21296.133220425167
2024-07-24 20:00:00+00:00;21155.72012501082
2024-07-24 21:00:00+00:00;19574.816335436084
2024-07-24 22:00:00+00:00;17468.98365405677
2024-07-24 23:00:00+00:00;15068.315649866028
2024-07-25 00:00:00+00:00;12877.324938935093
2024-07-25 01:00:00+00:00;11571.944653513248
2024-07-25 02:00:00+00:00;10774.98508392682
2024-07-25 03:00:00+00:00;10404.571802412376
2024-07-25 04:00:00+00:00;10311.719152466763
2024-07-25 05:00:00+00:00;10444.562643614672
2024-07-25 06:00:00+00:00;11407.404564946797
2024-07-25 07:00:00+00:00;13750.806049626042
2024-07-25 08:00:00+00:00;16324.5812867562
2024-07-25 09:00:00+00:00;18027.222524685534
2024-07-25 10:00:00+00:00;18903.66751618348
2024-07-25 11:00:00+00:00;19239.332984284247
2024-07-25 12:00:00+00:00;19461.033214386865
2024-07-25 13:00:00+00:00;19042.63751970273
2024-07-25 14:00:00+00:00;18870.608765378885
2024-07-25 15:00:00+00:00;18542.00724829797
2024-07-25 16:00:00+00:00;18606.600397474394
2024-07-25 17:00:00+00:00;18776.49837457701
2024-07-25 18:00:00+00:00;19897.57027425511
2024-07-25 19:00:00+00:00;21728.606281761848
2024-07-25 20:00:00+00:00;21473.482951938586
2024-07-25 21:00:00+00:00;19919.57533827567
2024-07-25 22:00:00+00:00;17837.446584865742
2024-07-25 23:00:00+00:00;14542.893183109589
2024-07-26 00:00:00+00:00;13103.172533951481
2024-07-26 01:00:00+00:00;11755.883237752227
2024-07-26 02:00:00+00:00;11000.867787203655
2024-07-26 03:00:00+00:00;10538.288157348446
2024-07-26 04:00:00+00:00;10478.581502980811
2024-07-26 05:00:00+00:00;10411.038173445617
2024-07-26 06:00:00+00:00;11336.100842851192
2024-07-26 07:00:00+00:00;13632.985029519921
2024-07-26 08:00:00+00:00;16328.49364280387
2024-07-26 09:00:00+00:00;18155.585468044133
2024-07-26 10:00:00+00:00;18879.818497408556
2024-07-26 11:00:00+00:00;19160.393847948668
2024-07-26 12:00:00+00:00;19084.341458227893
2024-07-26 13:00:00+00:00;18354.685974878164
2024-07-26 14:00:00+00:00;18291.202187198975
2024-07-26 15:00:00+00:00;18065.45540316333
2024-07-26 16:00:00+00:00;18141.702205943107
2024-07-26 17:00:00+00:00;18033.778774184822
2024-07-26 18:00:00+00:00;19177.684721651473
2024-07-26 19:00:00+00:00;20431.93209353868
2024-07-26 20:00:00+00:00;20189.91408673572
2024-07-26 21:00:00+00:00;18750.345454122227
2024-07-26 22:00:00+00:00;17251.575158173222
2024-07-26 23:00:00+00:00;14803.736960887392
2024-07-27 00:00:00+00:00;12730.803668691804
2024-07-27 01:00:00+00:00;11426.514051605029
2024-07-27 02:00:00+00:00;10543.412534104675
2024-07-27 03:00:00+00:00;10008.78589548845
2024-07-27 04:00:00+00:00;9869.162951084149
2024-07-27 05:00:00+00:00;9876.54869666746
2024-07-27 06:00:00+00:00;10278.56976029637
2024-07-27 07:00:00+00:00;10998.803784091659
2024-07-27 08:00:00+00:00;12572.566915326854
2024-07-27 09:00:00+00:00;14494.668673959271
2024-07-27 10:00:00+00:00;15622.664988496603
2024-07-27 11:00:00+00:00;16286.42978778889
2024-07-27 12:00:00+00:00;17092.28206869801
2024-07-27 13:00:00+00:00;16573.6395357381
2024-07-27 14:00:00+00:00;15841.441551459526
2024-07-27 15:00:00+00:00;15454.129833960229
2024-07-27 16:00:00+00:00;15339.341537833625
2024-07-27 17:00:00+00:00;15996.34296035774
2024-07-27 18:00:00+00:00;17707.418766761242
2024-07-27 19:00:00+00:00;18975.946247909505
2024-07-27 20:00:00+00:00;18672.700992648028
2024-07-27 21:00:00+00:00;17264.14441923471
2024-07-27 22:00:00+00:00;15958.394238996209
2024-07-27 23:00:00+00:00;13920.04972667977
2024-07-28 00:00:00+00:00;12084.086982890462
2024-07-28 01:00:00+00:00;10853.375041530906
2024-07-28 02:00:00+00:00;10033.570339419812
2024-07-28 03:00:00+00:00;9548.78427826275
2024-07-28 04:00:00+00:00;9326.801225610709
2024-07-28 05:00:00+00:00;9343.115899870021
2024-07-28 06:00:00+00:00;9539.636883267725
2024-07-28 07:00:00+00:00;10005.718933224516
2024-07-28 08:00:00+00:00;11194.78021667083
2024-07-28 09:00:00+00:00;13168.86743254893
2024-07-28 10:00:00+00:00;14828.585969505128
2024-07-28 11:00:00+00:00;15871.558950813142
2024-07-28 12:00:00+00:00;16887.440539747397
2024-07-28 13:00:00+00:00;16170.953102410618
2024-07-28 14:00:00+00:00;15333.47165612573
2024-07-28 15:00:00+00:00;14956.729012171389
2024-07-28 16:00:00+00:00;15030.415115412306
2024-07-28 17:00:00+00:00;15760.23678239165
2024-07-28 18:00:00+00:00;17322.55398077814
2024-07-28 19:00:00+00:00;18783.609500346716
2024-07-28 20:00:00+00:00;18882.903268517355
2024-07-28 21:00:00+00:00;17722.48146775407
2024-07-28 22:00:00+00:00;15875.964814502815
2024-07-28 23:00:00+00:00;13843.104585571724
2024-07-29 00:00:00+00:00;12473.360683170446
2024-07-29 01:00:00+00:00;11122.622930968646
2024-07-29 02:00:00+00:00;10344.795920978462
2024-07-29 03:00:00+00:00;9904.336934165214
2024-07-29 04:00:00+00:00;9838.37861960444
2024-07-29 05:00:00+00:00;9959.80824874835
2024-07-29 06:00:00+00:00;10989.570405887744
2024-07-29 07:00:00+00:00;13158.43261782332
2024-07-29 08:00:00+00:00;15835.94712258537
2024-07-29 09:00:00+00:00;17729.695645890446
2024-07-29 10:00:00+00:00;18396.485278828437
2024-07-29 11:00:00+00:00;18657.52459885097
2024-07-29 12:00:00+00:00;18807.89837548538
2024-07-29 13:00:00+00:00;18222.563680748888
2024-07-29 14:00:00+00:00;18005.415468263098
2024-07-29 15:00:00+00:00;17843.490582920374
2024-07-29 16:00:00+00:00;17883.004026430448
2024-07-29 17:00:00+00:00;18183.08975171604
2024-07-29 18:00:00+00:00;19469.501299765652
2024-07-29 19:00:00+00:00;21381.516148107577
2024-07-29 20:00:00+00:00;21331.174166072487
2024-07-29 21:00:00+00:00;19690.51511095131
2024-07-29 22:00:00+00:00;17726.743679955787
2024-07-29 23:00:00+00:00;15158.434565763142
2024-07-30 00:00:00+00:00;12996.23334953168
2024-07-30 01:00:00+00:00;11695.490035254374
2024-07-30 02:00:00+00:00;10882.030973759123
2024-07-30 03:00:00+00:00;10478.776538529974
2024-07-30 04:00:00+00:00;10342.600171426915
2024-07-30 05:00:00+00:00;10385.280283521375
2024-07-30 06:00:00+00:00;11316.924395233198
2024-07-30 07:00:00+00:00;13213.866296553113
2024-07-30 08:00:00+00:00;15290.990486705601
2024-07-30 09:00:00+00:00;16866.77062422711
2024-07-30 10:00:00+00:00;17760.121338684796
2024-07-30 11:00:00+00:00;18428.802799758432
2024-07-30 12:00:00+00:00;18578.052477078567
2024-07-30 13:00:00+00:00;17829.731195601504
2024-07-30 14:00:00+00:00;17697.108445045364
2024-07-30 15:00:00+00:00;17229.988594101804
2024-07-30 16:00:00+00:00;17253.39271846895
2024-07-30 17:00:00+00:00;17619.931708556425
2024-07-30 18:00:00+00:00;19157.831930307653
2024-07-30 19:00:00+00:00;21161.515513021506
2024-07-30 20:00:00+00:00;21239.20003286168
2024-07-30 21:00:00+00:00;19796.56775379592
2024-07-30 22:00:00+00:00;17653.217615042464
2024-07-30 23:00:00+00:00;15311.24423209713
2024-07-31 00:00:00+00:00;13126.674601404604
2024-07-31 01:00:00+00:00;11809.934590260651
2024-07-31 02:00:00+00:00;11051.891269666292
2024-07-31 03:00:00+00:00;10531.731160921448
2024-07-31 04:00:00+00:00;10411.436376674936
2024-07-31 05:00:00+00:00;10459.261205499663
2024-07-31 06:00:00+00:00;11426.24630794181
2024-07-31 07:00:00+00:00;13755.257320644032
2024-07-31 08:00:00+00:00;16230.18755292586
2024-07-31 09:00:00+00:00;17888.754220583818
2024-07-31 10:00:00+00:00;18467.424506204363
2024-07-31 11:00:00+00:00;18849.91536435497
2024-07-31 12:00:00+00:00;19070.462217209806
2024-07-31 13:00:00+00:00;18469.242856451976
2024-07-31 14:00:00+00:00;18271.46359017499
2024-07-31 15:00:00+00:00;17837.401003915278
2024-07-31 16:00:00+00:00;17923.239051472232
2024-07-31 17:00:00+00:00;18074.016479334357
2024-07-31 18:00:00+00:00;19423.094949136073
2024-07-31 19:00:00+00:00;21296.133220425167
2024-07-31 20:00:00+00:00;21155.72012501082
2024-07-31 21:00:00+00:00;19574.816335436084
2024-07-31 22:00:00+00:00;17468.98365405677
2024-07-31 23:00:00+00:00;15068.315649866028
2024-08-01 00:00:00+00:00;12877.324938935093
2024-08-01 01:00:00+00:00;11571.944653513248
2024-08-01 02:00:00+00:00;10774.98508392682
2024-08-01 03:00:00+00:00;10404.571802412376
2024-08-01 04:00:00+00:00;10311.719152466763
2024-08-01 05:00:00+00:00;10444.562643614672
2024-08-01 06:00:00+00:00;11407.404564946797
2024-08-01 07:00:00+00:00;13750.806049626042
2024-08-01 08:00:00+00:00;16324.5812867562
2024-08-01 09:00:00+00:00;18027.222524685534
2024-08-01 10:00:00+00:00;18903.66751618348
2024-08-01 11:00:00+00:00;19239.332984284247
2024-08-01 12:00:00+00:00;19461.033214386865
2024-08-01 13:00:00+00:00;19042.63751970273
2024-08-01 14:00:00+00:00;18870.608765378885
2024-08-01 15:00:00+00:00;18542.00724829797
2024-08-01 16:00:00+00:00;18606.600397474394
2024-08-01 17:00:00+00:00;18776.49837457701
2024-08-01 18:00:00+00:00;19897.57027425511
2024-08-01 19:00:00+00:00;21728.606281761848
2024-08-01 20:00:00+00:00;21473.482951938586
2024-08-01 21:00:00+00:00;19919.57533827567
2024-08-01 22:00:00+00:00;17837.446584865742
2024-08-01 23:00:00+00:00;14542.893183109589
2024-08-02 00:00:00+00:00;13103.172533951481
2024-08-02 01:00:00+00:00;11755.883237752227
2024-08-02 02:00:00+00:00;11000.867787203655
2024-08-02 03:00:00+00:00;10538.288157348446
2024-08-02 04:00:00+00:00;10478.581502980811
2024-08-02 05:00:00+00:00;10411.038173445617
2024-08-02 06:00:00+00:00;11336.100842851192
2024-08-02 07:00:00+00:00;13632.985029519921
2024-08-02 08:00:00+00:00;16328.49364280387
2024-08-02 09:00:00+00:00;18155.585468044133
2024-08-02 10:00:00+00:00;18879.818497408556
2024-08-02 11:00:00+00:00;19160.393847948668
2024-08-02 12:00:00+00:00;19084.341458227893
2024-08-02 13:00:00+00:00;18354.685974878164
2024-08-02 14:00:00+00:00;18291.202187198975
2024-08-02 15:00:00+00:00;18065.45540316333
2024-08-02 16:00:00+00:00;18141.702205943107
2024-08-02 17:00:00+00:00;18033.778774184822
2024-08-02 18:00:00+00:00;19177.684721651473
2024-08-02 19:00:00+00:00;20431.93209353868
2024-08-02 20:00:00+00:00;20189.91408673572
2024-08-02 21:00:00+00:00;18750.345454122227
2024-08-02 22:00:00+00:00;17251.575158173222
2024-08-02 23:00:00+00:00;14803.736960887392
2024-08-03 00:00:00+00:00;12730.803668691804
2024-08-03 01:00:00+00:00;11426.514051605029
2024-08-03 02:00:00+00:00;10543.412534104675
2024-08-03 03:00:00+00:00;10008.78589548845
2024-08-03 04:00:00+00:00;9869.162951084149
2024-08-03 05:00:00+00:00;9876.54869666746
2024-08-03 06:00:00+00:00;10278.56976029637
2024-08-03 07:00:00+00:00;10998.803784091659
2024-08-03 08:00:00+00:00;12572.566915326854
2024-08-03 09:00:00+00:00;14494.668673959271
2024-08-03 10:00:00+00:00;15622.664988496603
2024-08-03 11:00:00+00:00;16286.42978778889
2024-08-03 12:00:00+00:00;17092.28206869801
2024-08-03 13:00:00+00:00;16573.6395357381
2024-08-03 14:00:00+00:00;15841.441551459526
2024-08-03 15:00:00+00:00;15454.129833960229
2024-08-03 16:00:00+00:00;15339.341537833625
2024-08-03 17:00:00+00:00;15996.34296035774
2024-08-03 18:00:00+00:00;17707.418766761242
2024-08-03 19:00:00+00:00;18975.946247909505
2024-08-03 20:00:00+00:00;18672.700992648028
2024-08-03 21:00:00+00:00;17264.14441923471
2024-08-03 22:00:00+00:00;15958.394238996209
2024-08-03 23:00:00+00:00;13920.04972667977
2024-08-04 00:00:00+00:00;12084.086982890462
2024-08-04 01:00:00+00:00;10853.375041530906
2024-08-04 02:00:00+00:00;10033.570339419812
2024-08-04 03:00:00+00:00;9548.78427826275
2024-08-04 04:00:00+00:00;9326.801225610709
2024-08-04 05:00:00+00:00;9343.115899870021
2024-08-04 06:00:00+00:00;9539.636883267725
2024-08-04 07:00:00+00:00;10005.718933224516
2024-08-04 08:00:00+00:00;11194.78021667083
2024-08-04 09:00:00+00:00;13168.86743254893
2024-08-04 10:00:00+00:00;14828.585969505128
2024-08-04 11:00:00+00:00;15871.558950813142
2024-08-04 12:00:00+00:00;16887.440539747397
2024-08-04 13:00:00+00:00;16170.953102410618
2024-08-04 14:00:00+00:00;15333.47165612573
2024-08-04 15:00:00+00:00;14956.729012171389
2024-08-04 16:00:00+00:00;15030.415115412306
2024-08-04 17:00:00+00:00;15760.23678239165
2024-08-04 18:00:00+00:00;17322.55398077814
2024-08-04 19:00:00+00:00;18783.609500346716
2024-08-04 20:00:00+00:00;18882.903268517355
2024-08-04 21:00:00+00:00;17722.48146775407
2024-08-04 22:00:00+00:00;15875.964814502815
2024-08-04 23:00:00+00:00;13843.104585571724
2024-08-05 00:00:00+00:00;12473.360683170446
2024-08-05 01:00:00+00:00;11122.622930968646
2024-08-05 02:00:00+00:00;10344.795920978462
2024-08-05 03:00:00+00:00;9904.336934165214
2024-08-05 04:00:00+00:00;9838.37861960444
2024-08-05 05:00:00+00:00;9959.80824874835
2024-08-05 06:00:00+00:00;10989.570405887744
2024-08-05 07:00:00+00:00;13158.43261782332
2024-08-05 08:00:00+00:00;15835.94712258537
2024-08-05 09:00:00+00:00;17729.695645890446
2024-08-05 10:00:00+00:00;18396.485278828437
2024-08-05 11:00:00+00:00;18657.52459885097
2024-08-05 12:00:00+00:00;18807.89837548538
2024-08-05 13:00:00+00:00;18222.563680748888
2024-08-05 14:00:00+00:00;18005.415468263098
2024-08-05 15:00:00+00:00;17843.490582920374
2024-08-05 16:00:00+00:00;17883.004026430448
2024-08-05 17:00:00+00:00;18183.08975171604
2024-08-05 18:00:00+00:00;19469.501299765652
2024-08-05 19:00:00+00:00;21381.516148107577
2024-08-05 20:00:00+00:00;21331.174166072487
2024-08-05 21:00:00+00:00;19690.51511095131
2024-08-05 22:00:00+00:00;17726.743679955787
2024-08-05 23:00:00+00:00;15158.434565763142
2024-08-06 00:00:00+00:00;12996.23334953168
2024-08-06 01:00:00+00:00;11695.490035254374
2024-08-06 02:00:00+00:00;10882.030973759123
2024-08-06 03:00:00+00:00;10478.776538529974
2024-08-06 04:00:00+00:00;10342.600171426915
2024-08-06 05:00:00+00:00;10385.280283521375
2024-08-06 06:00:00+00:00;11316.924395233198
2024-08-06 07:00:00+00:00;13213.866296553113
2024-08-06 08:00:00+00:00;15290.990486705601
2024-08-06 09:00:00+00:00;16866.77062422711
2024-08-06 10:00:00+00:00;17760.121338684796
2024-08-06 11:00:00+00:00;18428.802799758432
2024-08-06 12:00:00+00:00;18578.052477078567
2024-08-06 13:00:00+00:00;17829.731195601504
2024-08-06 14:00:00+00:00;17697.108445045364
2024-08-06 15:00:00+00:00;17229.988594101804
2024-08-06 16:00:00+00:00;17253.39271846895
2024-08-06 17:00:00+00:00;17619.931708556425
2024-08-06 18:00:00+00:00;19157.831930307653
2024-08-06 19:00:00+00:00;21161.515513021506
2024-08-06 20:00:00+00:00;21239.20003286168
2024-08-06 21:00:00+00:00;19796.56775379592
2024-08-06 22:00:00+00:00;17653.217615042464
2024-08-06 23:00:00+00:00;15311.24423209713
2024-08-07 00:00:00+00:00;13126.674601404604
2024-08-07 01:00:00+00:00;11809.934590260651
2024-08-07 02:00:00+00:00;11051.891269666292
2024-08-07 03:00:00+00:00;10531.731160921448
2024-08-07 04:00:00+00:00;10411.436376674936
2024-08-07 05:00:00+00:00;10459.261205499663
2024-08-07 06:00:00+00:00;11426.24630794181
2024-08-07 07:00:00+00:00;13755.257320644032
2024-08-07 08:00:00+00:00;16230.18755292586
2024-08-07 09:00:00+00:00;17888.754220583818
2024-08-07 10:00:00+00:00;18467.424506204363
2024-08-07 11:00:00+00:00;18849.91536435497
2024-08-07 12:00:00+00:00;19070.462217209806
2024-08-07 13:00:00+00:00;18469.242856451976
2024-08-07 14:00:00+00:00;18271.46359017499
2024-08-07 15:00:00+00:00;17837.401003915278
2024-08-07 16:00:00+00:00;17923.239051472232
2024-08-07 17:00:00+00:00;18074.016479334357
2024-08-07 18:00:00+00:00;19423.094949136073
2024-08-07 19:00:00+00:00;21296.133220425167
2024-08-07 20:00:00+00:00;21155.72012501082
2024-08-07 21:00:00+00:00;19574.816335436084
2024-08-07 22:00:00+00:00;17468.98365405677
2024-08-07 23:00:00+00:00;15068.315649866028
2024-08-08 00:00:00+00:00;12877.324938935093
2024-08-08 01:00:00+00:00;11571.944653513248
2024-08-08 02:00:00+00:00;10774.98508392682
2024-08-08 03:00:00+00:00;10404.571802412376
2024-08-08 04:00:00+00:00;10311.719152466763
2024-08-08 05:00:00+00:00;10444.562643614672
2024-08-08 06:00:00+00:00;11407.404564946797
2024-08-08 07:00:00+00:00;13750.806049626042
2024-08-08 08:00:00+00:00;16324.5812867562
2024-08-08 09:00:00+00:00;18027.222524685534
2024-08-08 10:00:00+00:00;18903.66751618348
2024-08-08 11:00:00+00:00;19239.332984284247
2024-08-08 12:00:00+00:00;19461.033214386865
2024-08-08 13:00:00+00:00;19042.63751970273
2024-08-08 14:00:00+00:00;18870.608765378885
2024-08-08 15:00:00+00:00;18542.00724829797
2024-08-08 16:00:00+00:00;18606.600397474394
2024-08-08 17:00:00+00:00;18776.49837457701
2024-08-08 18:00:00+00:00;19897.57027425511
2024-08-08 19:00:00+00:00;21728.606281761848
2024-08-08 20:00:00+00:00;21473.482951938586
2024-08-08 21:00:00+00:00;19919.57533827567
2024-08-08 22:00:00+00:00;17837.446584865742
2024-08-08 23:00:00+00:00;14542.893183109589
2024-08-09 00:00:00+00:00;13103.172533951481
2024-08-09 01:00:00+00:00;11755.883237752227
2024-08-09 02:00:00+00:00;11000.867787203655
2024-08-09 03:00:00+00:00;10538.288157348446
2024-08-09 04:00:00+00:00;10478.581502980811
2024-08-09 05:00:00+00:00;10411.038173445617
2024-08-09 06:00:00+00:00;11336.100842851192
2024-08-09 07:00:00+00:00;13632.985029519921
2024-08-09 08:00:00+00:00;16328.49364280387
2024-08-09 09:00:00+00:00;18155.585468044133
2024-08-09 10:00:00+00:00;18879.818497408556
2024-08-09 11:00:00+00:00;19160.393847948668
2024-08-09 12:00:00+00:00;19084.341458227893
2024-08-09 13:00:00+00:00;18354.685974878164
2024-08-09 14:00:00+00:00;18291.202187198975
2024-08-09 15:00:00+00:00;18065.45540316333
2024-08-09 16:00:00+00:00;18141.702205943107
2024-08-09 17:00:00+00:00;18033.778774184822
2024-08-09 18:00:00+00:00;19177.684721651473
2024-08-09 19:00:00+00:00;20431.93209353868
2024-08-09 20:00:00+00:00;20189.91408673572
2024-08-09 21:00:00+00:00;18750.345454122227
2024-08-09 22:00:00+00:00;17251.575158173222
2024-08-09 23:00:00+00:00;14803.736960887392
2024-08-10 00:00:00+00:00;12730.803668691804
2024-08-10 01:00:00+00:00;11426.514051605029
2024-08-10 02:00:00+00:00;10543.412534104675
2024-08-10 03:00:00+00:00;10008.78589548845
2024-08-10 04:00:00+00:00;9869.162951084149
2024-08-10 05:00:00+00:00;9876.54869666746
2024-08-10 06:00:00+00:00;10278.56976029637
2024-08-10 07:00:00+00:00;10998.803784091659
2024-08-10 08:00:00+00:00;12572.566915326854
2024-08-10 09:00:00+00:00;14494.668673959271
2024-08-10 10:00:00+00:00;15622.664988496603
2024-08-10 11:00:00+00:00;16286.42978778889
2024-08-10 12:00:00+00:00;17092.28206869801
2024-08-10 13:00:00+00:00;16573.6395357381
2024-08-10 14:00:00+00:00;15841.441551459526
2024-08-10 15:00:00+00:00;15454.129833960229
2024-08-10 16:00:00+00:00;15339.341537833625
2024-08-10 17:00:00+00:00;15996.34296035774
2024-08-10 18:00:00+00:00;17707.418766761242
2024-08-10 19:00:00+00:00;18975.946247909505
2024-08-10 20:00:00+00:00;18672.700992648028
2024-08-10 21:00:00+00:00;17264.14441923471
2024-08-10 22:00:00+00:00;15958.394238996209
2024-08-10 23:00:00+00:00;13920.04972667977
2024-08-11 00:00:00+00:00;12084.086982890462
2024-08-11 01:00:00+00:00;10853.375041530906
2024-08-11 02:00:00+00:00;10033.570339419812
2024-08-11 03:00:00+00:00;9548.78427826275
2024-08-11 04:00:00+00:00;9326.801225610709
2024-08-11 05:00:00+00:00;9343.115899870021
2024-08-11 06:00:00+00:00;9539.636883267725
2024-08-11 07:00:00+00:00;10005.718933224516
2024-08-11 08:00:00+00:00;11194.78021667083
2024-08-11 09:00:00+00:00;13168.86743254893
2024-08-11 10:00:00+00:00;14828.585969505128
2024-08-11 11:00:00+00:00;15871.558950813142
2024-08-11 12:00:00+00:00;16887.440539747397
2024-08-11 13:00:00+00:00;16170.953102410618
2024-08-11 14:00:00+00:00;15333.47165612573
2024-08-11 15:00:00+00:00;14956.729012171389
2024-08-11 16:00:00+00:00;15030.415115412306
2024-08-11 17:00:00+00:00;15760.23678239165
2024-08-11 18:00:00+00:00;17322.55398077814
2024-08-11 19:00:00+00:00;18783.609500346716
2024-08-11 20:00:00+00:00;18882.903268517355
2024-08-11 21:00:00+00:00;17722.48146775407
2024-08-11 22:00:00+00:00;15875.964814502815
2024-08-11 23:00:00+00:00;13843.104585571724
2024-08-12 00:00:00+00:00;12473.360683170446
2024-08-12 01:00:00+00:00;11122.622930968646
2024-08-12 02:00:00+00:00;10344.795920978462
2024-08-12 03:00:00+00:00;9904.336934165214
2024-08-12 04:00:00+00:00;9838.37861960444
2024-08-12 05:00:00+00:00;9959.80824874835
2024-08-12 06:00:00+00:00;10989.570405887744
2024-08-12 07:00:00+00:00;13158.43261782332
2024-08-12 08:00:00+00:00;15835.94712258537
2024-08-12 09:00:00+00:00;17729.695645890446
2024-08-12 10:00:00+00:00;18396.485278828437
2024-08-12 11:00:00+00:00;18657.52459885097
2024-08-12 12:00:00+00:00;18807.89837548538
2024-08-12 13:00:00+00:00;18222.563680748888
2024-08-12 14:00:00+00:00;18005.415468263098
2024-08-12 15:00:00+00:00;17843.490582920374
2024-08-12 16:00:00+00:00;17883.004026430448
2024-08-12 17:00:00+00:00;18183.08975171604
2024-08-12 18:00:00+00:00;19469.501299765652
2024-08-12 19:00:00+00:00;21381.516148107577
2024-08-12 20:00:00+00:00;21331.174166072487
2024-08-12 21:00:00+00:00;19690.51511095131
2024-08-12 22:00:00+00:00;17726.743679955787
2024-08-12 23:00:00+00:00;15158.434565763142
2024-08-13 00:00:00+00:00;12996.23334953168
2024-08-13 01:00:00+00:00;11695.490035254374
2024-08-13 02:00:00+00:00;10882.030973759123
2024-08-13 03:00:00+00:00;10478.776538529974
2024-08-13 04:00:00+00:00;10342.600171426915
2024-08-13 05:00:00+00:00;10385.280283521375
2024-08-13 06:00:00+00:00;11316.924395233198
2024-08-13 07:00:00+00:00;13213.866296553113
2024-08-13 08:00:00+00:00;15290.990486705601
2024-08-13 09:00:00+00:00;16866.77062422711
2024-08-13 10:00:00+00:00;17760.121338684796
2024-08-13 11:00:00+00:00;18428.802799758432
2024-08-13 12:00:00+00:00;18578.052477078567
2024-08-13 13:00:00+00:00;17829.731195601504
2024-08-13 14:00:00+00:00;17697.108445045364
2024-08-13 15:00:00+00:00;17229.988594101804
2024-08-13 16:00:00+00:00;17253.39271846895
2024-08-13 17:00:00+00:00;17619.931708556425
2024-08-13 18:00:00+00:00;19157.831930307653
2024-08-13 19:00:00+00:00;21161.515513021506
2024-08-13 20:00:00+00:00;21239.20003286168
2024-08-13 21:00:00+00:00;19796.56775379592
2024-08-13 22:00:00+00:00;17653.217615042464
2024-08-13 23:00:00+00:00;15311.24423209713
2024-08-14 00:00:00+00:00;13126.674601404604
2024-08-14 01:00:00+00:00;11809.934590260651
2024-08-14 02:00:00+00:00;11051.891269666292
2024-08-14 03:00:00+00:00;10531.731160921448
2024-08-14 04:00:00+00:00;10411.436376674936
2024-08-14 05:00:00+00:00;10459.261205499663
2024-08-14 06:00:00+00:00;11426.24630794181
2024-08-14 07:00:00+00:00;13755.257320644032
2024-08-14 08:00:00+00:00;16230.18755292586
2024-08-14 09:00:00+00:00;17888.754220583818
2024-08-14 10:00:00+00:00;18467.424506204363
2024-08-14 11:00:00+00:00;18849.91536435497
2024-08-14 12:00:00+00:00;19070.462217209806
2024-08-14 13:00:00+00:00;18469.242856451976
2024-08-14 14:00:00+00:00;18271.46359017499
2024-08-14 15:00:00+00:00;17837.401003915278
2024-08-14 16:00:00+00:00;17923.239051472232
2024-08-14 17:00:00+00:00;18074.016479334357
2024-08-14 18:00:00+00:00;19423.094949136073
2024-08-14 19:00:00+00:00;21296.133220425167
2024-08-14 20:00:00+00:00;21155.72012501082
2024-08-14 21:00:00+00:00;19574.816335436084
2024-08-14 22:00:00+00:00;17468.98365405677
2024-08-14 23:00:00+00:00;15068.315649866028
2024-08-15 00:00:00+00:00;12877.324938935093
2024-08-15 01:00:00+00:00;11571.944653513248
2024-08-15 02:00:00+00:00;10774.98508392682
2024-08-15 03:00:00+00:00;10404.571802412376
2024-08-15 04:00:00+00:00;10311.719152466763
2024-08-15 05:00:00+00:00;10444.562643614672
2024-08-15 06:00:00+00:00;11407.404564946797
2024-08-15 07:00:00+00:00;13750.806049626042
2024-08-15 08:00:00+00:00;16324.5812867562
2024-08-15 09:00:00+00:00;18027.222524685534
2024-08-15 10:00:00+00:00;18903.66751618348
2024-08-15 11:00:00+00:00;19239.332984284247
2024-08-15 12:00:00+00:00;19461.033214386865
2024-08-15 13:00:00+00:00;19042.63751970273
2024-08-15 14:00:00+00:00;18870.608765378885
2024-08-15 15:00:00+00:00;18542.00724829797
2024-08-15 16:00:00+00:00;18606.600397474394
2024-08-15 17:00:00+00:00;18776.49837457701
2024-08-15 18:00:00+00:00;19897.57027425511
2024-08-15 19:00:00+00:00;21728.606281761848
2024-08-15 20:00:00+00:00;21473.482951938586
2024-08-15 21:00:00+00:00;19919.57533827567
2024-08-15 22:00:00+00:00;17837.446584865742
2024-08-15 23:00:00+00:00;14542.893183109589
2024-08-16 00:00:00+00:00;13103.172533951481
2024-08-16 01:00:00+00:00;11755.883237752227
2024-08-16 02:00:00+00:00;11000.867787203655
2024-08-16 03:00:00+00:00;10538.288157348446
2024-08-16 04:00:00+00:00;10478.581502980811
2024-08-16 05:00:00+00:00;10411.038173445617
2024-08-16 06:00:00+00:00;11336.100842851192
2024-08-16 07:00:00+00:00;13632.985029519921
2024-08-16 08:00:00+00:00;16328.49364280387
2024-08-16 09:00:00+00:00;18155.585468044133
2024-08-16 10:00:00+00:00;18879.818497408556
2024-08-16 11:00:00+00:00;19160.393847948668
2024-08-16 12:00:00+00:00;19084.341458227893
2024-08-16 13:00:00+00:00;18354.685974878164
2024-08-16 14:00:00+00:00;18291.202187198975
2024-08-16 15:00:00+00:00;18065.45540316333
2024-08-16 16:00:00+00:00;18141.702205943107
2024-08-16 17:00:00+00:00;18033.778774184822
2024-08-16 18:00:00+00:00;19177.684721651473
2024-08-16 19:00:00+00:00;20431.93209353868
2024-08-16 20:00:00+00:00;20189.91408673572
2024-08-16 21:00:00+00:00;18750.345454122227
2024-08-16 22:00:00+00:00;17251.575158173222
2024-08-16 23:00:00+00:00;14803.736960887392
2024-08-17 00:00:00+00:00;12730.803668691804
2024-08-17 01:00:00+00:00;11426.514051605029
2024-08-17 02:00:00+00:00;10543.412534104675
2024-08-17 03:00:00+00:00;10008.78589548845
2024-08-17 04:00:00+00:00;9869.162951084149
2024-08-17 05:00:00+00:00;9876.54869666746
2024-08-17 06:00:00+00:00;10278.56976029637
2024-08-17 07:00:00+00:00;10998.803784091659
2024-08-17 08:00:00+00:00;12572.566915326854
2024-08-17 09:00:00+00:00;14494.668673959271
2024-08-17 10:00:00+00:00;15622.664988496603
2024-08-17 11:00:00+00:00;16286.42978778889
2024-08-17 12:00:00+00:00;17092.28206869801
2024-08-17 13:00:00+00:00;16573.6395357381
2024-08-17 14:00:00+00:00;15841.441551459526
2024-08-17 15:00:00+00:00;15454.129833960229
2024-08-17 16:00:00+00:00;15339.341537833625
2024-08-17 17:00:00+00:00;15996.34296035774
2024-08-17 18:00:00+00:00;17707.418766761242
2024-08-17 19:00:00+00:00;18975.946247909505
2024-08-17 20:00:00+00:00;18672.700992648028
2024-08-17 21:00:00+00:00;17264.14441923471
2024-08-17 22:00:00+00:00;15958.394238996209
2024-08-17 23:00:00+00:00;13920.04972667977
2024-08-18 00:00:00+00:00;12084.086982890462
2024-08-18 01:00:00+00:00;10853.375041530906
2024-08-18 02:00:00+00:00;10033.570339419812
2024-08-18 03:00:00+00:00;9548.78427826275
2024-08-18 04:00:00+00:00;9326.801225610709
2024-08-18 05:00:00+00:00;9343.115899870021
2024-08-18 06:00:00+00:00;9539.636883267725
2024-08-18 07:00:00+00:00;10005.718933224516
2024-08-18 08:00:00+00:00;11194.78021667083
2024-08-18 09:00:00+00:00;13168.86743254893
2024-08-18 10:00:00+00:00;14828.585969505128
2024-08-18 11:00:00+00:00;15871.558950813142
2024-08-18 12:00:00+00:00;16887.440539747397
2024-08-18 13:00:00+00:00;16170.953102410618
2024-08-18 14:00:00+00:00;15333.47165612573
2024-08-18 15:00:00+00:00;14956.729012171389
2024-08-18 16:00:00+00:00;15030.415115412306
2024-08-18 17:00:00+00:00;15760.23678239165
2024-08-18 18:00:00+00:00;17322.55398077814
2024-08-18 19:00:00+00:00;18783.609500346716
2024-08-18 20:00:00+00:00;18882.903268517355
2024-08-18 21:00:00+00:00;17722.48146775407
2024-08-18 22:00:00+00:00;15875.964814502815
2024-08-18 23:00:00+00:00;13843.104585571724
2024-08-19 00:00:00+00:00;12473.360683170446
2024-08-19 01:00:00+00:00;11122.622930968646
2024-08-19 02:00:00+00:00;10344.795920978462
2024-08-19 03:00:00+00:00;9904.336934165214
2024-08-19 04:00:00+00:00;9838.37861960444
2024-08-19 05:00:00+00:00;9959.80824874835
2024-08-19 06:00:00+00:00;10989.570405887744
2024-08-19 07:00:00+00:00;13158.43261782332
2024-08-19 08:00:00+00:00;15835.94712258537
2024-08-19 09:00:00+00:00;17729.695645890446
2024-08-19 10:00:00+00:00;18396.485278828437
2024-08-19 11:00:00+00:00;18657.52459885097
2024-08-19 12:00:00+00:00;18807.89837548538
2024-08-19 13:00:00+00:00;18222.563680748888
2024-08-19 14:00:00+00:00;18005.415468263098
2024-08-19 15:00:00+00:00;17843.490582920374
2024-08-19 16:00:00+00:00;17883.004026430448
2024-08-19 17:00:00+00:00;18183.08975171604
2024-08-19 18:00:00+00:00;19469.501299765652
2024-08-19 19:00:00+00:00;21381.516148107577
2024-08-19 20:00:00+00:00;21331.174166072487
2024-08-19 21:00:00+00:00;19690.51511095131
2024-08-19 22:00:00+00:00;17726.743679955787
2024-08-19 23:00:00+00:00;15158.434565763142
2024-08-20 00:00:00+00:00;12996.23334953168
2024-08-20 01:00:00+00:00;11695.490035254374
2024-08-20 02:00:00+00:00;10882.030973759123
2024-08-20 03:00:00+00:00;10478.776538529974
2024-08-20 04:00:00+00:00;10342.600171426915
2024-08-20 05:00:00+00:00;10385.280283521375
2024-08-20 06:00:00+00:00;11316.924395233198
2024-08-20 07:00:00+00:00;13213.866296553113
2024-08-20 08:00:00+00:00;15290.990486705601
2024-08-20 09:00:00+00:00;16866.77062422711
2024-08-20 10:00:00+00:00;17760.121338684796
2024-08-20 11:00:00+00:00;18428.802799758432
2024-08-20 12:00:00+00:00;18578.052477078567
2024-08-20 13:00:00+00:00;17829.731195601504
2024-08-20 14:00:00+00:00;17697.108445045364
2024-08-20 15:00:00+00:00;17229.988594101804
2024-08-20 16:00:00+00:00;17253.39271846895
2024-08-20 17:00:00+00:00;17619.931708556425
2024-08-20 18:00:00+00:00;19157.831930307653
2024-08-20 19:00:00+00:00;21161.515513021506
2024-08-20 20:00:00+00:00;21239.20003286168
2024-08-20 21:00:00+00:00;19796.56775379592
2024-08-20 22:00:00+00:00;17653.217615042464
2024-08-20 23:00:00+00:00;15311.24423209713
2024-08-21 00:00:00+00:00;13126.674601404604
2024-08-21 01:00:00+00:00;11809.934590260651
2024-08-21 02:00:00+00:00;11051.891269666292
2024-08-21 03:00:00+00:00;10531.731160921448
2024-08-21 04:00:00+00:00;10411.436376674936
2024-08-21 05:00:00+00:00;10459.261205499663
2024-08-21 06:00:00+00:00;11426.24630794181
2024-08-21 07:00:00+00:00;13755.257320644032
2024-08-21 08:00:00+00:00;16230.18755292586
2024-08-21 09:00:00+00:00;17888.754220583818
2024-08-21 10:00:00+00:00;18467.424506204363
2024-08-21 11:00:00+00:00;18849.91536435497
2024-08-21 12:00:00+00:00;19070.462217209806
2024-08-21 13:00:00+00:00;18469.242856451976
2024-08-21 14:00:00+00:00;18271.46359017499
2024-08-21 15:00:00+00:00;17837.401003915278
2024-08-21 16:00:00+00:00;17923.239051472232
2024-08-21 17:00:00+00:00;18074.016479334357
2024-08-21 18:00:00+00:00;19423.094949136073
2024-08-21 19:00:00+00:00;21296.133220425167
2024-08-21 20:00:00+00:00;21155.72012501082
2024-08-21 21:00:00+00:00;19574.816335436084
2024-08-21 22:00:00+00:00;17468.98365405677
2024-08-21 23:00:00+00:00;15068.315649866028
2024-08-22 00:00:00+00:00;12877.324938935093
2024-08-22 01:00:00+00:00;11571.944653513248
2024-08-22 02:00:00+00:00;10774.98508392682
2024-08-22 03:00:00+00:00;10404.571802412376
2024-08-22 04:00:00+00:00;10311.719152466763
2024-08-22 05:00:00+00:00;10444.562643614672
2024-08-22 06:00:00+00:00;11407.404564946797
2024-08-22 07:00:00+00:00;13750.806049626042
2024-08-22 08:00:00+00:00;16324.5812867562
2024-08-22 09:00:00+00:00;18027.222524685534
2024-08-22 10:00:00+00:00;18903.66751618348
2024-08-22 11:00:00+00:00;19239.332984284247
2024-08-22 12:00:00+00:00;19461.033214386865
2024-08-22 13:00:00+00:00;19042.63751970273
2024-08-22 14:00:00+00:00;18870.608765378885
2024-08-22 15:00:00+00:00;18542.00724829797
2024-08-22 16:00:00+00:00;18606.600397474394
2024-08-22 17:00:00+00:00;18776.49837457701
2024-08-22 18:00:00+00:00;19897.57027425511
2024-08-22 19:00:00+00:00;21728.606281761848
2024-08-22 20:00:00+00:00;21473.482951938586
2024-08-22 21:00:00+00:00;19919.57533827567
2024-08-22 22:00:00+00:00;17837.446584865742
2024-08-22 23:00:00+00:00;14542.893183109589
2024-08-23 00:00:00+00:00;13103.172533951481
2024-08-23 01:00:00+00:00;11755.883237752227
2024-08-23 02:00:00+00:00;11000.867787203655
2024-08-23 03:00:00+00:00;10538.288157348446
2024-08-23 04:00:00+00:00;10478.581502980811
2024-08-23 05:00:00+00:00;10411.038173445617
2024-08-23 06:00:00+00:00;11336.100842851192
2024-08-23 07:00:00+00:00;13632.985029519921
2024-08-23 08:00:00+00:00;16328.49364280387
2024-08-23 09:00:00+00:00;18155.585468044133
2024-08-23 10:00:00+00:00;18879.818497408556
2024-08-23 11:00:00+00:00;19160.393847948668
2024-08-23 12:00:00+00:00;19084.341458227893
2024-08-23 13:00:00+00:00;18354.685974878164
2024-08-23 14:00:00+00:00;18291.202187198975
2024-08-23 15:00:00+00:00;18065.45540316333
2024-08-23 16:00:00+00:00;18141.702205943107
2024-08-23 17:00:00+00:00;18033.778774184822
2024-08-23 18:00:00+00:00;19177.684721651473
2024-08-23 19:00:00+00:00;20431.93209353868
2024-08-23 20:00:00+00:00;20189.91408673572
2024-08-23 21:00:00+00:00;18750.345454122227
2024-08-23 22:00:00+00:00;17251.575158173222
2024-08-23 23:00:00+00:00;14803.736960887392
2024-08-24 00:00:00+00:00;12730.803668691804
2024-08-24 01:00:00+00:00;11426.514051605029
2024-08-24 02:00:00+00:00;10543.412534104675
2024-08-24 03:00:00+00:00;10008.78589548845
2024-08-24 04:00:00+00:00;9869.162951084149
2024-08-24 05:00:00+00:00;9876.54869666746
2024-08-24 06:00:00+00:00;10278.56976029637
2024-08-24 07:00:00+00:00;10998.803784091659
2024-08-24 08:00:00+00:00;12572.566915326854
2024-08-24 09:00:00+00:00;14494.668673959271
2024-08-24 10:00:00+00:00;15622.664988496603
2024-08-24 11:00:00+00:00;16286.42978778889
2024-08-24 12:00:00+00:00;17092.28206869801
2024-08-24 13:00:00+00:00;16573.6395357381
2024-08-24 14:00:00+00:00;15841.441551459526
2024-08-24 15:00:00+00:00;15454.129833960229
2024-08-24 16:00:00+00:00;15339.341537833625
2024-08-24 17:00:00+00:00;15996.34296035774
2024-08-24 18:00:00+00:00;17707.418766761242
2024-08-24 19:00:00+00:00;18975.946247909505
2024-08-24 20:00:00+00:00;18672.700992648028
2024-08-24 21:00:00+00:00;17264.14441923471
2024-08-24 22:00:00+00:00;15958.394238996209
2024-08-24 23:00:00+00:00;13920.04972667977
2024-08-25 00:00:00+00:00;12084.086982890462
2024-08-25 01:00:00+00:00;10853.375041530906
2024-08-25 02:00:00+00:00;10033.570339419812
2024-08-25 03:00:00+00:00;9548.78427826275
2024-08-25 04:00:00+00:00;9326.801225610709
2024-08-25 05:00:00+00:00;9343.115899870021
2024-08-25 06:00:00+00:00;9539.636883267725
2024-08-25 07:00:00+00:00;10005.718933224516
2024-08-25 08:00:00+00:00;11194.78021667083
2024-08-25 09:00:00+00:00;13168.86743254893
2024-08-25 10:00:00+00:00;14828.585969505128
2024-08-25 11:00:00+00:00;15871.558950813142
2024-08-25 12:00:00+00:00;16887.440539747397
2024-08-25 13:00:00+00:00;16170.953102410618
2024-08-25 14:00:00+00:00;15333.47165612573
2024-08-25 15:00:00+00:00;14956.729012171389
2024-08-25 16:00:00+00:00;15030.415115412306
2024-08-25 17:00:00+00:00;15760.23678239165
2024-08-25 18:00:00+00:00;17322.55398077814
2024-08-25 19:00:00+00:00;18783.609500346716
2024-08-25 20:00:00+00:00;18882.903268517355
2024-08-25 21:00:00+00:00;17722.48146775407
2024-08-25 22:00:00+00:00;15875.964814502815
2024-08-25 23:00:00+00:00;13843.104585571724
2024-08-26 00:00:00+00:00;12473.360683170446
2024-08-26 01:00:00+00:00;11122.622930968646
2024-08-26 02:00:00+00:00;10344.795920978462
2024-08-26 03:00:00+00:00;9904.336934165214
2024-08-26 04:00:00+00:00;9838.37861960444
2024-08-26 05:00:00+00:00;9959.80824874835
2024-08-26 06:00:00+00:00;10989.570405887744
2024-08-26 07:00:00+00:00;13158.43261782332
2024-08-26 08:00:00+00:00;15835.94712258537
2024-08-26 09:00:00+00:00;17729.695645890446
2024-08-26 10:00:00+00:00;18396.485278828437
2024-08-26 11:00:00+00:00;18657.52459885097
2024-08-26 12:00:00+00:00;18807.89837548538
2024-08-26 13:00:00+00:00;18222.563680748888
2024-08-26 14:00:00+00:00;18005.415468263098
2024-08-26 15:00:00+00:00;17843.490582920374
2024-08-26 16:00:00+00:00;17883.004026430448
2024-08-26 17:00:00+00:00;18183.08975171604
2024-08-26 18:00:00+00:00;19469.501299765652
2024-08-26 19:00:00+00:00;21381.516148107577
2024-08-26 20:00:00+00:00;21331.174166072487
2024-08-26 21:00:00+00:00;19690.51511095131
2024-08-26 22:00:00+00:00;17726.743679955787
2024-08-26 23:00:00+00:00;15158.434565763142
2024-08-27 00:00:00+00:00;12996.23334953168
2024-08-27 01:00:00+00:00;11695.490035254374
2024-08-27 02:00:00+00:00;10882.030973759123
2024-08-27 03:00:00+00:00;10478.776538529974
2024-08-27 04:00:00+00:00;10342.600171426915
2024-08-27 05:00:00+00:00;10385.280283521375
2024-08-27 06:00:00+00:00;11316.924395233198
2024-08-27 07:00:00+00:00;13213.866296553113
2024-08-27 08:00:00+00:00;15290.990486705601
2024-08-27 09:00:00+00:00;16866.77062422711
2024-08-27 10:00:00+00:00;17760.121338684796
2024-08-27 11:00:00+00:00;18428.802799758432
2024-08-27 12:00:00+00:00;18578.052477078567
2024-08-27 13:00:00+00:00;17829.731195601504
2024-08-27 14:00:00+00:00;17697.108445045364
2024-08-27 15:00:00+00:00;17229.988594101804
2024-08-27 16:00:00+00:00;17253.39271846895
2024-08-27 17:00:00+00:00;17619.931708556425
2024-08-27 18:00:00+00:00;19157.831930307653
2024-08-27 19:00:00+00:00;21161.515513021506
2024-08-27 20:00:00+00:00;21239.20003286168
2024-08-27 21:00:00+00:00;19796.56775379592
2024-08-27 22:00:00+00:00;17653.217615042464
2024-08-27 23:00:00+00:00;15311.24423209713
2024-08-28 00:00:00+00:00;13126.674601404604
2024-08-28 01:00:00+00:00;11809.934590260651
2024-08-28 02:00:00+00:00;11051.891269666292
2024-08-28 03:00:00+00:00;10531.731160921448
2024-08-28 04:00:00+00:00;10411.436376674936
2024-08-28 05:00:00+00:00;10459.261205499663
2024-08-28 06:00:00+00:00;11426.24630794181
2024-08-28 07:00:00+00:00;13755.257320644032
2024-08-28 08:00:00+00:00;16230.18755292586
2024-08-28 09:00:00+00:00;17888.754220583818
2024-08-28 10:00:00+00:00;18467.424506204363
2024-08-28 11:00:00+00:00;18849.91536435497
2024-08-28 12:00:00+00:00;19070.462217209806
2024-08-28 13:00:00+00:00;18469.242856451976
2024-08-28 14:00:00+00:00;18271.46359017499
2024-08-28 15:00:00+00:00;17837.401003915278
2024-08-28 16:00:00+00:00;17923.239051472232
2024-08-28 17:00:00+00:00;18074.016479334357
2024-08-28 18:00:00+00:00;19423.094949136073
2024-08-28 19:00:00+00:00;21296.133220425167
2024-08-28 20:00:00+00:00;21155.72012501082
2024-08-28 21:00:00+00:00;19574.816335436084
2024-08-28 22:00:00+00:00;17468.98365405677
2024-08-28 23:00:00+00:00;15068.315649866028
2024-08-29 00:00:00+00:00;12877.324938935093
2024-08-29 01:00:00+00:00;11571.944653513248
2024-08-29 02:00:00+00:00;10774.98508392682
2024-08-29 03:00:00+00:00;10404.571802412376
2024-08-29 04:00:00+00:00;10311.719152466763
2024-08-29 05:00:00+00:00;10444.562643614672
2024-08-29 06:00:00+00:00;11407.404564946797
2024-08-29 07:00:00+00:00;13750.806049626042
2024-08-29 08:00:00+00:00;16324.5812867562
2024-08-29 09:00:00+00:00;18027.222524685534
2024-08-29 10:00:00+00:00;18903.66751618348
2024-08-29 11:00:00+00:00;19239.332984284247
2024-08-29 12:00:00+00:00;19461.033214386865
2024-08-29 13:00:00+00:00;19042.63751970273
2024-08-29 14:00:00+00:00;18870.608765378885
2024-08-29 15:00:00+00:00;18542.00724829797
2024-08-29 16:00:00+00:00;18606.600397474394
2024-08-29 17:00:00+00:00;18776.49837457701
2024-08-29 18:00:00+00:00;19897.57027425511
2024-08-29 19:00:00+00:00;21728.606281761848
2024-08-29 20:00:00+00:00;21473.482951938586
2024-08-29 21:00:00+00:00;19919.57533827567
2024-08-29 22:00:00+00:00;17837.446584865742
2024-08-29 23:00:00+00:00;14542.893183109589
2024-08-30 00:00:00+00:00;13103.172533951481
2024-08-30 01:00:00+00:00;11755.883237752227
2024-08-30 02:00:00+00:00;11000.867787203655
2024-08-30 03:00:00+00:00;10538.288157348446
2024-08-30 04:00:00+00:00;10478.581502980811
2024-08-30 05:00:00+00:00;10411.038173445617
2024-08-30 06:00:00+00:00;11336.100842851192
2024-08-30 07:00:00+00:00;13632.985029519921
2024-08-30 08:00:00+00:00;16328.49364280387
2024-08-30 09:00:00+00:00;18155.585468044133
2024-08-30 10:00:00+00:00;18879.818497408556
2024-08-30 11:00:00+00:00;19160.393847948668
2024-08-30 12:00:00+00:00;19084.341458227893
2024-08-30 13:00:00+00:00;18354.685974878164
2024-08-30 14:00:00+00:00;18291.202187198975
2024-08-30 15:00:00+00:00;18065.45540316333
2024-08-30 16:00:00+00:00;18141.702205943107
2024-08-30 17:00:00+00:00;18033.778774184822
2024-08-30 18:00:00+00:00;19177.684721651473
2024-08-30 19:00:00+00:00;20431.93209353868
2024-08-30 20:00:00+00:00;20189.91408673572
2024-08-30 21:00:00+00:00;18750.345454122227
2024-08-30 22:00:00+00:00;17251.575158173222
2024-08-30 23:00:00+00:00;14803.736960887392
2024-08-31 00:00:00+00:00;12730.803668691804
2024-08-31 01:00:00+00:00;11426.514051605029
2024-08-31 02:00:00+00:00;10543.412534104675
2024-08-31 03:00:00+00:00;10008.78589548845
2024-08-31 04:00:00+00:00;9869.162951084149
2024-08-31 05:00:00+00:00;9876.54869666746
2024-08-31 06:00:00+00:00;10278.56976029637
2024-08-31 07:00:00+00:00;10998.803784091659
2024-08-31 08:00:00+00:00;12572.566915326854
2024-08-31 09:00:00+00:00;14494.668673959271
2024-08-31 10:00:00+00:00;15622.664988496603
2024-08-31 11:00:00+00:00;16286.42978778889
2024-08-31 12:00:00+00:00;17092.28206869801
2024-08-31 13:00:00+00:00;16573.6395357381
2024-08-31 14:00:00+00:00;15841.441551459526
2024-08-31 15:00:00+00:00;15454.129833960229
2024-08-31 16:00:00+00:00;15339.341537833625
2024-08-31 17:00:00+00:00;15996.34296035774
2024-08-31 18:00:00+00:00;17707.418766761242
2024-08-31 19:00:00+00:00;18975.946247909505
2024-08-31 20:00:00+00:00;18672.700992648028
2024-08-31 21:00:00+00:00;17264.14441923471
2024-08-31 22:00:00+00:00;15958.394238996209
2024-08-31 23:00:00+00:00;13920.04972667977
2024-09-01 00:00:00+00:00;14098.101480038871
2024-09-01 01:00:00+00:00;12662.270881786057
2024-09-01 02:00:00+00:00;11705.832062656445
2024-09-01 03:00:00+00:00;11140.248324639875
2024-09-01 04:00:00+00:00;10881.268096545826
2024-09-01 05:00:00+00:00;10900.301883181692
2024-09-01 06:00:00+00:00;11129.576363812346
2024-09-01 07:00:00+00:00;11673.338755428602
2024-09-01 08:00:00+00:00;13060.576919449302
2024-09-01 09:00:00+00:00;15363.678671307083
2024-09-01 10:00:00+00:00;17300.016964422648
2024-09-01 11:00:00+00:00;18516.818775948665
2024-09-01 12:00:00+00:00;19702.01396303863
2024-09-01 13:00:00+00:00;18866.11195281239
2024-09-01 14:00:00+00:00;17889.05026548002
2024-09-01 15:00:00+00:00;17449.51718086662
2024-09-01 16:00:00+00:00;17535.484301314358
2024-09-01 17:00:00+00:00;18386.94291279026
2024-09-01 18:00:00+00:00;20209.64631090783
2024-09-01 19:00:00+00:00;21914.211083737835
2024-09-01 20:00:00+00:00;22030.053813270246
2024-09-01 21:00:00+00:00;20676.228379046417
2024-09-01 22:00:00+00:00;18521.958950253284
2024-09-01 23:00:00+00:00;16150.28868316701
2024-09-02 00:00:00+00:00;14552.254130365518
2024-09-02 01:00:00+00:00;12976.39341946342
2024-09-02 02:00:00+00:00;12068.928574474872
2024-09-02 03:00:00+00:00;11555.059756526083
2024-09-02 04:00:00+00:00;11478.108389538515
2024-09-02 05:00:00+00:00;11619.776290206408
2024-09-02 06:00:00+00:00;12821.1654735357
2024-09-02 07:00:00+00:00;15351.504720793873
2024-09-02 08:00:00+00:00;18475.271643016265
2024-09-02 09:00:00+00:00;20684.64492020552
2024-09-02 10:00:00+00:00;21462.566158633173
2024-09-02 11:00:00+00:00;21767.112031992798
2024-09-02 12:00:00+00:00;21942.548104732945
2024-09-02 13:00:00+00:00;21259.65762754037
2024-09-02 14:00:00+00:00;21006.318046306948
2024-09-02 15:00:00+00:00;20817.405680073767
2024-09-02 16:00:00+00:00;20863.50469750219
2024-09-02 17:00:00+00:00;21213.60471033538
2024-09-02 18:00:00+00:00;22714.418183059926
2024-09-02 19:00:00+00:00;24945.102172792172
2024-09-02 20:00:00+00:00;24886.3698604179
2024-09-02 21:00:00+00:00;22972.267629443195
2024-09-02 22:00:00+00:00;20681.200959948415
2024-09-02 23:00:00+00:00;17684.840326723664
2024-09-03 00:00:00+00:00;15162.272241120294
2024-09-03 01:00:00+00:00;13644.738374463435
2024-09-03 02:00:00+00:00;12695.702802718977
2024-09-03 03:00:00+00:00;12225.239294951634
2024-09-03 04:00:00+00:00;12066.366866664734
2024-09-03 05:00:00+00:00;12116.160330774937
2024-09-03 06:00:00+00:00;13203.078461105399
2024-09-03 07:00:00+00:00;15416.177345978633
2024-09-03 08:00:00+00:00;17839.488901156536
2024-09-03 09:00:00+00:00;19677.899061598295
2024-09-03 10:00:00+00:00;20720.14156179893
2024-09-03 11:00:00+00:00;21500.269933051506
2024-09-03 12:00:00+00:00;21674.394556591662
2024-09-03 13:00:00+00:00;20801.353061535086
2024-09-03 14:00:00+00:00;20646.62651921959
2024-09-03 15:00:00+00:00;20101.653359785436
2024-09-03 16:00:00+00:00;20128.958171547107
2024-09-03 17:00:00+00:00;20556.58699331583
2024-09-03 18:00:00+00:00;22350.80391869226
2024-09-03 19:00:00+00:00;24688.434765191756
2024-09-03 20:00:00+00:00;24779.066705005294
2024-09-03 21:00:00+00:00;23095.995712761905
2024-09-03 22:00:00+00:00;20595.420550882875
2024-09-03 23:00:00+00:00;17863.118270779985
2024-09-04 00:00:00+00:00;15314.453701638704
2024-09-04 01:00:00+00:00;13778.25702197076
2024-09-04 02:00:00+00:00;12893.873147944007
2024-09-04 03:00:00+00:00;12287.01968774169
2024-09-04 04:00:00+00:00;12146.675772787425
2024-09-04 05:00:00+00:00;12202.471406416273
2024-09-04 06:00:00+00:00;13330.620692598777
2024-09-04 07:00:00+00:00;16047.800207418037
2024-09-04 08:00:00+00:00;18935.218811746836
2024-09-04 09:00:00+00:00;20870.213257347787
2024-09-04 10:00:00+00:00;21545.328590571757
2024-09-04 11:00:00+00:00;21991.567925080795
2024-09-04 12:00:00+00:00;22248.872586744776
2024-09-04 13:00:00+00:00;21547.449999193974
2024-09-04 14:00:00+00:00;21316.70752187082
2024-09-04 15:00:00+00:00;20810.301171234492
2024-09-04 16:00:00+00:00;20910.44556005094
2024-09-04 17:00:00+00:00;21086.35255922342
2024-09-04 18:00:00+00:00;22660.277440658752
2024-09-04 19:00:00+00:00;24845.488757162693
2024-09-04 20:00:00+00:00;24681.673479179288
2024-09-04 21:00:00+00:00;22837.28572467543
2024-09-04 22:00:00+00:00;20380.480929732897
2024-09-04 23:00:00+00:00;17579.701591510366
2024-09-05 00:00:00+00:00;15023.54576209094
2024-09-05 01:00:00+00:00;13500.602095765456
2024-09-05 02:00:00+00:00;12570.815931247957
2024-09-05 03:00:00+00:00;12138.667102814437
2024-09-05 04:00:00+00:00;12030.339011211225
2024-09-05 05:00:00+00:00;12185.323084217116
2024-09-05 06:00:00+00:00;13308.638659104598
2024-09-05 07:00:00+00:00;16042.60705789705
2024-09-05 08:00:00+00:00;19045.344834548898
2024-09-05 09:00:00+00:00;21031.759612133123
2024-09-05 10:00:00+00:00;22054.278768880726
2024-09-05 11:00:00+00:00;22445.88848166495
2024-09-05 12:00:00+00:00;22704.53875011801
2024-09-05 13:00:00+00:00;22216.410439653184
2024-09-05 14:00:00+00:00;22015.710226275365
2024-09-05 15:00:00+00:00;21632.341789680962
2024-09-05 16:00:00+00:00;21707.700463720128
2024-09-05 17:00:00+00:00;21905.91477033985
2024-09-05 18:00:00+00:00;23213.831986630965
2024-09-05 19:00:00+00:00;25350.040662055486
2024-09-05 20:00:00+00:00;25052.396777261685
2024-09-05 21:00:00+00:00;23239.504561321617
2024-09-05 22:00:00+00:00;20810.35434901003
2024-09-05 23:00:00+00:00;16966.708713627853
2024-09-06 00:00:00+00:00;15287.034622943394
2024-09-06 01:00:00+00:00;13715.197110710931
2024-09-06 02:00:00+00:00;12834.345751737597
2024-09-06 03:00:00+00:00;12294.66951690652
2024-09-06 04:00:00+00:00;12225.011753477613
2024-09-06 05:00:00+00:00;12146.211202353219
2024-09-06 06:00:00+00:00;13225.450983326391
2024-09-06 07:00:00+00:00;15905.149201106573
2024-09-06 08:00:00+00:00;19049.90924993785
2024-09-06 09:00:00+00:00;21181.516379384822
2024-09-06 10:00:00+00:00;22026.454913643316
2024-09-06 11:00:00+00:00;22353.792822606778
2024-09-06 12:00:00+00:00;22265.065034599207
2024-09-06 13:00:00+00:00;21413.800304024524
2024-09-06 14:00:00+00:00;21339.735885065467
2024-09-06 15:00:00+00:00;21076.364637023886
2024-09-06 16:00:00+00:00;21165.319240266956
2024-09-06 17:00:00+00:00;21039.408569882293
2024-09-06 18:00:00+00:00;22373.965508593385
2024-09-06 19:00:00+00:00;23837.25410912846
2024-09-06 20:00:00+00:00;23554.89976785834
2024-09-06 21:00:00+00:00;21875.403029809266
2024-09-06 22:00:00+00:00;20126.837684535425
2024-09-06 23:00:00+00:00;17271.026454368624
2024-09-07 00:00:00+00:00;14852.604280140436
2024-09-07 01:00:00+00:00;13330.933060205865
2024-09-07 02:00:00+00:00;12300.647956455454
2024-09-07 03:00:00+00:00;11676.916878069858
2024-09-07 04:00:00+00:00;11514.023442931506
2024-09-07 05:00:00+00:00;11522.640146112035
2024-09-07 06:00:00+00:00;11991.664720345765
2024-09-07 07:00:00+00:00;12831.937748106935
2024-09-07 08:00:00+00:00;14667.994734547994
2024-09-07 09:00:00+00:00;16910.446786285815
2024-09-07 10:00:00+00:00;18226.44248657937
2024-09-07 11:00:00+00:00;19000.83475242037
2024-09-07 12:00:00+00:00;19940.995746814344
2024-09-07 13:00:00+00:00;19335.91279169445
2024-09-07 14:00:00+00:00;18481.681810036112
2024-09-07 15:00:00+00:00;18029.818139620267
2024-09-07 16:00:00+00:00;17895.898460805896
2024-09-07 17:00:00+00:00;18662.400120417362
2024-09-07 18:00:00+00:00;20658.655227888117
2024-09-07 19:00:00+00:00;22138.60395589442
2024-09-07 20:00:00+00:00;21784.81782475603
2024-09-07 21:00:00+00:00;20141.501822440496
2024-09-07 22:00:00+00:00;18618.126612162243
2024-09-07 23:00:00+00:00;16240.058014459732
2024-09-08 00:00:00+00:00;14098.101480038871
2024-09-08 01:00:00+00:00;12662.270881786057
2024-09-08 02:00:00+00:00;11705.832062656445
2024-09-08 03:00:00+00:00;11140.248324639875
2024-09-08 04:00:00+00:00;10881.268096545826
2024-09-08 05:00:00+00:00;10900.301883181692
2024-09-08 06:00:00+00:00;11129.576363812346
2024-09-08 07:00:00+00:00;11673.338755428602
2024-09-08 08:00:00+00:00;13060.576919449302
2024-09-08 09:00:00+00:00;15363.678671307083
2024-09-08 10:00:00+00:00;17300.016964422648
2024-09-08 11:00:00+00:00;18516.818775948665
2024-09-08 12:00:00+00:00;19702.01396303863
2024-09-08 13:00:00+00:00;18866.11195281239
2024-09-08 14:00:00+00:00;17889.05026548002
2024-09-08 15:00:00+00:00;17449.51718086662
2024-09-08 16:00:00+00:00;17535.484301314358
2024-09-08 17:00:00+00:00;18386.94291279026
2024-09-08 18:00:00+00:00;20209.64631090783
2024-09-08 19:00:00+00:00;21914.211083737835
2024-09-08 20:00:00+00:00;22030.053813270246
2024-09-08 21:00:00+00:00;20676.228379046417
2024-09-08 22:00:00+00:00;18521.958950253284
2024-09-08 23:00:00+00:00;16150.28868316701
2024-09-09 00:00:00+00:00;14552.254130365518
2024-09-09 01:00:00+00:00;12976.39341946342
2024-09-09 02:00:00+00:00;12068.928574474872
2024-09-09 03:00:00+00:00;11555.059756526083
2024-09-09 04:00:00+00:00;11478.108389538515
2024-09-09 05:00:00+00:00;11619.776290206408
2024-09-09 06:00:00+00:00;12821.1654735357
2024-09-09 07:00:00+00:00;15351.504720793873
2024-09-09 08:00:00+00:00;18475.271643016265
2024-09-09 09:00:00+00:00;20684.64492020552
2024-09-09 10:00:00+00:00;21462.566158633173
2024-09-09 11:00:00+00:00;21767.112031992798
2024-09-09 12:00:00+00:00;21942.548104732945
2024-09-09 13:00:00+00:00;21259.65762754037
2024-09-09 14:00:00+00:00;21006.318046306948
2024-09-09 15:00:00+00:00;20817.405680073767
2024-09-09 16:00:00+00:00;20863.50469750219
2024-09-09 17:00:00+00:00;21213.60471033538
2024-09-09 18:00:00+00:00;22714.418183059926
2024-09-09 19:00:00+00:00;24945.102172792172
2024-09-09 20:00:00+00:00;24886.3698604179
2024-09-09 21:00:00+00:00;22972.267629443195
2024-09-09 22:00:00+00:00;20681.200959948415
2024-09-09 23:00:00+00:00;17684.840326723664
2024-09-10 00:00:00+00:00;15162.272241120294
2024-09-10 01:00:00+00:00;13644.738374463435
2024-09-10 02:00:00+00:00;12695.702802718977
2024-09-10 03:00:00+00:00;12225.239294951634
2024-09-10 04:00:00+00:00;12066.366866664734
2024-09-10 05:00:00+00:00;12116.160330774937
2024-09-10 06:00:00+00:00;13203.078461105399
2024-09-10 07:00:00+00:00;15416.177345978633
2024-09-10 08:00:00+00:00;17839.488901156536
2024-09-10 09:00:00+00:00;19677.899061598295
2024-09-10 10:00:00+00:00;20720.14156179893
2024-09-10 11:00:00+00:00;21500.269933051506
2024-09-10 12:00:00+00:00;21674.394556591662
2024-09-10 13:00:00+00:00;20801.353061535086
2024-09-10 14:00:00+00:00;20646.62651921959
2024-09-10 15:00:00+00:00;20101.653359785436
2024-09-10 16:00:00+00:00;20128.958171547107
2024-09-10 17:00:00+00:00;20556.58699331583
2024-09-10 18:00:00+00:00;22350.80391869226
2024-09-10 19:00:00+00:00;24688.434765191756
2024-09-10 20:00:00+00:00;24779.066705005294
2024-09-10 21:00:00+00:00;23095.995712761905
2024-09-10 22:00:00+00:00;20595.420550882875
2024-09-10 23:00:00+00:00;17863.118270779985
2024-09-11 00:00:00+00:00;15314.453701638704
2024-09-11 01:00:00+00:00;13778.25702197076
2024-09-11 02:00:00+00:00;12893.873147944007
2024-09-11 03:00:00+00:00;12287.01968774169
2024-09-11 04:00:00+00:00;12146.675772787425
2024-09-11 05:00:00+00:00;12202.471406416273
2024-09-11 06:00:00+00:00;13330.620692598777
2024-09-11 07:00:00+00:00;16047.800207418037
2024-09-11 08:00:00+00:00;18935.218811746836
2024-09-11 09:00:00+00:00;20870.213257347787
2024-09-11 10:00:00+00:00;21545.328590571757
2024-09-11 11:00:00+00:00;21991.567925080795
2024-09-11 12:00:00+00:00;22248.872586744776
2024-09-11 13:00:00+00:00;21547.449999193974
2024-09-11 14:00:00+00:00;21316.70752187082
2024-09-11 15:00:00+00:00;20810.301171234492
2024-09-11 16:00:00+00:00;20910.44556005094
2024-09-11 17:00:00+00:00;21086.35255922342
2024-09-11 18:00:00+00:00;22660.277440658752
2024-09-11 19:00:00+00:00;24845.488757162693
2024-09-11 20:00:00+00:00;24681.673479179288
2024-09-11 21:00:00+00:00;22837.28572467543
2024-09-11 22:00:00+00:00;20380.480929732897
2024-09-11 23:00:00+00:00;17579.701591510366
2024-09-12 00:00:00+00:00;15023.54576209094
2024-09-12 01:00:00+00:00;13500.602095765456
2024-09-12 02:00:00+00:00;12570.815931247957
2024-09-12 03:00:00+00:00;12138.667102814437
2024-09-12 04:00:00+00:00;12030.339011211225
2024-09-12 05:00:00+00:00;12185.323084217116
2024-09-12 06:00:00+00:00;13308.638659104598
2024-09-12 07:00:00+00:00;16042.60705789705
2024-09-12 08:00:00+00:00;19045.344834548898
2024-09-12 09:00:00+00:00;21031.759612133123
2024-09-12 10:00:00+00:00;22054.278768880726
2024-09-12 11:00:00+00:00;22445.88848166495
2024-09-12 12:00:00+00:00;22704.53875011801
2024-09-12 13:00:00+00:00;22216.410439653184
2024-09-12 14:00:00+00:00;22015.710226275365
2024-09-12 15:00:00+00:00;21632.341789680962
2024-09-12 16:00:00+00:00;21707.700463720128
2024-09-12 17:00:00+00:00;21905.91477033985
2024-09-12 18:00:00+00:00;23213.831986630965
2024-09-12 19:00:00+00:00;25350.040662055486
2024-09-12 20:00:00+00:00;25052.396777261685
2024-09-12 21:00:00+00:00;23239.504561321617
2024-09-12 22:00:00+00:00;20810.35434901003
2024-09-12 23:00:00+00:00;16966.708713627853
2024-09-13 00:00:00+00:00;15287.034622943394
2024-09-13 01:00:00+00:00;13715.197110710931
2024-09-13 02:00:00+00:00;12834.345751737597
2024-09-13 03:00:00+00:00;12294.66951690652
2024-09-13 04:00:00+00:00;12225.011753477613
2024-09-13 05:00:00+00:00;12146.211202353219
2024-09-13 06:00:00+00:00;13225.450983326391
2024-09-13 07:00:00+00:00;15905.149201106573
2024-09-13 08:00:00+00:00;19049.90924993785
2024-09-13 09:00:00+00:00;21181.516379384822
2024-09-13 10:00:00+00:00;22026.454913643316
2024-09-13 11:00:00+00:00;22353.792822606778
2024-09-13 12:00:00+00:00;22265.065034599207
2024-09-13 13:00:00+00:00;21413.800304024524
2024-09-13 14:00:00+00:00;21339.735885065467
2024-09-13 15:00:00+00:00;21076.364637023886
2024-09-13 16:00:00+00:00;21165.319240266956
2024-09-13 17:00:00+00:00;21039.408569882293
2024-09-13 18:00:00+00:00;22373.965508593385
2024-09-13 19:00:00+00:00;23837.25410912846
2024-09-13 20:00:00+00:00;23554.89976785834
2024-09-13 21:00:00+00:00;21875.403029809266
2024-09-13 22:00:00+00:00;20126.837684535425
2024-09-13 23:00:00+00:00;17271.026454368624
2024-09-14 00:00:00+00:00;14852.604280140436
2024-09-14 01:00:00+00:00;13330.933060205865
2024-09-14 02:00:00+00:00;12300.647956455454
2024-09-14 03:00:00+00:00;11676.916878069858
2024-09-14 04:00:00+00:00;11514.023442931506
2024-09-14 05:00:00+00:00;11522.640146112035
2024-09-14 06:00:00+00:00;11991.664720345765
2024-09-14 07:00:00+00:00;12831.937748106935
2024-09-14 08:00:00+00:00;14667.994734547994
2024-09-14 09:00:00+00:00;16910.446786285815
2024-09-14 10:00:00+00:00;18226.44248657937
2024-09-14 11:00:00+00:00;19000.83475242037
2024-09-14 12:00:00+00:00;19940.995746814344
2024-09-14 13:00:00+00:00;19335.91279169445
2024-09-14 14:00:00+00:00;18481.681810036112
2024-09-14 15:00:00+00:00;18029.818139620267
2024-09-14 16:00:00+00:00;17895.898460805896
2024-09-14 17:00:00+00:00;18662.400120417362
2024-09-14 18:00:00+00:00;20658.655227888117
2024-09-14 19:00:00+00:00;22138.60395589442
2024-09-14 20:00:00+00:00;21784.81782475603
2024-09-14 21:00:00+00:00;20141.501822440496
2024-09-14 22:00:00+00:00;18618.126612162243
2024-09-14 23:00:00+00:00;16240.058014459732
2024-09-15 00:00:00+00:00;14098.101480038871
2024-09-15 01:00:00+00:00;12662.270881786057
2024-09-15 02:00:00+00:00;11705.832062656445
2024-09-15 03:00:00+00:00;11140.248324639875
2024-09-15 04:00:00+00:00;10881.268096545826
2024-09-15 05:00:00+00:00;10900.301883181692
2024-09-15 06:00:00+00:00;11129.576363812346
2024-09-15 07:00:00+00:00;11673.338755428602
2024-09-15 08:00:00+00:00;13060.576919449302
2024-09-15 09:00:00+00:00;15363.678671307083
2024-09-15 10:00:00+00:00;17300.016964422648
2024-09-15 11:00:00+00:00;18516.818775948665
2024-09-15 12:00:00+00:00;19702.01396303863
2024-09-15 13:00:00+00:00;18866.11195281239
2024-09-15 14:00:00+00:00;17889.05026548002
2024-09-15 15:00:00+00:00;17449.51718086662
2024-09-15 16:00:00+00:00;17535.484301314358
2024-09-15 17:00:00+00:00;18386.94291279026
2024-09-15 18:00:00+00:00;20209.64631090783
2024-09-15 19:00:00+00:00;21914.211083737835
2024-09-15 20:00:00+00:00;22030.053813270246
2024-09-15 21:00:00+00:00;20676.228379046417
2024-09-15 22:00:00+00:00;18521.958950253284
2024-09-15 23:00:00+00:00;16150.28868316701
2024-09-16 00:00:00+00:00;14552.254130365518
2024-09-16 01:00:00+00:00;12976.39341946342
2024-09-16 02:00:00+00:00;12068.928574474872
2024-09-16 03:00:00+00:00;11555.059756526083
2024-09-16 04:00:00+00:00;11478.108389538515
2024-09-16 05:00:00+00:00;11619.776290206408
2024-09-16 06:00:00+00:00;12821.1654735357
2024-09-16 07:00:00+00:00;15351.504720793873
2024-09-16 08:00:00+00:00;18475.271643016265
2024-09-16 09:00:00+00:00;20684.64492020552
2024-09-16 10:00:00+00:00;21462.566158633173
2024-09-16 11:00:00+00:00;21767.112031992798
2024-09-16 12:00:00+00:00;21942.548104732945
2024-09-16 13:00:00+00:00;21259.65762754037
2024-09-16 14:00:00+00:00;21006.318046306948
2024-09-16 15:00:00+00:00;20817.405680073767
2024-09-16 16:00:00+00:00;20863.50469750219
2024-09-16 17:00:00+00:00;21213.60471033538
2024-09-16 18:00:00+00:00;22714.418183059926
2024-09-16 19:00:00+00:00;24945.102172792172
2024-09-16 20:00:00+00:00;24886.3698604179
2024-09-16 21:00:00+00:00;22972.267629443195
2024-09-16 22:00:00+00:00;20681.200959948415
2024-09-16 23:00:00+00:00;17684.840326723664
2024-09-17 00:00:00+00:00;15162.272241120294
2024-09-17 01:00:00+00:00;13644.738374463435
2024-09-17 02:00:00+00:00;12695.702802718977
2024-09-17 03:00:00+00:00;12225.239294951634
2024-09-17 04:00:00+00:00;12066.366866664734
2024-09-17 05:00:00+00:00;12116.160330774937
2024-09-17 06:00:00+00:00;13203.078461105399
2024-09-17 07:00:00+00:00;15416.177345978633
2024-09-17 08:00:00+00:00;17839.488901156536
2024-09-17 09:00:00+00:00;19677.899061598295
2024-09-17 10:00:00+00:00;20720.14156179893
2024-09-17 11:00:00+00:00;21500.269933051506
2024-09-17 12:00:00+00:00;21674.394556591662
2024-09-17 13:00:00+00:00;20801.353061535086
2024-09-17 14:00:00+00:00;20646.62651921959
2024-09-17 15:00:00+00:00;20101.653359785436
2024-09-17 16:00:00+00:00;20128.958171547107
2024-09-17 17:00:00+00:00;20556.58699331583
2024-09-17 18:00:00+00:00;22350.80391869226
2024-09-17 19:00:00+00:00;24688.434765191756
2024-09-17 20:00:00+00:00;24779.066705005294
2024-09-17 21:00:00+00:00;23095.995712761905
2024-09-17 22:00:00+00:00;20595.420550882875
2024-09-17 23:00:00+00:00;17863.118270779985
2024-09-18 00:00:00+00:00;15314.453701638704
2024-09-18 01:00:00+00:00;13778.25702197076
2024-09-18 02:00:00+00:00;12893.873147944007
2024-09-18 03:00:00+00:00;12287.01968774169
2024-09-18 04:00:00+00:00;12146.675772787425
2024-09-18 05:00:00+00:00;12202.471406416273
2024-09-18 06:00:00+00:00;13330.620692598777
2024-09-18 07:00:00+00:00;16047.800207418037
2024-09-18 08:00:00+00:00;18935.218811746836
2024-09-18 09:00:00+00:00;20870.213257347787
2024-09-18 10:00:00+00:00;21545.328590571757
2024-09-18 11:00:00+00:00;21991.567925080795
2024-09-18 12:00:00+00:00;22248.872586744776
2024-09-18 13:00:00+00:00;21547.449999193974
2024-09-18 14:00:00+00:00;21316.70752187082
2024-09-18 15:00:00+00:00;20810.301171234492
2024-09-18 16:00:00+00:00;20910.44556005094
2024-09-18 17:00:00+00:00;21086.35255922342
2024-09-18 18:00:00+00:00;22660.277440658752
2024-09-18 19:00:00+00:00;24845.488757162693
2024-09-18 20:00:00+00:00;24681.673479179288
2024-09-18 21:00:00+00:00;22837.28572467543
2024-09-18 22:00:00+00:00;20380.480929732897
2024-09-18 23:00:00+00:00;17579.701591510366
2024-09-19 00:00:00+00:00;15023.54576209094
2024-09-19 01:00:00+00:00;13500.602095765456
2024-09-19 02:00:00+00:00;12570.815931247957
2024-09-19 03:00:00+00:00;12138.667102814437
2024-09-19 04:00:00+00:00;12030.339011211225
2024-09-19 05:00:00+00:00;12185.323084217116
2024-09-19 06:00:00+00:00;13308.638659104598
2024-09-19 07:00:00+00:00;16042.60705789705
2024-09-19 08:00:00+00:00;19045.344834548898
2024-09-19 09:00:00+00:00;21031.759612133123
2024-09-19 10:00:00+00:00;22054.278768880726
2024-09-19 11:00:00+00:00;22445.88848166495
2024-09-19 12:00:00+00:00;22704.53875011801
2024-09-19 13:00:00+00:00;22216.410439653184
2024-09-19 14:00:00+00:00;22015.710226275365
2024-09-19 15:00:00+00:00;21632.341789680962
2024-09-19 16:00:00+00:00;21707.700463720128
2024-09-19 17:00:00+00:00;21905.91477033985
2024-09-19 18:00:00+00:00;23213.831986630965
2024-09-19 19:00:00+00:00;25350.040662055486
2024-09-19 20:00:00+00:00;25052.396777261685
2024-09-19 21:00:00+00:00;23239.504561321617
2024-09-19 22:00:00+00:00;20810.35434901003
2024-09-19 23:00:00+00:00;16966.708713627853
2024-09-20 00:00:00+00:00;15287.034622943394
2024-09-20 01:00:00+00:00;13715.197110710931
2024-09-20 02:00:00+00:00;12834.345751737597
2024-09-20 03:00:00+00:00;12294.66951690652
2024-09-20 04:00:00+00:00;12225.011753477613
2024-09-20 05:00:00+00:00;12146.211202353219
2024-09-20 06:00:00+00:00;13225.450983326391
2024-09-20 07:00:00+00:00;15905.149201106573
2024-09-20 08:00:00+00:00;19049.90924993785
2024-09-20 09:00:00+00:00;21181.516379384822
2024-09-20 10:00:00+00:00;22026.454913643316
2024-09-20 11:00:00+00:00;22353.792822606778
2024-09-20 12:00:00+00:00;22265.065034599207
2024-09-20 13:00:00+00:00;21413.800304024524
2024-09-20 14:00:00+00:00;21339.735885065467
2024-09-20 15:00:00+00:00;21076.364637023886
2024-09-20 16:00:00+00:00;21165.319240266956
2024-09-20 17:00:00+00:00;21039.408569882293
2024-09-20 18:00:00+00:00;22373.965508593385
2024-09-20 19:00:00+00:00;23837.25410912846
2024-09-20 20:00:00+00:00;23554.89976785834
2024-09-20 21:00:00+00:00;21875.403029809266
2024-09-20 22:00:00+00:00;20126.837684535425
2024-09-20 23:00:00+00:00;17271.026454368624
2024-09-21 00:00:00+00:00;14852.604280140436
2024-09-21 01:00:00+00:00;13330.933060205865
2024-09-21 02:00:00+00:00;12300.647956455454
2024-09-21 03:00:00+00:00;11676.916878069858
2024-09-21 04:00:00+00:00;11514.023442931506
2024-09-21 05:00:00+00:00;11522.640146112035
2024-09-21 06:00:00+00:00;11991.664720345765
2024-09-21 07:00:00+00:00;12831.937748106935
2024-09-21 08:00:00+00:00;14667.994734547994
2024-09-21 09:00:00+00:00;16910.446786285815
2024-09-21 10:00:00+00:00;18226.44248657937
2024-09-21 11:00:00+00:00;19000.83475242037
2024-09-21 12:00:00+00:00;19940.995746814344
2024-09-21 13:00:00+00:00;19335.91279169445
2024-09-21 14:00:00+00:00;18481.681810036112
2024-09-21 15:00:00+00:00;18029.818139620267
2024-09-21 16:00:00+00:00;17895.898460805896
2024-09-21 17:00:00+00:00;18662.400120417362
2024-09-21 18:00:00+00:00;20658.655227888117
2024-09-21 19:00:00+00:00;22138.60395589442
2024-09-21 20:00:00+00:00;21784.81782475603
2024-09-21 21:00:00+00:00;20141.501822440496
2024-09-21 22:00:00+00:00;18618.126612162243
2024-09-21 23:00:00+00:00;16240.058014459732
2024-09-22 00:00:00+00:00;14098.101480038871
2024-09-22 01:00:00+00:00;12662.270881786057
2024-09-22 02:00:00+00:00;11705.832062656445
2024-09-22 03:00:00+00:00;11140.248324639875
2024-09-22 04:00:00+00:00;10881.268096545826
2024-09-22 05:00:00+00:00;10900.301883181692
2024-09-22 06:00:00+00:00;11129.576363812346
2024-09-22 07:00:00+00:00;11673.338755428602
2024-09-22 08:00:00+00:00;13060.576919449302
2024-09-22 09:00:00+00:00;15363.678671307083
2024-09-22 10:00:00+00:00;17300.016964422648
2024-09-22 11:00:00+00:00;18516.818775948665
2024-09-22 12:00:00+00:00;19702.01396303863
2024-09-22 13:00:00+00:00;18866.11195281239
2024-09-22 14:00:00+00:00;17889.05026548002
2024-09-22 15:00:00+00:00;17449.51718086662
2024-09-22 16:00:00+00:00;17535.484301314358
2024-09-22 17:00:00+00:00;18386.94291279026
2024-09-22 18:00:00+00:00;20209.64631090783
2024-09-22 19:00:00+00:00;21914.211083737835
2024-09-22 20:00:00+00:00;22030.053813270246
2024-09-22 21:00:00+00:00;20676.228379046417
2024-09-22 22:00:00+00:00;18521.958950253284
2024-09-22 23:00:00+00:00;16150.28868316701
2024-09-23 00:00:00+00:00;14552.254130365518
2024-09-23 01:00:00+00:00;12976.39341946342
2024-09-23 02:00:00+00:00;12068.928574474872
2024-09-23 03:00:00+00:00;11555.059756526083
2024-09-23 04:00:00+00:00;11478.108389538515
2024-09-23 05:00:00+00:00;11619.776290206408
2024-09-23 06:00:00+00:00;12821.1654735357
2024-09-23 07:00:00+00:00;15351.504720793873
2024-09-23 08:00:00+00:00;18475.271643016265
2024-09-23 09:00:00+00:00;20684.64492020552
2024-09-23 10:00:00+00:00;21462.566158633173
2024-09-23 11:00:00+00:00;21767.112031992798
2024-09-23 12:00:00+00:00;21942.548104732945
2024-09-23 13:00:00+00:00;21259.65762754037
2024-09-23 14:00:00+00:00;21006.318046306948
2024-09-23 15:00:00+00:00;20817.405680073767
2024-09-23 16:00:00+00:00;20863.50469750219
2024-09-23 17:00:00+00:00;21213.60471033538
2024-09-23 18:00:00+00:00;22714.418183059926
2024-09-23 19:00:00+00:00;24945.102172792172
2024-09-23 20:00:00+00:00;24886.3698604179
2024-09-23 21:00:00+00:00;22972.267629443195
2024-09-23 22:00:00+00:00;20681.200959948415
2024-09-23 23:00:00+00:00;17684.840326723664
2024-09-24 00:00:00+00:00;15162.272241120294
2024-09-24 01:00:00+00:00;13644.738374463435
2024-09-24 02:00:00+00:00;12695.702802718977
2024-09-24 03:00:00+00:00;12225.239294951634
2024-09-24 04:00:00+00:00;12066.366866664734
2024-09-24 05:00:00+00:00;12116.160330774937
2024-09-24 06:00:00+00:00;13203.078461105399
2024-09-24 07:00:00+00:00;15416.177345978633
2024-09-24 08:00:00+00:00;17839.488901156536
2024-09-24 09:00:00+00:00;19677.899061598295
2024-09-24 10:00:00+00:00;20720.14156179893
2024-09-24 11:00:00+00:00;21500.269933051506
2024-09-24 12:00:00+00:00;21674.394556591662
2024-09-24 13:00:00+00:00;20801.353061535086
2024-09-24 14:00:00+00:00;20646.62651921959
2024-09-24 15:00:00+00:00;20101.653359785436
2024-09-24 16:00:00+00:00;20128.958171547107
2024-09-24 17:00:00+00:00;20556.58699331583
2024-09-24 18:00:00+00:00;22350.80391869226
2024-09-24 19:00:00+00:00;24688.434765191756
2024-09-24 20:00:00+00:00;24779.066705005294
2024-09-24 21:00:00+00:00;23095.995712761905
2024-09-24 22:00:00+00:00;20595.420550882875
2024-09-24 23:00:00+00:00;17863.118270779985
2024-09-25 00:00:00+00:00;15314.453701638704
2024-09-25 01:00:00+00:00;13778.25702197076
2024-09-25 02:00:00+00:00;12893.873147944007
2024-09-25 03:00:00+00:00;12287.01968774169
2024-09-25 04:00:00+00:00;12146.675772787425
2024-09-25 05:00:00+00:00;12202.471406416273
2024-09-25 06:00:00+00:00;13330.620692598777
2024-09-25 07:00:00+00:00;16047.800207418037
2024-09-25 08:00:00+00:00;18935.218811746836
2024-09-25 09:00:00+00:00;20870.213257347787
2024-09-25 10:00:00+00:00;21545.328590571757
2024-09-25 11:00:00+00:00;21991.567925080795
2024-09-25 12:00:00+00:00;22248.872586744776
2024-09-25 13:00:00+00:00;21547.449999193974
2024-09-25 14:00:00+00:00;21316.70752187082
2024-09-25 15:00:00+00:00;20810.301171234492
2024-09-25 16:00:00+00:00;20910.44556005094
2024-09-25 17:00:00+00:00;21086.35255922342
2024-09-25 18:00:00+00:00;22660.277440658752
2024-09-25 19:00:00+00:00;24845.488757162693
2024-09-25 20:00:00+00:00;24681.673479179288
2024-09-25 21:00:00+00:00;22837.28572467543
2024-09-25 22:00:00+00:00;20380.480929732897
2024-09-25 23:00:00+00:00;17579.701591510366
2024-09-26 00:00:00+00:00;15023.54576209094
2024-09-26 01:00:00+00:00;13500.602095765456
2024-09-26 02:00:00+00:00;12570.815931247957
2024-09-26 03:00:00+00:00;12138.667102814437
2024-09-26 04:00:00+00:00;12030.339011211225
2024-09-26 05:00:00+00:00;12185.323084217116
2024-09-26 06:00:00+00:00;13308.638659104598
2024-09-26 07:00:00+00:00;16042.60705789705
2024-09-26 08:00:00+00:00;19045.344834548898
2024-09-26 09:00:00+00:00;21031.759612133123
2024-09-26 10:00:00+00:00;22054.278768880726
2024-09-26 11:00:00+00:00;22445.88848166495
2024-09-26 12:00:00+00:00;22704.53875011801
2024-09-26 13:00:00+00:00;22216.410439653184
2024-09-26 14:00:00+00:00;22015.710226275365
2024-09-26 15:00:00+00:00;21632.341789680962
2024-09-26 16:00:00+00:00;21707.700463720128
2024-09-26 17:00:00+00:00;21905.91477033985
2024-09-26 18:00:00+00:00;23213.831986630965
2024-09-26 19:00:00+00:00;25350.040662055486
2024-09-26 20:00:00+00:00;25052.396777261685
2024-09-26 21:00:00+00:00;23239.504561321617
2024-09-26 22:00:00+00:00;20810.35434901003
2024-09-26 23:00:00+00:00;16966.708713627853
2024-09-27 00:00:00+00:00;15287.034622943394
2024-09-27 01:00:00+00:00;13715.197110710931
2024-09-27 02:00:00+00:00;12834.345751737597
2024-09-27 03:00:00+00:00;12294.66951690652
2024-09-27 04:00:00+00:00;12225.011753477613
2024-09-27 05:00:00+00:00;12146.211202353219
2024-09-27 06:00:00+00:00;13225.450983326391
2024-09-27 07:00:00+00:00;15905.149201106573
2024-09-27 08:00:00+00:00;19049.90924993785
2024-09-27 09:00:00+00:00;21181.516379384822
2024-09-27 10:00:00+00:00;22026.454913643316
2024-09-27 11:00:00+00:00;22353.792822606778
2024-09-27 12:00:00+00:00;22265.065034599207
2024-09-27 13:00:00+00:00;21413.800304024524
2024-09-27 14:00:00+00:00;21339.735885065467
2024-09-27 15:00:00+00:00;21076.364637023886
2024-09-27 16:00:00+00:00;21165.319240266956
2024-09-27 17:00:00+00:00;21039.408569882293
2024-09-27 18:00:00+00:00;22373.965508593385
2024-09-27 19:00:00+00:00;23837.25410912846
2024-09-27 20:00:00+00:00;23554.89976785834
2024-09-27 21:00:00+00:00;21875.403029809266
2024-09-27 22:00:00+00:00;20126.837684535425
2024-09-27 23:00:00+00:00;17271.026454368624
2024-09-28 00:00:00+00:00;14852.604280140436
2024-09-28 01:00:00+00:00;13330.933060205865
2024-09-28 02:00:00+00:00;12300.647956455454
2024-09-28 03:00:00+00:00;11676.916878069858
2024-09-28 04:00:00+00:00;11514.023442931506
2024-09-28 05:00:00+00:00;11522.640146112035
2024-09-28 06:00:00+00:00;11991.664720345765
2024-09-28 07:00:00+00:00;12831.937748106935
2024-09-28 08:00:00+00:00;14667.994734547994
2024-09-28 09:00:00+00:00;16910.446786285815
2024-09-28 10:00:00+00:00;18226.44248657937
2024-09-28 11:00:00+00:00;19000.83475242037
2024-09-28 12:00:00+00:00;19940.995746814344
2024-09-28 13:00:00+00:00;19335.91279169445
2024-09-28 14:00:00+00:00;18481.681810036112
2024-09-28 15:00:00+00:00;18029.818139620267
2024-09-28 16:00:00+00:00;17895.898460805896
2024-09-28 17:00:00+00:00;18662.400120417362
2024-09-28 18:00:00+00:00;20658.655227888117
2024-09-28 19:00:00+00:00;22138.60395589442
2024-09-28 20:00:00+00:00;21784.81782475603
2024-09-28 21:00:00+00:00;20141.501822440496
2024-09-28 22:00:00+00:00;18618.126612162243
2024-09-28 23:00:00+00:00;16240.058014459732
2024-09-29 00:00:00+00:00;14098.101480038871
2024-09-29 01:00:00+00:00;12662.270881786057
2024-09-29 02:00:00+00:00;11705.832062656445
2024-09-29 03:00:00+00:00;11140.248324639875
2024-09-29 04:00:00+00:00;10881.268096545826
2024-09-29 05:00:00+00:00;10900.301883181692
2024-09-29 06:00:00+00:00;11129.576363812346
2024-09-29 07:00:00+00:00;11673.338755428602
2024-09-29 08:00:00+00:00;13060.576919449302
2024-09-29 09:00:00+00:00;15363.678671307083
2024-09-29 10:00:00+00:00;17300.016964422648
2024-09-29 11:00:00+00:00;18516.818775948665
2024-09-29 12:00:00+00:00;19702.01396303863
2024-09-29 13:00:00+00:00;18866.11195281239
2024-09-29 14:00:00+00:00;17889.05026548002
2024-09-29 15:00:00+00:00;17449.51718086662
2024-09-29 16:00:00+00:00;17535.484301314358
2024-09-29 17:00:00+00:00;18386.94291279026
2024-09-29 18:00:00+00:00;20209.64631090783
2024-09-29 19:00:00+00:00;21914.211083737835
2024-09-29 20:00:00+00:00;22030.053813270246
2024-09-29 21:00:00+00:00;20676.228379046417
2024-09-29 22:00:00+00:00;18521.958950253284
2024-09-29 23:00:00+00:00;16150.28868316701
2024-09-30 00:00:00+00:00;14552.254130365518
2024-09-30 01:00:00+00:00;12976.39341946342
2024-09-30 02:00:00+00:00;12068.928574474872
2024-09-30 03:00:00+00:00;11555.059756526083
2024-09-30 04:00:00+00:00;11478.108389538515
2024-09-30 05:00:00+00:00;11619.776290206408
2024-09-30 06:00:00+00:00;12821.1654735357
2024-09-30 07:00:00+00:00;15351.504720793873
2024-09-30 08:00:00+00:00;18475.271643016265
2024-09-30 09:00:00+00:00;20684.64492020552
2024-09-30 10:00:00+00:00;21462.566158633173
2024-09-30 11:00:00+00:00;21767.112031992798
2024-09-30 12:00:00+00:00;21942.548104732945
2024-09-30 13:00:00+00:00;21259.65762754037
2024-09-30 14:00:00+00:00;21006.318046306948
2024-09-30 15:00:00+00:00;20817.405680073767
2024-09-30 16:00:00+00:00;20863.50469750219
2024-09-30 17:00:00+00:00;21213.60471033538
2024-09-30 18:00:00+00:00;22714.418183059926
2024-09-30 19:00:00+00:00;24945.102172792172
2024-09-30 20:00:00+00:00;24886.3698604179
2024-09-30 21:00:00+00:00;22972.267629443195
2024-09-30 22:00:00+00:00;20681.200959948415
2024-09-30 23:00:00+00:00;17684.840326723664
2024-10-01 00:00:00+00:00;17328.31113270891
2024-10-01 01:00:00+00:00;15593.9867136725
2024-10-01 02:00:00+00:00;14509.374631678831
2024-10-01 03:00:00+00:00;13971.702051373299
2024-10-01 04:00:00+00:00;13790.133561902556
2024-10-01 05:00:00+00:00;13847.040378028501
2024-10-01 06:00:00+00:00;15089.2325269776
2024-10-01 07:00:00+00:00;17618.488395404154
2024-10-01 08:00:00+00:00;20387.987315607472
2024-10-01 09:00:00+00:00;22489.02749896948
2024-10-01 10:00:00+00:00;23680.161784913063
2024-10-01 11:00:00+00:00;24571.73706634458
2024-10-01 12:00:00+00:00;24770.73663610476
2024-10-01 13:00:00+00:00;23772.974927468676
2024-10-01 14:00:00+00:00;23596.14459339382
2024-10-01 15:00:00+00:00;22973.31812546907
2024-10-01 16:00:00+00:00;23004.523624625268
2024-10-01 17:00:00+00:00;23493.24227807524
2024-10-01 18:00:00+00:00;25543.775907076873
2024-10-01 19:00:00+00:00;28215.354017362013
2024-10-01 20:00:00+00:00;28318.93337714891
2024-10-01 21:00:00+00:00;26395.4236717279
2024-10-01 22:00:00+00:00;23537.62348672329
2024-10-01 23:00:00+00:00;20414.992309462843
2024-10-02 00:00:00+00:00;17502.232801872808
2024-10-02 01:00:00+00:00;15746.579453680868
2024-10-02 02:00:00+00:00;14735.855026221725
2024-10-02 03:00:00+00:00;14042.308214561934
2024-10-02 04:00:00+00:00;13881.915168899915
2024-10-02 05:00:00+00:00;13945.681607332885
2024-10-02 06:00:00+00:00;15234.995077255748
2024-10-02 07:00:00+00:00;18340.343094192045
2024-10-02 08:00:00+00:00;21640.250070567814
2024-10-02 09:00:00+00:00;23851.672294111762
2024-10-02 10:00:00+00:00;24623.23267493915
2024-10-02 11:00:00+00:00;25133.220485806625
2024-10-02 12:00:00+00:00;25427.282956279745
2024-10-02 13:00:00+00:00;24625.65714193597
2024-10-02 14:00:00+00:00;24361.951453566653
2024-10-02 15:00:00+00:00;23783.201338553707
2024-10-02 16:00:00+00:00;23897.652068629646
2024-10-02 17:00:00+00:00;24098.68863911248
2024-10-02 18:00:00+00:00;25897.459932181435
2024-10-02 19:00:00+00:00;28394.844293900227
2024-10-02 20:00:00+00:00;28207.626833347764
2024-10-02 21:00:00+00:00;26099.75511391478
2024-10-02 22:00:00+00:00;23291.97820540903
2024-10-02 23:00:00+00:00;20091.087533154707
2024-10-03 00:00:00+00:00;17169.76658524679
2024-10-03 01:00:00+00:00;15429.259538017664
2024-10-03 02:00:00+00:00;14366.646778569095
2024-10-03 03:00:00+00:00;13872.762403216502
2024-10-03 04:00:00+00:00;13748.958869955686
2024-10-03 05:00:00+00:00;13926.083524819564
2024-10-03 06:00:00+00:00;15209.872753262398
2024-10-03 07:00:00+00:00;18334.40806616806
2024-10-03 08:00:00+00:00;21766.1083823416
2024-10-03 09:00:00+00:00;24036.296699580715
2024-10-03 10:00:00+00:00;25204.890021577976
2024-10-03 11:00:00+00:00;25652.443979045664
2024-10-03 12:00:00+00:00;25948.04428584916
2024-10-03 13:00:00+00:00;25390.18335960364
2024-10-03 14:00:00+00:00;25160.81168717185
2024-10-03 15:00:00+00:00;24722.67633106396
2024-10-03 16:00:00+00:00;24808.80052996586
2024-10-03 17:00:00+00:00;25035.331166102686
2024-10-03 18:00:00+00:00;26530.09369900682
2024-10-03 19:00:00+00:00;28971.47504234913
2024-10-03 20:00:00+00:00;28631.310602584785
2024-10-03 21:00:00+00:00;26559.433784367564
2024-10-03 22:00:00+00:00;23783.262113154324
2024-10-03 23:00:00+00:00;19390.52424414612
2024-10-04 00:00:00+00:00;17470.89671193531
2024-10-04 01:00:00+00:00;15674.510983669636
2024-10-04 02:00:00+00:00;14667.823716271541
2024-10-04 03:00:00+00:00;14051.050876464597
2024-10-04 04:00:00+00:00;13971.442003974415
2024-10-04 05:00:00+00:00;13881.384231260825
2024-10-04 06:00:00+00:00;15114.80112380159
2024-10-04 07:00:00+00:00;18177.31337269323
2024-10-04 08:00:00+00:00;21771.324857071828
2024-10-04 09:00:00+00:00;24207.44729072551
2024-10-04 10:00:00+00:00;25173.09132987808
2024-10-04 11:00:00+00:00;25547.191797264895
2024-10-04 12:00:00+00:00;25445.788610970525
2024-10-04 13:00:00+00:00;24472.914633170887
2024-10-04 14:00:00+00:00;24388.269582931967
2024-10-04 15:00:00+00:00;24087.27387088444
2024-10-04 16:00:00+00:00;24188.93627459081
2024-10-04 17:00:00+00:00;24045.038365579763
2024-10-04 18:00:00+00:00;25570.2462955353
2024-10-04 19:00:00+00:00;27242.576124718238
2024-10-04 20:00:00+00:00;26919.88544898096
2024-10-04 21:00:00+00:00;25000.460605496308
2024-10-04 22:00:00+00:00;23002.10021089763
2024-10-04 23:00:00+00:00;19738.315947849856
2024-10-05 00:00:00+00:00;16974.40489158907
2024-10-05 01:00:00+00:00;15235.352068806706
2024-10-05 02:00:00+00:00;14057.883378806233
2024-10-05 03:00:00+00:00;13345.04786065127
2024-10-05 04:00:00+00:00;13158.883934778867
2024-10-05 05:00:00+00:00;13168.731595556614
2024-10-05 06:00:00+00:00;13704.75968039516
2024-10-05 07:00:00+00:00;14665.071712122211
2024-10-05 08:00:00+00:00;16763.422553769138
2024-10-05 09:00:00+00:00;19326.224898612363
2024-10-05 10:00:00+00:00;20830.219984662137
2024-10-05 11:00:00+00:00;21715.239717051852
2024-10-05 12:00:00+00:00;22789.709424930683
2024-10-05 13:00:00+00:00;22098.1860476508
2024-10-05 14:00:00+00:00;21121.922068612705
2024-10-05 15:00:00+00:00;20605.506445280305
2024-10-05 16:00:00+00:00;20452.45538377817
2024-10-05 17:00:00+00:00;21328.45728047699
2024-10-05 18:00:00+00:00;23609.891689014992
2024-10-05 19:00:00+00:00;25301.26166387934
2024-10-05 20:00:00+00:00;24896.93465686404
2024-10-05 21:00:00+00:00;23018.859225646283
2024-10-05 22:00:00+00:00;21277.85898532828
2024-10-05 23:00:00+00:00;18560.066302239695
2024-10-06 00:00:00+00:00;16112.115977187284
2024-10-06 01:00:00+00:00;14471.16672204121
2024-10-06 02:00:00+00:00;13378.093785893083
2024-10-06 03:00:00+00:00;12731.712371017002
2024-10-06 04:00:00+00:00;12435.734967480945
2024-10-06 05:00:00+00:00;12457.487866493364
2024-10-06 06:00:00+00:00;12719.515844356969
2024-10-06 07:00:00+00:00;13340.95857763269
2024-10-06 08:00:00+00:00;14926.373622227775
2024-10-06 09:00:00+00:00;17558.48991006524
2024-10-06 10:00:00+00:00;19771.447959340174
2024-10-06 11:00:00+00:00;21162.07860108419
2024-10-06 12:00:00+00:00;22516.587386329862
2024-10-06 13:00:00+00:00;21561.27080321416
2024-10-06 14:00:00+00:00;20444.628874834307
2024-10-06 15:00:00+00:00;19942.30534956185
2024-10-06 16:00:00+00:00;20040.553487216413
2024-10-06 17:00:00+00:00;21013.649043188867
2024-10-06 18:00:00+00:00;23096.73864103752
2024-10-06 19:00:00+00:00;25044.812667128957
2024-10-06 20:00:00+00:00;25177.20435802314
2024-10-06 21:00:00+00:00;23629.975290338763
2024-10-06 22:00:00+00:00;21167.953086003756
2024-10-06 23:00:00+00:00;18457.4727807623
2024-10-07 00:00:00+00:00;16631.147577560594
2024-10-07 01:00:00+00:00;14830.163907958195
2024-10-07 02:00:00+00:00;13793.061227971284
2024-10-07 03:00:00+00:00;13205.782578886952
2024-10-07 04:00:00+00:00;13117.838159472589
2024-10-07 05:00:00+00:00;13279.744331664468
2024-10-07 06:00:00+00:00;14652.76054118366
2024-10-07 07:00:00+00:00;17544.57682376443
2024-10-07 08:00:00+00:00;21114.59616344716
2024-10-07 09:00:00+00:00;23639.594194520596
2024-10-07 10:00:00+00:00;24528.647038437917
2024-10-07 11:00:00+00:00;24876.699465134632
2024-10-07 12:00:00+00:00;25077.19783398051
2024-10-07 13:00:00+00:00;24296.751574331854
2024-10-07 14:00:00+00:00;24007.220624350797
2024-10-07 15:00:00+00:00;23791.320777227167
2024-10-07 16:00:00+00:00;23844.005368573933
2024-10-07 17:00:00+00:00;24244.119668954725
2024-10-07 18:00:00+00:00;25959.335066354204
2024-10-07 19:00:00+00:00;28508.688197476775
2024-10-07 20:00:00+00:00;28441.56555476332
2024-10-07 21:00:00+00:00;26254.02014793508
2024-10-07 22:00:00+00:00;23635.65823994105
2024-10-07 23:00:00+00:00;20211.246087684194
2024-10-08 00:00:00+00:00;17328.31113270891
2024-10-08 01:00:00+00:00;15593.9867136725
2024-10-08 02:00:00+00:00;14509.374631678831
2024-10-08 03:00:00+00:00;13971.702051373299
2024-10-08 04:00:00+00:00;13790.133561902556
2024-10-08 05:00:00+00:00;13847.040378028501
2024-10-08 06:00:00+00:00;15089.2325269776
2024-10-08 07:00:00+00:00;17618.488395404154
2024-10-08 08:00:00+00:00;20387.987315607472
2024-10-08 09:00:00+00:00;22489.02749896948
2024-10-08 10:00:00+00:00;23680.161784913063
2024-10-08 11:00:00+00:00;24571.73706634458
2024-10-08 12:00:00+00:00;24770.73663610476
2024-10-08 13:00:00+00:00;23772.974927468676
2024-10-08 14:00:00+00:00;23596.14459339382
2024-10-08 15:00:00+00:00;22973.31812546907
2024-10-08 16:00:00+00:00;23004.523624625268
2024-10-08 17:00:00+00:00;23493.24227807524
2024-10-08 18:00:00+00:00;25543.775907076873
2024-10-08 19:00:00+00:00;28215.354017362013
2024-10-08 20:00:00+00:00;28318.93337714891
2024-10-08 21:00:00+00:00;26395.4236717279
2024-10-08 22:00:00+00:00;23537.62348672329
2024-10-08 23:00:00+00:00;20414.992309462843
2024-10-09 00:00:00+00:00;17502.232801872808
2024-10-09 01:00:00+00:00;15746.579453680868
2024-10-09 02:00:00+00:00;14735.855026221725
2024-10-09 03:00:00+00:00;14042.308214561934
2024-10-09 04:00:00+00:00;13881.915168899915
2024-10-09 05:00:00+00:00;13945.681607332885
2024-10-09 06:00:00+00:00;15234.995077255748
2024-10-09 07:00:00+00:00;18340.343094192045
2024-10-09 08:00:00+00:00;21640.250070567814
2024-10-09 09:00:00+00:00;23851.672294111762
2024-10-09 10:00:00+00:00;24623.23267493915
2024-10-09 11:00:00+00:00;25133.220485806625
2024-10-09 12:00:00+00:00;25427.282956279745
2024-10-09 13:00:00+00:00;24625.65714193597
2024-10-09 14:00:00+00:00;24361.951453566653
2024-10-09 15:00:00+00:00;23783.201338553707
2024-10-09 16:00:00+00:00;23897.652068629646
2024-10-09 17:00:00+00:00;24098.68863911248
2024-10-09 18:00:00+00:00;25897.459932181435
2024-10-09 19:00:00+00:00;28394.844293900227
2024-10-09 20:00:00+00:00;28207.626833347764
2024-10-09 21:00:00+00:00;26099.75511391478
2024-10-09 22:00:00+00:00;23291.97820540903
2024-10-09 23:00:00+00:00;20091.087533154707
2024-10-10 00:00:00+00:00;17169.76658524679
2024-10-10 01:00:00+00:00;15429.259538017664
2024-10-10 02:00:00+00:00;14366.646778569095
2024-10-10 03:00:00+00:00;13872.762403216502
2024-10-10 04:00:00+00:00;13748.958869955686
2024-10-10 05:00:00+00:00;13926.083524819564
2024-10-10 06:00:00+00:00;15209.872753262398
2024-10-10 07:00:00+00:00;18334.40806616806
2024-10-10 08:00:00+00:00;21766.1083823416
2024-10-10 09:00:00+00:00;24036.296699580715
2024-10-10 10:00:00+00:00;25204.890021577976
2024-10-10 11:00:00+00:00;25652.443979045664
2024-10-10 12:00:00+00:00;25948.04428584916
2024-10-10 13:00:00+00:00;25390.18335960364
2024-10-10 14:00:00+00:00;25160.81168717185
2024-10-10 15:00:00+00:00;24722.67633106396
2024-10-10 16:00:00+00:00;24808.80052996586
2024-10-10 17:00:00+00:00;25035.331166102686
2024-10-10 18:00:00+00:00;26530.09369900682
2024-10-10 19:00:00+00:00;28971.47504234913
2024-10-10 20:00:00+00:00;28631.310602584785
2024-10-10 21:00:00+00:00;26559.433784367564
2024-10-10 22:00:00+00:00;23783.262113154324
2024-10-10 23:00:00+00:00;19390.52424414612
2024-10-11 00:00:00+00:00;17470.89671193531
2024-10-11 01:00:00+00:00;15674.510983669636
2024-10-11 02:00:00+00:00;14667.823716271541
2024-10-11 03:00:00+00:00;14051.050876464597
2024-10-11 04:00:00+00:00;13971.442003974415
2024-10-11 05:00:00+00:00;13881.384231260825
2024-10-11 06:00:00+00:00;15114.80112380159
2024-10-11 07:00:00+00:00;18177.31337269323
2024-10-11 08:00:00+00:00;21771.324857071828
2024-10-11 09:00:00+00:00;24207.44729072551
2024-10-11 10:00:00+00:00;25173.09132987808
2024-10-11 11:00:00+00:00;25547.191797264895
2024-10-11 12:00:00+00:00;25445.788610970525
2024-10-11 13:00:00+00:00;24472.914633170887
2024-10-11 14:00:00+00:00;24388.269582931967
2024-10-11 15:00:00+00:00;24087.27387088444
2024-10-11 16:00:00+00:00;24188.93627459081
2024-10-11 17:00:00+00:00;24045.038365579763
2024-10-11 18:00:00+00:00;25570.2462955353
2024-10-11 19:00:00+00:00;27242.576124718238
2024-10-11 20:00:00+00:00;26919.88544898096
2024-10-11 21:00:00+00:00;25000.460605496308
2024-10-11 22:00:00+00:00;23002.10021089763
2024-10-11 23:00:00+00:00;19738.315947849856
2024-10-12 00:00:00+00:00;16974.40489158907
2024-10-12 01:00:00+00:00;15235.352068806706
2024-10-12 02:00:00+00:00;14057.883378806233
2024-10-12 03:00:00+00:00;13345.04786065127
2024-10-12 04:00:00+00:00;13158.883934778867
2024-10-12 05:00:00+00:00;13168.731595556614
2024-10-12 06:00:00+00:00;13704.75968039516
2024-10-12 07:00:00+00:00;14665.071712122211
2024-10-12 08:00:00+00:00;16763.422553769138
2024-10-12 09:00:00+00:00;19326.224898612363
2024-10-12 10:00:00+00:00;20830.219984662137
2024-10-12 11:00:00+00:00;21715.239717051852
2024-10-12 12:00:00+00:00;22789.709424930683
2024-10-12 13:00:00+00:00;22098.1860476508
2024-10-12 14:00:00+00:00;21121.922068612705
2024-10-12 15:00:00+00:00;20605.506445280305
2024-10-12 16:00:00+00:00;20452.45538377817
2024-10-12 17:00:00+00:00;21328.45728047699
2024-10-12 18:00:00+00:00;23609.891689014992
2024-10-12 19:00:00+00:00;25301.26166387934
2024-10-12 20:00:00+00:00;24896.93465686404
2024-10-12 21:00:00+00:00;23018.859225646283
2024-10-12 22:00:00+00:00;21277.85898532828
2024-10-12 23:00:00+00:00;18560.066302239695
2024-10-13 00:00:00+00:00;16112.115977187284
2024-10-13 01:00:00+00:00;14471.16672204121
2024-10-13 02:00:00+00:00;13378.093785893083
2024-10-13 03:00:00+00:00;12731.712371017002
2024-10-13 04:00:00+00:00;12435.734967480945
2024-10-13 05:00:00+00:00;12457.487866493364
2024-10-13 06:00:00+00:00;12719.515844356969
2024-10-13 07:00:00+00:00;13340.95857763269
2024-10-13 08:00:00+00:00;14926.373622227775
2024-10-13 09:00:00+00:00;17558.48991006524
2024-10-13 10:00:00+00:00;19771.447959340174
2024-10-13 11:00:00+00:00;21162.07860108419
2024-10-13 12:00:00+00:00;22516.587386329862
2024-10-13 13:00:00+00:00;21561.27080321416
2024-10-13 14:00:00+00:00;20444.628874834307
2024-10-13 15:00:00+00:00;19942.30534956185
2024-10-13 16:00:00+00:00;20040.553487216413
2024-10-13 17:00:00+00:00;21013.649043188867
2024-10-13 18:00:00+00:00;23096.73864103752
2024-10-13 19:00:00+00:00;25044.812667128957
2024-10-13 20:00:00+00:00;25177.20435802314
2024-10-13 21:00:00+00:00;23629.975290338763
2024-10-13 22:00:00+00:00;21167.953086003756
2024-10-13 23:00:00+00:00;18457.4727807623
2024-10-14 00:00:00+00:00;16631.147577560594
2024-10-14 01:00:00+00:00;14830.163907958195
2024-10-14 02:00:00+00:00;13793.061227971284
2024-10-14 03:00:00+00:00;13205.782578886952
2024-10-14 04:00:00+00:00;13117.838159472589
2024-10-14 05:00:00+00:00;13279.744331664468
2024-10-14 06:00:00+00:00;14652.76054118366
2024-10-14 07:00:00+00:00;17544.57682376443
2024-10-14 08:00:00+00:00;21114.59616344716
2024-10-14 09:00:00+00:00;23639.594194520596
2024-10-14 10:00:00+00:00;24528.647038437917
2024-10-14 11:00:00+00:00;24876.699465134632
2024-10-14 12:00:00+00:00;25077.19783398051
2024-10-14 13:00:00+00:00;24296.751574331854
2024-10-14 14:00:00+00:00;24007.220624350797
2024-10-14 15:00:00+00:00;23791.320777227167
2024-10-14 16:00:00+00:00;23844.005368573933
2024-10-14 17:00:00+00:00;24244.119668954725
2024-10-14 18:00:00+00:00;25959.335066354204
2024-10-14 19:00:00+00:00;28508.688197476775
2024-10-14 20:00:00+00:00;28441.56555476332
2024-10-14 21:00:00+00:00;26254.02014793508
2024-10-14 22:00:00+00:00;23635.65823994105
2024-10-14 23:00:00+00:00;20211.246087684194
2024-10-15 00:00:00+00:00;17328.31113270891
2024-10-15 01:00:00+00:00;15593.9867136725
2024-10-15 02:00:00+00:00;14509.374631678831
2024-10-15 03:00:00+00:00;13971.702051373299
2024-10-15 04:00:00+00:00;13790.133561902556
2024-10-15 05:00:00+00:00;13847.040378028501
2024-10-15 06:00:00+00:00;15089.2325269776
2024-10-15 07:00:00+00:00;17618.488395404154
2024-10-15 08:00:00+00:00;20387.987315607472
2024-10-15 09:00:00+00:00;22489.02749896948
2024-10-15 10:00:00+00:00;23680.161784913063
2024-10-15 11:00:00+00:00;24571.73706634458
2024-10-15 12:00:00+00:00;24770.73663610476
2024-10-15 13:00:00+00:00;23772.974927468676
2024-10-15 14:00:00+00:00;23596.14459339382
2024-10-15 15:00:00+00:00;22973.31812546907
2024-10-15 16:00:00+00:00;23004.523624625268
2024-10-15 17:00:00+00:00;23493.24227807524
2024-10-15 18:00:00+00:00;25543.775907076873
2024-10-15 19:00:00+00:00;28215.354017362013
2024-10-15 20:00:00+00:00;28318.93337714891
2024-10-15 21:00:00+00:00;26395.4236717279
2024-10-15 22:00:00+00:00;23537.62348672329
2024-10-15 23:00:00+00:00;20414.992309462843
2024-10-16 00:00:00+00:00;17502.232801872808
2024-10-16 01:00:00+00:00;15746.579453680868
2024-10-16 02:00:00+00:00;14735.855026221725
2024-10-16 03:00:00+00:00;14042.308214561934
2024-10-16 04:00:00+00:00;13881.915168899915
2024-10-16 05:00:00+00:00;13945.681607332885
2024-10-16 06:00:00+00:00;15234.995077255748
2024-10-16 07:00:00+00:00;18340.343094192045
2024-10-16 08:00:00+00:00;21640.250070567814
2024-10-16 09:00:00+00:00;23851.672294111762
2024-10-16 10:00:00+00:00;24623.23267493915
2024-10-16 11:00:00+00:00;25133.220485806625
2024-10-16 12:00:00+00:00;25427.282956279745
2024-10-16 13:00:00+00:00;24625.65714193597
2024-10-16 14:00:00+00:00;24361.951453566653
2024-10-16 15:00:00+00:00;23783.201338553707
2024-10-16 16:00:00+00:00;23897.652068629646
2024-10-16 17:00:00+00:00;24098.68863911248
2024-10-16 18:00:00+00:00;25897.459932181435
2024-10-16 19:00:00+00:00;28394.844293900227
2024-10-16 20:00:00+00:00;28207.626833347764
2024-10-16 21:00:00+00:00;26099.75511391478
2024-10-16 22:00:00+00:00;23291.97820540903
2024-10-16 23:00:00+00:00;20091.087533154707
2024-10-17 00:00:00+00:00;17169.76658524679
2024-10-17 01:00:00+00:00;15429.259538017664
2024-10-17 02:00:00+00:00;14366.646778569095
2024-10-17 03:00:00+00:00;13872.762403216502
2024-10-17 04:00:00+00:00;13748.958869955686
2024-10-17 05:00:00+00:00;13926.083524819564
2024-10-17 06:00:00+00:00;15209.872753262398
2024-10-17 07:00:00+00:00;18334.40806616806
2024-10-17 08:00:00+00:00;21766.1083823416
2024-10-17 09:00:00+00:00;24036.296699580715
2024-10-17 10:00:00+00:00;25204.890021577976
2024-10-17 11:00:00+00:00;25652.443979045664
2024-10-17 12:00:00+00:00;25948.04428584916
2024-10-17 13:00:00+00:00;25390.18335960364
2024-10-17 14:00:00+00:00;25160.81168717185
2024-10-17 15:00:00+00:00;24722.67633106396
2024-10-17 16:00:00+00:00;24808.80052996586
2024-10-17 17:00:00+00:00;25035.331166102686
2024-10-17 18:00:00+00:00;26530.09369900682
2024-10-17 19:00:00+00:00;28971.47504234913
2024-10-17 20:00:00+00:00;28631.310602584785
2024-10-17 21:00:00+00:00;26559.433784367564
2024-10-17 22:00:00+00:00;23783.262113154324
2024-10-17 23:00:00+00:00;19390.52424414612
2024-10-18 00:00:00+00:00;17470.89671193531
2024-10-18 01:00:00+00:00;15674.510983669636
2024-10-18 02:00:00+00:00;14667.823716271541
2024-10-18 03:00:00+00:00;14051.050876464597
2024-10-18 04:00:00+00:00;13971.442003974415
2024-10-18 05:00:00+00:00;13881.384231260825
2024-10-18 06:00:00+00:00;15114.80112380159
2024-10-18 07:00:00+00:00;18177.31337269323
2024-10-18 08:00:00+00:00;21771.324857071828
2024-10-18 09:00:00+00:00;24207.44729072551
2024-10-18 10:00:00+00:00;25173.09132987808
2024-10-18 11:00:00+00:00;25547.191797264895
2024-10-18 12:00:00+00:00;25445.788610970525
2024-10-18 13:00:00+00:00;24472.914633170887
2024-10-18 14:00:00+00:00;24388.269582931967
2024-10-18 15:00:00+00:00;24087.27387088444
2024-10-18 16:00:00+00:00;24188.93627459081
2024-10-18 17:00:00+00:00;24045.038365579763
2024-10-18 18:00:00+00:00;25570.2462955353
2024-10-18 19:00:00+00:00;27242.576124718238
2024-10-18 20:00:00+00:00;26919.88544898096
2024-10-18 21:00:00+00:00;25000.460605496308
2024-10-18 22:00:00+00:00;23002.10021089763
2024-10-18 23:00:00+00:00;19738.315947849856
2024-10-19 00:00:00+00:00;16974.40489158907
2024-10-19 01:00:00+00:00;15235.352068806706
2024-10-19 02:00:00+00:00;14057.883378806233
2024-10-19 03:00:00+00:00;13345.04786065127
2024-10-19 04:00:00+00:00;13158.883934778867
2024-10-19 05:00:00+00:00;13168.731595556614
2024-10-19 06:00:00+00:00;13704.75968039516
2024-10-19 07:00:00+00:00;14665.071712122211
2024-10-19 08:00:00+00:00;16763.422553769138
2024-10-19 09:00:00+00:00;19326.224898612363
2024-10-19 10:00:00+00:00;20830.219984662137
2024-10-19 11:00:00+00:00;21715.239717051852
2024-10-19 12:00:00+00:00;22789.709424930683
2024-10-19 13:00:00+00:00;22098.1860476508
2024-10-19 14:00:00+00:00;21121.922068612705
2024-10-19 15:00:00+00:00;20605.506445280305
2024-10-19 16:00:00+00:00;20452.45538377817
2024-10-19 17:00:00+00:00;21328.45728047699
2024-10-19 18:00:00+00:00;23609.891689014992
2024-10-19 19:00:00+00:00;25301.26166387934
2024-10-19 20:00:00+00:00;24896.93465686404
2024-10-19 21:00:00+00:00;23018.859225646283
2024-10-19 22:00:00+00:00;21277.85898532828
2024-10-19 23:00:00+00:00;18560.066302239695
2024-10-20 00:00:00+00:00;16112.115977187284
2024-10-20 01:00:00+00:00;14471.16672204121
2024-10-20 02:00:00+00:00;13378.093785893083
2024-10-20 03:00:00+00:00;12731.712371017002
2024-10-20 04:00:00+00:00;12435.734967480945
2024-10-20 05:00:00+00:00;12457.487866493364
2024-10-20 06:00:00+00:00;12719.515844356969
2024-10-20 07:00:00+00:00;13340.95857763269
2024-10-20 08:00:00+00:00;14926.373622227775
2024-10-20 09:00:00+00:00;17558.48991006524
2024-10-20 10:00:00+00:00;19771.447959340174
2024-10-20 11:00:00+00:00;21162.07860108419
2024-10-20 12:00:00+00:00;22516.587386329862
2024-10-20 13:00:00+00:00;21561.27080321416
2024-10-20 14:00:00+00:00;20444.628874834307
2024-10-20 15:00:00+00:00;19942.30534956185
2024-10-20 16:00:00+00:00;20040.553487216413
2024-10-20 17:00:00+00:00;21013.649043188867
2024-10-20 18:00:00+00:00;23096.73864103752
2024-10-20 19:00:00+00:00;25044.812667128957
2024-10-20 20:00:00+00:00;25177.20435802314
2024-10-20 21:00:00+00:00;23629.975290338763
2024-10-20 22:00:00+00:00;21167.953086003756
2024-10-20 23:00:00+00:00;18457.4727807623
2024-10-21 00:00:00+00:00;16631.147577560594
2024-10-21 01:00:00+00:00;14830.163907958195
2024-10-21 02:00:00+00:00;13793.061227971284
2024-10-21 03:00:00+00:00;13205.782578886952
2024-10-21 04:00:00+00:00;13117.838159472589
2024-10-21 05:00:00+00:00;13279.744331664468
2024-10-21 06:00:00+00:00;14652.76054118366
2024-10-21 07:00:00+00:00;17544.57682376443
2024-10-21 08:00:00+00:00;21114.59616344716
2024-10-21 09:00:00+00:00;23639.594194520596
2024-10-21 10:00:00+00:00;24528.647038437917
2024-10-21 11:00:00+00:00;24876.699465134632
2024-10-21 12:00:00+00:00;25077.19783398051
2024-10-21 13:00:00+00:00;24296.751574331854
2024-10-21 14:00:00+00:00;24007.220624350797
2024-10-21 15:00:00+00:00;23791.320777227167
2024-10-21 16:00:00+00:00;23844.005368573933
2024-10-21 17:00:00+00:00;24244.119668954725
2024-10-21 18:00:00+00:00;25959.335066354204
2024-10-21 19:00:00+00:00;28508.688197476775
2024-10-21 20:00:00+00:00;28441.56555476332
2024-10-21 21:00:00+00:00;26254.02014793508
2024-10-21 22:00:00+00:00;23635.65823994105
2024-10-21 23:00:00+00:00;20211.246087684194
2024-10-22 00:00:00+00:00;17328.31113270891
2024-10-22 01:00:00+00:00;15593.9867136725
2024-10-22 02:00:00+00:00;14509.374631678831
2024-10-22 03:00:00+00:00;13971.702051373299
2024-10-22 04:00:00+00:00;13790.133561902556
2024-10-22 05:00:00+00:00;13847.040378028501
2024-10-22 06:00:00+00:00;15089.2325269776
2024-10-22 07:00:00+00:00;17618.488395404154
2024-10-22 08:00:00+00:00;20387.987315607472
2024-10-22 09:00:00+00:00;22489.02749896948
2024-10-22 10:00:00+00:00;23680.161784913063
2024-10-22 11:00:00+00:00;24571.73706634458
2024-10-22 12:00:00+00:00;24770.73663610476
2024-10-22 13:00:00+00:00;23772.974927468676
2024-10-22 14:00:00+00:00;23596.14459339382
2024-10-22 15:00:00+00:00;22973.31812546907
2024-10-22 16:00:00+00:00;23004.523624625268
2024-10-22 17:00:00+00:00;23493.24227807524
2024-10-22 18:00:00+00:00;25543.775907076873
2024-10-22 19:00:00+00:00;28215.354017362013
2024-10-22 20:00:00+00:00;28318.93337714891
2024-10-22 21:00:00+00:00;26395.4236717279
2024-10-22 22:00:00+00:00;23537.62348672329
2024-10-22 23:00:00+00:00;20414.992309462843
2024-10-23 00:00:00+00:00;17502.232801872808
2024-10-23 01:00:00+00:00;15746.579453680868
2024-10-23 02:00:00+00:00;14735.855026221725
2024-10-23 03:00:00+00:00;14042.308214561934
2024-10-23 04:00:00+00:00;13881.915168899915
2024-10-23 05:00:00+00:00;13945.681607332885
2024-10-23 06:00:00+00:00;15234.995077255748
2024-10-23 07:00:00+00:00;18340.343094192045
2024-10-23 08:00:00+00:00;21640.250070567814
2024-10-23 09:00:00+00:00;23851.672294111762
2024-10-23 10:00:00+00:00;24623.23267493915
2024-10-23 11:00:00+00:00;25133.220485806625
2024-10-23 12:00:00+00:00;25427.282956279745
2024-10-23 13:00:00+00:00;24625.65714193597
2024-10-23 14:00:00+00:00;24361.951453566653
2024-10-23 15:00:00+00:00;23783.201338553707
2024-10-23 16:00:00+00:00;23897.652068629646
2024-10-23 17:00:00+00:00;24098.68863911248
2024-10-23 18:00:00+00:00;25897.459932181435
2024-10-23 19:00:00+00:00;28394.844293900227
2024-10-23 20:00:00+00:00;28207.626833347764
2024-10-23 21:00:00+00:00;26099.75511391478
2024-10-23 22:00:00+00:00;23291.97820540903
2024-10-23 23:00:00+00:00;20091.087533154707
2024-10-24 00:00:00+00:00;17169.76658524679
2024-10-24 01:00:00+00:00;15429.259538017664
2024-10-24 02:00:00+00:00;14366.646778569095
2024-10-24 03:00:00+00:00;13872.762403216502
2024-10-24 04:00:00+00:00;13748.958869955686
2024-10-24 05:00:00+00:00;13926.083524819564
2024-10-24 06:00:00+00:00;15209.872753262398
2024-10-24 07:00:00+00:00;18334.40806616806
2024-10-24 08:00:00+00:00;21766.1083823416
2024-10-24 09:00:00+00:00;24036.296699580715
2024-10-24 10:00:00+00:00;25204.890021577976
2024-10-24 11:00:00+00:00;25652.443979045664
2024-10-24 12:00:00+00:00;25948.04428584916
2024-10-24 13:00:00+00:00;25390.18335960364
2024-10-24 14:00:00+00:00;25160.81168717185
2024-10-24 15:00:00+00:00;24722.67633106396
2024-10-24 16:00:00+00:00;24808.80052996586
2024-10-24 17:00:00+00:00;25035.331166102686
2024-10-24 18:00:00+00:00;26530.09369900682
2024-10-24 19:00:00+00:00;28971.47504234913
2024-10-24 20:00:00+00:00;28631.310602584785
2024-10-24 21:00:00+00:00;26559.433784367564
2024-10-24 22:00:00+00:00;23783.262113154324
2024-10-24 23:00:00+00:00;19390.52424414612
2024-10-25 00:00:00+00:00;17470.89671193531
2024-10-25 01:00:00+00:00;15674.510983669636
2024-10-25 02:00:00+00:00;14667.823716271541
2024-10-25 03:00:00+00:00;14051.050876464597
2024-10-25 04:00:00+00:00;13971.442003974415
2024-10-25 05:00:00+00:00;13881.384231260825
2024-10-25 06:00:00+00:00;15114.80112380159
2024-10-25 07:00:00+00:00;18177.31337269323
2024-10-25 08:00:00+00:00;21771.324857071828
2024-10-25 09:00:00+00:00;24207.44729072551
2024-10-25 10:00:00+00:00;25173.09132987808
2024-10-25 11:00:00+00:00;25547.191797264895
2024-10-25 12:00:00+00:00;25445.788610970525
2024-10-25 13:00:00+00:00;24472.914633170887
2024-10-25 14:00:00+00:00;24388.269582931967
2024-10-25 15:00:00+00:00;24087.27387088444
2024-10-25 16:00:00+00:00;24188.93627459081
2024-10-25 17:00:00+00:00;24045.038365579763
2024-10-25 18:00:00+00:00;25570.2462955353
2024-10-25 19:00:00+00:00;27242.576124718238
2024-10-25 20:00:00+00:00;26919.88544898096
2024-10-25 21:00:00+00:00;25000.460605496308
2024-10-25 22:00:00+00:00;23002.10021089763
2024-10-25 23:00:00+00:00;19738.315947849856
2024-10-26 00:00:00+00:00;16974.40489158907
2024-10-26 01:00:00+00:00;15235.352068806706
2024-10-26 02:00:00+00:00;14057.883378806233
2024-10-26 03:00:00+00:00;13345.04786065127
2024-10-26 04:00:00+00:00;13158.883934778867
2024-10-26 05:00:00+00:00;13168.731595556614
2024-10-26 06:00:00+00:00;13704.75968039516
2024-10-26 07:00:00+00:00;14665.071712122211
2024-10-26 08:00:00+00:00;16763.422553769138
2024-10-26 09:00:00+00:00;19326.224898612363
2024-10-26 10:00:00+00:00;20830.219984662137
2024-10-26 11:00:00+00:00;21715.239717051852
2024-10-26 12:00:00+00:00;22789.709424930683
2024-10-26 13:00:00+00:00;22098.1860476508
2024-10-26 14:00:00+00:00;21121.922068612705
2024-10-26 15:00:00+00:00;20605.506445280305
2024-10-26 16:00:00+00:00;20452.45538377817
2024-10-26 17:00:00+00:00;21328.45728047699
2024-10-26 18:00:00+00:00;23609.891689014992
2024-10-26 19:00:00+00:00;25301.26166387934
2024-10-26 20:00:00+00:00;24896.93465686404
2024-10-26 21:00:00+00:00;23018.859225646283
2024-10-26 22:00:00+00:00;21277.85898532828
2024-10-26 23:00:00+00:00;18560.066302239695
2024-10-27 00:00:00+00:00;16112.115977187284
2024-10-27 01:00:00+00:00;14471.16672204121
2024-10-27 02:00:00+00:00;13378.093785893083
2024-10-27 03:00:00+00:00;12731.712371017002
2024-10-27 04:00:00+00:00;12435.734967480945
2024-10-27 05:00:00+00:00;12457.487866493364
2024-10-27 06:00:00+00:00;12719.515844356969
2024-10-27 07:00:00+00:00;13340.95857763269
2024-10-27 08:00:00+00:00;14926.373622227775
2024-10-27 09:00:00+00:00;17558.48991006524
2024-10-27 10:00:00+00:00;19771.447959340174
2024-10-27 11:00:00+00:00;21162.07860108419
2024-10-27 12:00:00+00:00;22516.587386329862
2024-10-27 13:00:00+00:00;21561.27080321416
2024-10-27 14:00:00+00:00;20444.628874834307
2024-10-27 15:00:00+00:00;19942.30534956185
2024-10-27 16:00:00+00:00;20040.553487216413
2024-10-27 17:00:00+00:00;21013.649043188867
2024-10-27 18:00:00+00:00;23096.73864103752
2024-10-27 19:00:00+00:00;25044.812667128957
2024-10-27 20:00:00+00:00;25177.20435802314
2024-10-27 21:00:00+00:00;23629.975290338763
2024-10-27 22:00:00+00:00;21167.953086003756
2024-10-27 23:00:00+00:00;18457.4727807623
2024-10-28 00:00:00+00:00;16631.147577560594
2024-10-28 01:00:00+00:00;14830.163907958195
2024-10-28 02:00:00+00:00;13793.061227971284
2024-10-28 03:00:00+00:00;13205.782578886952
2024-10-28 04:00:00+00:00;13117.838159472589
2024-10-28 05:00:00+00:00;13279.744331664468
2024-10-28 06:00:00+00:00;14652.76054118366
2024-10-28 07:00:00+00:00;17544.57682376443
2024-10-28 08:00:00+00:00;21114.59616344716
2024-10-28 09:00:00+00:00;23639.594194520596
2024-10-28 10:00:00+00:00;24528.647038437917
2024-10-28 11:00:00+00:00;24876.699465134632
2024-10-28 12:00:00+00:00;25077.19783398051
2024-10-28 13:00:00+00:00;24296.751574331854
2024-10-28 14:00:00+00:00;24007.220624350797
2024-10-28 15:00:00+00:00;23791.320777227167
2024-10-28 16:00:00+00:00;23844.005368573933
2024-10-28 17:00:00+00:00;24244.119668954725
2024-10-28 18:00:00+00:00;25959.335066354204
2024-10-28 19:00:00+00:00;28508.688197476775
2024-10-28 20:00:00+00:00;28441.56555476332
2024-10-28 21:00:00+00:00;26254.02014793508
2024-10-28 22:00:00+00:00;23635.65823994105
2024-10-28 23:00:00+00:00;20211.246087684194
2024-10-29 00:00:00+00:00;17328.31113270891
2024-10-29 01:00:00+00:00;15593.9867136725
2024-10-29 02:00:00+00:00;14509.374631678831
2024-10-29 03:00:00+00:00;13971.702051373299
2024-10-29 04:00:00+00:00;13790.133561902556
2024-10-29 05:00:00+00:00;13847.040378028501
2024-10-29 06:00:00+00:00;15089.2325269776
2024-10-29 07:00:00+00:00;17618.488395404154
2024-10-29 08:00:00+00:00;20387.987315607472
2024-10-29 09:00:00+00:00;22489.02749896948
2024-10-29 10:00:00+00:00;23680.161784913063
2024-10-29 11:00:00+00:00;24571.73706634458
2024-10-29 12:00:00+00:00;24770.73663610476
2024-10-29 13:00:00+00:00;23772.974927468676
2024-10-29 14:00:00+00:00;23596.14459339382
2024-10-29 15:00:00+00:00;22973.31812546907
2024-10-29 16:00:00+00:00;23004.523624625268
2024-10-29 17:00:00+00:00;23493.24227807524
2024-10-29 18:00:00+00:00;25543.775907076873
2024-10-29 19:00:00+00:00;28215.354017362013
2024-10-29 20:00:00+00:00;28318.93337714891
2024-10-29 21:00:00+00:00;26395.4236717279
2024-10-29 22:00:00+00:00;23537.62348672329
2024-10-29 23:00:00+00:00;20414.992309462843
2024-10-30 00:00:00+00:00;17502.232801872808
2024-10-30 01:00:00+00:00;15746.579453680868
2024-10-30 02:00:00+00:00;14735.855026221725
2024-10-30 03:00:00+00:00;14042.308214561934
2024-10-30 04:00:00+00:00;13881.915168899915
2024-10-30 05:00:00+00:00;13945.681607332885
2024-10-30 06:00:00+00:00;15234.995077255748
2024-10-30 07:00:00+00:00;18340.343094192045
2024-10-30 08:00:00+00:00;21640.250070567814
2024-10-30 09:00:00+00:00;23851.672294111762
2024-10-30 10:00:00+00:00;24623.23267493915
2024-10-30 11:00:00+00:00;25133.220485806625
2024-10-30 12:00:00+00:00;25427.282956279745
2024-10-30 13:00:00+00:00;24625.65714193597
2024-10-30 14:00:00+00:00;24361.951453566653
2024-10-30 15:00:00+00:00;23783.201338553707
2024-10-30 16:00:00+00:00;23897.652068629646
2024-10-30 17:00:00+00:00;24098.68863911248
2024-10-30 18:00:00+00:00;25897.459932181435
2024-10-30 19:00:00+00:00;28394.844293900227
2024-10-30 20:00:00+00:00;28207.626833347764
2024-10-30 21:00:00+00:00;26099.75511391478
2024-10-30 22:00:00+00:00;23291.97820540903
2024-10-30 23:00:00+00:00;20091.087533154707
2024-10-31 00:00:00+00:00;17169.76658524679
2024-10-31 01:00:00+00:00;15429.259538017664
2024-10-31 02:00:00+00:00;14366.646778569095
2024-10-31 03:00:00+00:00;13872.762403216502
2024-10-31 04:00:00+00:00;13748.958869955686
2024-10-31 05:00:00+00:00;13926.083524819564
2024-10-31 06:00:00+00:00;15209.872753262398
2024-10-31 07:00:00+00:00;18334.40806616806
2024-10-31 08:00:00+00:00;21766.1083823416
2024-10-31 09:00:00+00:00;24036.296699580715
2024-10-31 10:00:00+00:00;25204.890021577976
2024-10-31 11:00:00+00:00;25652.443979045664
2024-10-31 12:00:00+00:00;25948.04428584916
2024-10-31 13:00:00+00:00;25390.18335960364
2024-10-31 14:00:00+00:00;25160.81168717185
2024-10-31 15:00:00+00:00;24722.67633106396
2024-10-31 16:00:00+00:00;24808.80052996586
2024-10-31 17:00:00+00:00;25035.331166102686
2024-10-31 18:00:00+00:00;26530.09369900682
2024-10-31 19:00:00+00:00;28971.47504234913
2024-10-31 20:00:00+00:00;28631.310602584785
2024-10-31 21:00:00+00:00;26559.433784367564
2024-10-31 22:00:00+00:00;23783.262113154324
2024-10-31 23:00:00+00:00;19390.52424414612
2024-11-01 00:00:00+00:00;20746.689845423178
2024-11-01 01:00:00+00:00;18613.48179310769
2024-11-01 02:00:00+00:00;17418.040663072454
2024-11-01 03:00:00+00:00;16685.622915801705
2024-11-01 04:00:00+00:00;16591.08737971962
2024-11-01 05:00:00+00:00;16484.143774622225
2024-11-01 06:00:00+00:00;17948.826334514386
2024-11-01 07:00:00+00:00;21585.559630073207
2024-11-01 08:00:00+00:00;25853.448267772794
2024-11-01 09:00:00+00:00;28746.343657736543
2024-11-01 10:00:00+00:00;29893.045954230216
2024-11-01 11:00:00+00:00;30337.29025925206
2024-11-01 12:00:00+00:00;30216.873975527495
2024-11-01 13:00:00+00:00;29061.586126890423
2024-11-01 14:00:00+00:00;28961.070129731706
2024-11-01 15:00:00+00:00;28603.637721675273
2024-11-01 16:00:00+00:00;28724.361826076583
2024-11-01 17:00:00+00:00;28553.483059125967
2024-11-01 18:00:00+00:00;30364.66747594817
2024-11-01 19:00:00+00:00;32350.559148102908
2024-11-01 20:00:00+00:00;31967.36397066489
2024-11-01 21:00:00+00:00;29688.046969026862
2024-11-01 22:00:00+00:00;27314.994000440936
2024-11-01 23:00:00+00:00;23439.250188071703
2024-11-02 00:00:00+00:00;20157.105808762022
2024-11-02 01:00:00+00:00;18091.98058170796
2024-11-02 02:00:00+00:00;16693.7365123324
2024-11-02 03:00:00+00:00;15847.24433452338
2024-11-02 04:00:00+00:00;15626.174672549902
2024-11-02 05:00:00+00:00;15637.868769723476
2024-11-02 06:00:00+00:00;16274.402120469253
2024-11-02 07:00:00+00:00;17414.772658145124
2024-11-02 08:00:00+00:00;19906.56428260085
2024-11-02 09:00:00+00:00;22949.89206710218
2024-11-02 10:00:00+00:00;24735.886231786288
2024-11-02 11:00:00+00:00;25786.847163999075
2024-11-02 12:00:00+00:00;27062.779942105182
2024-11-02 13:00:00+00:00;26241.595931585325
2024-11-02 14:00:00+00:00;25082.282456477584
2024-11-02 15:00:00+00:00;24469.03890377036
2024-11-02 16:00:00+00:00;24287.290768236573
2024-11-02 17:00:00+00:00;25327.543020566423
2024-11-02 18:00:00+00:00;28036.7463807053
2024-11-02 19:00:00+00:00;30045.248225856714
2024-11-02 20:00:00+00:00;29565.109905026045
2024-11-02 21:00:00+00:00;27334.895330454958
2024-11-02 22:00:00+00:00;25267.45754507733
2024-11-02 23:00:00+00:00;22040.078733909635
2024-11-03 00:00:00+00:00;19133.137722909898
2024-11-03 01:00:00+00:00;17184.510482423935
2024-11-03 02:00:00+00:00;15886.486370748034
2024-11-03 03:00:00+00:00;15118.908440582689
2024-11-03 04:00:00+00:00;14767.43527388362
2024-11-03 05:00:00+00:00;14793.266841460867
2024-11-03 06:00:00+00:00;15104.4250651739
2024-11-03 07:00:00+00:00;15842.388310938817
2024-11-03 08:00:00+00:00;17725.06867639548
2024-11-03 09:00:00+00:00;20850.70676820247
2024-11-03 10:00:00+00:00;23478.594451716453
2024-11-03 11:00:00+00:00;25129.968338787476
2024-11-03 12:00:00+00:00;26738.44752126671
2024-11-03 13:00:00+00:00;25604.009078816813
2024-11-03 14:00:00+00:00;24277.996788865737
2024-11-03 15:00:00+00:00;23681.4876026047
2024-11-03 16:00:00+00:00;23798.157266069487
2024-11-03 17:00:00+00:00;24953.708238786778
2024-11-03 18:00:00+00:00;27427.37713623205
2024-11-03 19:00:00+00:00;29740.715042215634
2024-11-03 20:00:00+00:00;29897.930175152476
2024-11-03 21:00:00+00:00;28060.595657277277
2024-11-03 22:00:00+00:00;25136.944289629457
2024-11-03 23:00:00+00:00;21918.24892715523
2024-11-04 00:00:00+00:00;19749.487748353204
2024-11-04 01:00:00+00:00;17610.819640700356
2024-11-04 02:00:00+00:00;16379.260208215897
2024-11-04 03:00:00+00:00;15681.866812428256
2024-11-04 04:00:00+00:00;15577.432814373698
2024-11-04 05:00:00+00:00;15769.696393851553
2024-11-04 06:00:00+00:00;17400.153142655592
2024-11-04 07:00:00+00:00;20834.18497822026
2024-11-04 08:00:00+00:00;25073.5829440935
2024-11-04 09:00:00+00:00;28072.018105993204
2024-11-04 10:00:00+00:00;29127.768358145022
2024-11-04 11:00:00+00:00;29541.08061484737
2024-11-04 12:00:00+00:00;29779.172427851852
2024-11-04 13:00:00+00:00;28852.392494519074
2024-11-04 14:00:00+00:00;28508.57449141657
2024-11-04 15:00:00+00:00;28252.193422957258
2024-11-04 16:00:00+00:00;28314.756375181543
2024-11-04 17:00:00+00:00;28789.892106883734
2024-11-04 18:00:00+00:00;30826.71039129561
2024-11-04 19:00:00+00:00;33854.067234503666
2024-11-04 20:00:00+00:00;33774.35909628144
2024-11-04 21:00:00+00:00;31176.648925672907
2024-11-04 22:00:00+00:00;28067.344159929995
2024-11-04 23:00:00+00:00;24000.854729124974
2024-11-05 00:00:00+00:00;20577.369470091828
2024-11-05 01:00:00+00:00;18517.85922248609
2024-11-05 02:00:00+00:00;17229.88237511861
2024-11-05 03:00:00+00:00;16591.39618600579
2024-11-05 04:00:00+00:00;16375.783604759283
2024-11-05 05:00:00+00:00;16443.360448908843
2024-11-05 06:00:00+00:00;17918.4636257859
2024-11-05 07:00:00+00:00;20921.95496954243
2024-11-05 08:00:00+00:00;24210.73493728387
2024-11-05 09:00:00+00:00;26705.720155026254
2024-11-05 10:00:00+00:00;28120.19211958426
2024-11-05 11:00:00+00:00;29178.937766284187
2024-11-05 12:00:00+00:00;29415.2497553744
2024-11-05 13:00:00+00:00;28230.40772636905
2024-11-05 14:00:00+00:00;28020.421704655157
2024-11-05 15:00:00+00:00;27280.81527399452
2024-11-05 16:00:00+00:00;27317.871804242503
2024-11-05 17:00:00+00:00;27898.22520521434
2024-11-05 18:00:00+00:00;30333.233889653784
2024-11-05 19:00:00+00:00;33505.73289561739
2024-11-05 20:00:00+00:00;33628.73338536433
2024-11-05 21:00:00+00:00;31344.565610176873
2024-11-05 22:00:00+00:00;27950.927890483905
2024-11-05 23:00:00+00:00;24242.803367487122
2024-11-06 00:00:00+00:00;20783.901452223956
2024-11-06 01:00:00+00:00;18699.06310124603
2024-11-06 02:00:00+00:00;17498.827843638297
2024-11-06 03:00:00+00:00;16675.241004792293
2024-11-06 04:00:00+00:00;16484.774263068648
2024-11-06 05:00:00+00:00;16560.4969087078
2024-11-06 06:00:00+00:00;18091.556654241198
2024-11-06 07:00:00+00:00;21779.157424353052
2024-11-06 08:00:00+00:00;25697.796958799277
2024-11-06 09:00:00+00:00;28323.86084925771
2024-11-06 10:00:00+00:00;29240.08880149024
2024-11-06 11:00:00+00:00;29845.699326895367
2024-11-06 12:00:00+00:00;30194.898510582196
2024-11-06 13:00:00+00:00;29242.967856048963
2024-11-06 14:00:00+00:00;28929.8173511104
2024-11-06 15:00:00+00:00;28242.551589532522
2024-11-06 16:00:00+00:00;28378.4618314977
2024-11-06 17:00:00+00:00;28617.192758946065
2024-11-06 18:00:00+00:00;30753.23366946545
2024-11-06 19:00:00+00:00;33718.87759900651
2024-11-06 20:00:00+00:00;33496.55686460046
2024-11-06 21:00:00+00:00;30993.4591977738
2024-11-06 22:00:00+00:00;27659.224118923215
2024-11-06 23:00:00+00:00;23858.166445621213
2024-11-07 00:00:00+00:00;20389.09781998056
2024-11-07 01:00:00+00:00;18322.245701395976
2024-11-07 02:00:00+00:00;17060.3930495508
2024-11-07 03:00:00+00:00;16473.905353819595
2024-11-07 04:00:00+00:00;16326.888658072376
2024-11-07 05:00:00+00:00;16537.22418572323
2024-11-07 06:00:00+00:00;18061.723894499097
2024-11-07 07:00:00+00:00;21772.109578574567
2024-11-07 08:00:00+00:00;25847.25370403065
2024-11-07 09:00:00+00:00;28543.102330752095
2024-11-07 10:00:00+00:00;29930.806900623844
2024-11-07 11:00:00+00:00;30462.277225116723
2024-11-07 12:00:00+00:00;30813.30258944587
2024-11-07 13:00:00+00:00;30150.84273952932
2024-11-07 14:00:00+00:00;29878.463878516566
2024-11-07 15:00:00+00:00;29358.17814313845
2024-11-07 16:00:00+00:00;29460.450629334457
2024-11-07 17:00:00+00:00;29729.455759746936
2024-11-07 18:00:00+00:00;31504.486267570595
2024-11-07 19:00:00+00:00;34403.62661278959
2024-11-07 20:00:00+00:00;33999.68134056943
2024-11-07 21:00:00+00:00;31539.32761893648
2024-11-07 22:00:00+00:00;28242.623759370756
2024-11-07 23:00:00+00:00;23026.247539923515
2024-11-08 00:00:00+00:00;20746.689845423178
2024-11-08 01:00:00+00:00;18613.48179310769
2024-11-08 02:00:00+00:00;17418.040663072454
2024-11-08 03:00:00+00:00;16685.622915801705
2024-11-08 04:00:00+00:00;16591.08737971962
2024-11-08 05:00:00+00:00;16484.143774622225
2024-11-08 06:00:00+00:00;17948.826334514386
2024-11-08 07:00:00+00:00;21585.559630073207
2024-11-08 08:00:00+00:00;25853.448267772794
2024-11-08 09:00:00+00:00;28746.343657736543
2024-11-08 10:00:00+00:00;29893.045954230216
2024-11-08 11:00:00+00:00;30337.29025925206
2024-11-08 12:00:00+00:00;30216.873975527495
2024-11-08 13:00:00+00:00;29061.586126890423
2024-11-08 14:00:00+00:00;28961.070129731706
2024-11-08 15:00:00+00:00;28603.637721675273
2024-11-08 16:00:00+00:00;28724.361826076583
2024-11-08 17:00:00+00:00;28553.483059125967
2024-11-08 18:00:00+00:00;30364.66747594817
2024-11-08 19:00:00+00:00;32350.559148102908
2024-11-08 20:00:00+00:00;31967.36397066489
2024-11-08 21:00:00+00:00;29688.046969026862
2024-11-08 22:00:00+00:00;27314.994000440936
2024-11-08 23:00:00+00:00;23439.250188071703
2024-11-09 00:00:00+00:00;20157.105808762022
2024-11-09 01:00:00+00:00;18091.98058170796
2024-11-09 02:00:00+00:00;16693.7365123324
2024-11-09 03:00:00+00:00;15847.24433452338
2024-11-09 04:00:00+00:00;15626.174672549902
2024-11-09 05:00:00+00:00;15637.868769723476
2024-11-09 06:00:00+00:00;16274.402120469253
2024-11-09 07:00:00+00:00;17414.772658145124
2024-11-09 08:00:00+00:00;19906.56428260085
2024-11-09 09:00:00+00:00;22949.89206710218
2024-11-09 10:00:00+00:00;24735.886231786288
2024-11-09 11:00:00+00:00;25786.847163999075
2024-11-09 12:00:00+00:00;27062.779942105182
2024-11-09 13:00:00+00:00;26241.595931585325
2024-11-09 14:00:00+00:00;25082.282456477584
2024-11-09 15:00:00+00:00;24469.03890377036
2024-11-09 16:00:00+00:00;24287.290768236573
2024-11-09 17:00:00+00:00;25327.543020566423
2024-11-09 18:00:00+00:00;28036.7463807053
2024-11-09 19:00:00+00:00;30045.248225856714
2024-11-09 20:00:00+00:00;29565.109905026045
2024-11-09 21:00:00+00:00;27334.895330454958
2024-11-09 22:00:00+00:00;25267.45754507733
2024-11-09 23:00:00+00:00;22040.078733909635
2024-11-10 00:00:00+00:00;19133.137722909898
2024-11-10 01:00:00+00:00;17184.510482423935
2024-11-10 02:00:00+00:00;15886.486370748034
2024-11-10 03:00:00+00:00;15118.908440582689
2024-11-10 04:00:00+00:00;14767.43527388362
2024-11-10 05:00:00+00:00;14793.266841460867
2024-11-10 06:00:00+00:00;15104.4250651739
2024-11-10 07:00:00+00:00;15842.388310938817
2024-11-10 08:00:00+00:00;17725.06867639548
2024-11-10 09:00:00+00:00;20850.70676820247
2024-11-10 10:00:00+00:00;23478.594451716453
2024-11-10 11:00:00+00:00;25129.968338787476
2024-11-10 12:00:00+00:00;26738.44752126671
2024-11-10 13:00:00+00:00;25604.009078816813
2024-11-10 14:00:00+00:00;24277.996788865737
2024-11-10 15:00:00+00:00;23681.4876026047
2024-11-10 16:00:00+00:00;23798.157266069487
2024-11-10 17:00:00+00:00;24953.708238786778
2024-11-10 18:00:00+00:00;27427.37713623205
2024-11-10 19:00:00+00:00;29740.715042215634
2024-11-10 20:00:00+00:00;29897.930175152476
2024-11-10 21:00:00+00:00;28060.595657277277
2024-11-10 22:00:00+00:00;25136.944289629457
2024-11-10 23:00:00+00:00;21918.24892715523
2024-11-11 00:00:00+00:00;19749.487748353204
2024-11-11 01:00:00+00:00;17610.819640700356
2024-11-11 02:00:00+00:00;16379.260208215897
2024-11-11 03:00:00+00:00;15681.866812428256
2024-11-11 04:00:00+00:00;15577.432814373698
2024-11-11 05:00:00+00:00;15769.696393851553
2024-11-11 06:00:00+00:00;17400.153142655592
2024-11-11 07:00:00+00:00;20834.18497822026
2024-11-11 08:00:00+00:00;25073.5829440935
2024-11-11 09:00:00+00:00;28072.018105993204
2024-11-11 10:00:00+00:00;29127.768358145022
2024-11-11 11:00:00+00:00;29541.08061484737
2024-11-11 12:00:00+00:00;29779.172427851852
2024-11-11 13:00:00+00:00;28852.392494519074
2024-11-11 14:00:00+00:00;28508.57449141657
2024-11-11 15:00:00+00:00;28252.193422957258
2024-11-11 16:00:00+00:00;28314.756375181543
2024-11-11 17:00:00+00:00;28789.892106883734
2024-11-11 18:00:00+00:00;30826.71039129561
2024-11-11 19:00:00+00:00;33854.067234503666
2024-11-11 20:00:00+00:00;33774.35909628144
2024-11-11 21:00:00+00:00;31176.648925672907
2024-11-11 22:00:00+00:00;28067.344159929995
2024-11-11 23:00:00+00:00;24000.854729124974
2024-11-12 00:00:00+00:00;20577.369470091828
2024-11-12 01:00:00+00:00;18517.85922248609
2024-11-12 02:00:00+00:00;17229.88237511861
2024-11-12 03:00:00+00:00;16591.39618600579
2024-11-12 04:00:00+00:00;16375.783604759283
2024-11-12 05:00:00+00:00;16443.360448908843
2024-11-12 06:00:00+00:00;17918.4636257859
2024-11-12 07:00:00+00:00;20921.95496954243
2024-11-12 08:00:00+00:00;24210.73493728387
2024-11-12 09:00:00+00:00;26705.720155026254
2024-11-12 10:00:00+00:00;28120.19211958426
2024-11-12 11:00:00+00:00;29178.937766284187
2024-11-12 12:00:00+00:00;29415.2497553744
2024-11-12 13:00:00+00:00;28230.40772636905
2024-11-12 14:00:00+00:00;28020.421704655157
2024-11-12 15:00:00+00:00;27280.81527399452
2024-11-12 16:00:00+00:00;27317.871804242503
2024-11-12 17:00:00+00:00;27898.22520521434
2024-11-12 18:00:00+00:00;30333.233889653784
2024-11-12 19:00:00+00:00;33505.73289561739
2024-11-12 20:00:00+00:00;33628.73338536433
2024-11-12 21:00:00+00:00;31344.565610176873
2024-11-12 22:00:00+00:00;27950.927890483905
2024-11-12 23:00:00+00:00;24242.803367487122
2024-11-13 00:00:00+00:00;20783.901452223956
2024-11-13 01:00:00+00:00;18699.06310124603
2024-11-13 02:00:00+00:00;17498.827843638297
2024-11-13 03:00:00+00:00;16675.241004792293
2024-11-13 04:00:00+00:00;16484.774263068648
2024-11-13 05:00:00+00:00;16560.4969087078
2024-11-13 06:00:00+00:00;18091.556654241198
2024-11-13 07:00:00+00:00;21779.157424353052
2024-11-13 08:00:00+00:00;25697.796958799277
2024-11-13 09:00:00+00:00;28323.86084925771
2024-11-13 10:00:00+00:00;29240.08880149024
2024-11-13 11:00:00+00:00;29845.699326895367
2024-11-13 12:00:00+00:00;30194.898510582196
2024-11-13 13:00:00+00:00;29242.967856048963
2024-11-13 14:00:00+00:00;28929.8173511104
2024-11-13 15:00:00+00:00;28242.551589532522
2024-11-13 16:00:00+00:00;28378.4618314977
2024-11-13 17:00:00+00:00;28617.192758946065
2024-11-13 18:00:00+00:00;30753.23366946545
2024-11-13 19:00:00+00:00;33718.87759900651
2024-11-13 20:00:00+00:00;33496.55686460046
2024-11-13 21:00:00+00:00;30993.4591977738
2024-11-13 22:00:00+00:00;27659.224118923215
2024-11-13 23:00:00+00:00;23858.166445621213
2024-11-14 00:00:00+00:00;20389.09781998056
2024-11-14 01:00:00+00:00;18322.245701395976
2024-11-14 02:00:00+00:00;17060.3930495508
2024-11-14 03:00:00+00:00;16473.905353819595
2024-11-14 04:00:00+00:00;16326.888658072376
2024-11-14 05:00:00+00:00;16537.22418572323
2024-11-14 06:00:00+00:00;18061.723894499097
2024-11-14 07:00:00+00:00;21772.109578574567
2024-11-14 08:00:00+00:00;25847.25370403065
2024-11-14 09:00:00+00:00;28543.102330752095
2024-11-14 10:00:00+00:00;29930.806900623844
2024-11-14 11:00:00+00:00;30462.277225116723
2024-11-14 12:00:00+00:00;30813.30258944587
2024-11-14 13:00:00+00:00;30150.84273952932
2024-11-14 14:00:00+00:00;29878.463878516566
2024-11-14 15:00:00+00:00;29358.17814313845
2024-11-14 16:00:00+00:00;29460.450629334457
2024-11-14 17:00:00+00:00;29729.455759746936
2024-11-14 18:00:00+00:00;31504.486267570595
2024-11-14 19:00:00+00:00;34403.62661278959
2024-11-14 20:00:00+00:00;33999.68134056943
2024-11-14 21:00:00+00:00;31539.32761893648
2024-11-14 22:00:00+00:00;28242.623759370756
2024-11-14 23:00:00+00:00;23026.247539923515
2024-11-15 00:00:00+00:00;20746.689845423178
2024-11-15 01:00:00+00:00;18613.48179310769
2024-11-15 02:00:00+00:00;17418.040663072454
2024-11-15 03:00:00+00:00;16685.622915801705
2024-11-15 04:00:00+00:00;16591.08737971962
2024-11-15 05:00:00+00:00;16484.143774622225
2024-11-15 06:00:00+00:00;17948.826334514386
2024-11-15 07:00:00+00:00;21585.559630073207
2024-11-15 08:00:00+00:00;25853.448267772794
2024-11-15 09:00:00+00:00;28746.343657736543
2024-11-15 10:00:00+00:00;29893.045954230216
2024-11-15 11:00:00+00:00;30337.29025925206
2024-11-15 12:00:00+00:00;30216.873975527495
2024-11-15 13:00:00+00:00;29061.586126890423
2024-11-15 14:00:00+00:00;28961.070129731706
2024-11-15 15:00:00+00:00;28603.637721675273
2024-11-15 16:00:00+00:00;28724.361826076583
2024-11-15 17:00:00+00:00;28553.483059125967
2024-11-15 18:00:00+00:00;30364.66747594817
2024-11-15 19:00:00+00:00;32350.559148102908
2024-11-15 20:00:00+00:00;31967.36397066489
2024-11-15 21:00:00+00:00;29688.046969026862
2024-11-15 22:00:00+00:00;27314.994000440936
2024-11-15 23:00:00+00:00;23439.250188071703
2024-11-16 00:00:00+00:00;20157.105808762022
2024-11-16 01:00:00+00:00;18091.98058170796
2024-11-16 02:00:00+00:00;16693.7365123324
2024-11-16 03:00:00+00:00;15847.24433452338
2024-11-16 04:00:00+00:00;15626.174672549902
2024-11-16 05:00:00+00:00;15637.868769723476
2024-11-16 06:00:00+00:00;16274.402120469253
2024-11-16 07:00:00+00:00;17414.772658145124
2024-11-16 08:00:00+00:00;19906.56428260085
2024-11-16 09:00:00+00:00;22949.89206710218
2024-11-16 10:00:00+00:00;24735.886231786288
2024-11-16 11:00:00+00:00;25786.847163999075
2024-11-16 12:00:00+00:00;27062.779942105182
2024-11-16 13:00:00+00:00;26241.595931585325
2024-11-16 14:00:00+00:00;25082.282456477584
2024-11-16 15:00:00+00:00;24469.03890377036
2024-11-16 16:00:00+00:00;24287.290768236573
2024-11-16 17:00:00+00:00;25327.543020566423
2024-11-16 18:00:00+00:00;28036.7463807053
2024-11-16 19:00:00+00:00;30045.248225856714
2024-11-16 20:00:00+00:00;29565.109905026045
2024-11-16 21:00:00+00:00;27334.895330454958
2024-11-16 22:00:00+00:00;25267.45754507733
2024-11-16 23:00:00+00:00;22040.078733909635
2024-11-17 00:00:00+00:00;19133.137722909898
2024-11-17 01:00:00+00:00;17184.510482423935
2024-11-17 02:00:00+00:00;15886.486370748034
2024-11-17 03:00:00+00:00;15118.908440582689
2024-11-17 04:00:00+00:00;14767.43527388362
2024-11-17 05:00:00+00:00;14793.266841460867
2024-11-17 06:00:00+00:00;15104.4250651739
2024-11-17 07:00:00+00:00;15842.388310938817
2024-11-17 08:00:00+00:00;17725.06867639548
2024-11-17 09:00:00+00:00;20850.70676820247
2024-11-17 10:00:00+00:00;23478.594451716453
2024-11-17 11:00:00+00:00;25129.968338787476
2024-11-17 12:00:00+00:00;26738.44752126671
2024-11-17 13:00:00+00:00;25604.009078816813
2024-11-17 14:00:00+00:00;24277.996788865737
2024-11-17 15:00:00+00:00;23681.4876026047
2024-11-17 16:00:00+00:00;23798.157266069487
2024-11-17 17:00:00+00:00;24953.708238786778
2024-11-17 18:00:00+00:00;27427.37713623205
2024-11-17 19:00:00+00:00;29740.715042215634
2024-11-17 20:00:00+00:00;29897.930175152476
2024-11-17 21:00:00+00:00;28060.595657277277
2024-11-17 22:00:00+00:00;25136.944289629457
2024-11-17 23:00:00+00:00;21918.24892715523
2024-11-18 00:00:00+00:00;19749.487748353204
2024-11-18 01:00:00+00:00;17610.819640700356
2024-11-18 02:00:00+00:00;16379.260208215897
2024-11-18 03:00:00+00:00;15681.866812428256
2024-11-18 04:00:00+00:00;15577.432814373698
2024-11-18 05:00:00+00:00;15769.696393851553
2024-11-18 06:00:00+00:00;17400.153142655592
2024-11-18 07:00:00+00:00;20834.18497822026
2024-11-18 08:00:00+00:00;25073.5829440935
2024-11-18 09:00:00+00:00;28072.018105993204
2024-11-18 10:00:00+00:00;29127.768358145022
2024-11-18 11:00:00+00:00;29541.08061484737
2024-11-18 12:00:00+00:00;29779.172427851852
2024-11-18 13:00:00+00:00;28852.392494519074
2024-11-18 14:00:00+00:00;28508.57449141657
2024-11-18 15:00:00+00:00;28252.193422957258
2024-11-18 16:00:00+00:00;28314.756375181543
2024-11-18 17:00:00+00:00;28789.892106883734
2024-11-18 18:00:00+00:00;30826.71039129561
2024-11-18 19:00:00+00:00;33854.067234503666
2024-11-18 20:00:00+00:00;33774.35909628144
2024-11-18 21:00:00+00:00;31176.648925672907
2024-11-18 22:00:00+00:00;28067.344159929995
2024-11-18 23:00:00+00:00;24000.854729124974
2024-11-19 00:00:00+00:00;20577.369470091828
2024-11-19 01:00:00+00:00;18517.85922248609
2024-11-19 02:00:00+00:00;17229.88237511861
2024-11-19 03:00:00+00:00;16591.39618600579
2024-11-19 04:00:00+00:00;16375.783604759283
2024-11-19 05:00:00+00:00;16443.360448908843
2024-11-19 06:00:00+00:00;17918.4636257859
2024-11-19 07:00:00+00:00;20921.95496954243
2024-11-19 08:00:00+00:00;24210.73493728387
2024-11-19 09:00:00+00:00;26705.720155026254
2024-11-19 10:00:00+00:00;28120.19211958426
2024-11-19 11:00:00+00:00;29178.937766284187
2024-11-19 12:00:00+00:00;29415.2497553744
2024-11-19 13:00:00+00:00;28230.40772636905
2024-11-19 14:00:00+00:00;28020.421704655157
2024-11-19 15:00:00+00:00;27280.81527399452
2024-11-19 16:00:00+00:00;27317.871804242503
2024-11-19 17:00:00+00:00;27898.22520521434
2024-11-19 18:00:00+00:00;30333.233889653784
2024-11-19 19:00:00+00:00;33505.73289561739
2024-11-19 20:00:00+00:00;33628.73338536433
2024-11-19 21:00:00+00:00;31344.565610176873
2024-11-19 22:00:00+00:00;27950.927890483905
2024-11-19 23:00:00+00:00;24242.803367487122
2024-11-20 00:00:00+00:00;20783.901452223956
2024-11-20 01:00:00+00:00;18699.06310124603
2024-11-20 02:00:00+00:00;17498.827843638297
2024-11-20 03:00:00+00:00;16675.241004792293
2024-11-20 04:00:00+00:00;16484.774263068648
2024-11-20 05:00:00+00:00;16560.4969087078
2024-11-20 06:00:00+00:00;18091.556654241198
2024-11-20 07:00:00+00:00;21779.157424353052
2024-11-20 08:00:00+00:00;25697.796958799277
2024-11-20 09:00:00+00:00;28323.86084925771
2024-11-20 10:00:00+00:00;29240.08880149024
2024-11-20 11:00:00+00:00;29845.699326895367
2024-11-20 12:00:00+00:00;30194.898510582196
2024-11-20 13:00:00+00:00;29242.967856048963
2024-11-20 14:00:00+00:00;28929.8173511104
2024-11-20 15:00:00+00:00;28242.551589532522
2024-11-20 16:00:00+00:00;28378.4618314977
2024-11-20 17:00:00+00:00;28617.192758946065
2024-11-20 18:00:00+00:00;30753.23366946545
2024-11-20 19:00:00+00:00;33718.87759900651
2024-11-20 20:00:00+00:00;33496.55686460046
2024-11-20 21:00:00+00:00;30993.4591977738
2024-11-20 22:00:00+00:00;27659.224118923215
2024-11-20 23:00:00+00:00;23858.166445621213
2024-11-21 00:00:00+00:00;20389.09781998056
2024-11-21 01:00:00+00:00;18322.245701395976
2024-11-21 02:00:00+00:00;17060.3930495508
2024-11-21 03:00:00+00:00;16473.905353819595
2024-11-21 04:00:00+00:00;16326.888658072376
2024-11-21 05:00:00+00:00;16537.22418572323
2024-11-21 06:00:00+00:00;18061.723894499097
2024-11-21 07:00:00+00:00;21772.109578574567
2024-11-21 08:00:00+00:00;25847.25370403065
2024-11-21 09:00:00+00:00;28543.102330752095
2024-11-21 10:00:00+00:00;29930.806900623844
2024-11-21 11:00:00+00:00;30462.277225116723
2024-11-21 12:00:00+00:00;30813.30258944587
2024-11-21 13:00:00+00:00;30150.84273952932
2024-11-21 14:00:00+00:00;29878.463878516566
2024-11-21 15:00:00+00:00;29358.17814313845
2024-11-21 16:00:00+00:00;29460.450629334457
2024-11-21 17:00:00+00:00;29729.455759746936
2024-11-21 18:00:00+00:00;31504.486267570595
2024-11-21 19:00:00+00:00;34403.62661278959
2024-11-21 20:00:00+00:00;33999.68134056943
2024-11-21 21:00:00+00:00;31539.32761893648
2024-11-21 22:00:00+00:00;28242.623759370756
2024-11-21 23:00:00+00:00;23026.247539923515
2024-11-22 00:00:00+00:00;20746.689845423178
2024-11-22 01:00:00+00:00;18613.48179310769
2024-11-22 02:00:00+00:00;17418.040663072454
2024-11-22 03:00:00+00:00;16685.622915801705
2024-11-22 04:00:00+00:00;16591.08737971962
2024-11-22 05:00:00+00:00;16484.143774622225
2024-11-22 06:00:00+00:00;17948.826334514386
2024-11-22 07:00:00+00:00;21585.559630073207
2024-11-22 08:00:00+00:00;25853.448267772794
2024-11-22 09:00:00+00:00;28746.343657736543
2024-11-22 10:00:00+00:00;29893.045954230216
2024-11-22 11:00:00+00:00;30337.29025925206
2024-11-22 12:00:00+00:00;30216.873975527495
2024-11-22 13:00:00+00:00;29061.586126890423
2024-11-22 14:00:00+00:00;28961.070129731706
2024-11-22 15:00:00+00:00;28603.637721675273
2024-11-22 16:00:00+00:00;28724.361826076583
2024-11-22 17:00:00+00:00;28553.483059125967
2024-11-22 18:00:00+00:00;30364.66747594817
2024-11-22 19:00:00+00:00;32350.559148102908
2024-11-22 20:00:00+00:00;31967.36397066489
2024-11-22 21:00:00+00:00;29688.046969026862
2024-11-22 22:00:00+00:00;27314.994000440936
2024-11-22 23:00:00+00:00;23439.250188071703
2024-11-23 00:00:00+00:00;20157.105808762022
2024-11-23 01:00:00+00:00;18091.98058170796
2024-11-23 02:00:00+00:00;16693.7365123324
2024-11-23 03:00:00+00:00;15847.24433452338
2024-11-23 04:00:00+00:00;15626.174672549902
2024-11-23 05:00:00+00:00;15637.868769723476
2024-11-23 06:00:00+00:00;16274.402120469253
2024-11-23 07:00:00+00:00;17414.772658145124
2024-11-23 08:00:00+00:00;19906.56428260085
2024-11-23 09:00:00+00:00;22949.89206710218
2024-11-23 10:00:00+00:00;24735.886231786288
2024-11-23 11:00:00+00:00;25786.847163999075
2024-11-23 12:00:00+00:00;27062.779942105182
2024-11-23 13:00:00+00:00;26241.595931585325
2024-11-23 14:00:00+00:00;25082.282456477584
2024-11-23 15:00:00+00:00;24469.03890377036
2024-11-23 16:00:00+00:00;24287.290768236573
2024-11-23 17:00:00+00:00;25327.543020566423
2024-11-23 18:00:00+00:00;28036.7463807053
2024-11-23 19:00:00+00:00;30045.248225856714
2024-11-23 20:00:00+00:00;29565.109905026045
2024-11-23 21:00:00+00:00;27334.895330454958
2024-11-23 22:00:00+00:00;25267.45754507733
2024-11-23 23:00:00+00:00;22040.078733909635
2024-11-24 00:00:00+00:00;19133.137722909898
2024-11-24 01:00:00+00:00;17184.510482423935
2024-11-24 02:00:00+00:00;15886.486370748034
2024-11-24 03:00:00+00:00;15118.908440582689
2024-11-24 04:00:00+00:00;14767.43527388362
2024-11-24 05:00:00+00:00;14793.266841460867
2024-11-24 06:00:00+00:00;15104.4250651739
2024-11-24 07:00:00+00:00;15842.388310938817
2024-11-24 08:00:00+00:00;17725.06867639548
2024-11-24 09:00:00+00:00;20850.70676820247
2024-11-24 10:00:00+00:00;23478.594451716453
2024-11-24 11:00:00+00:00;25129.968338787476
2024-11-24 12:00:00+00:00;26738.44752126671
2024-11-24 13:00:00+00:00;25604.009078816813
2024-11-24 14:00:00+00:00;24277.996788865737
2024-11-24 15:00:00+00:00;23681.4876026047
2024-11-24 16:00:00+00:00;23798.157266069487
2024-11-24 17:00:00+00:00;24953.708238786778
2024-11-24 18:00:00+00:00;27427.37713623205
2024-11-24 19:00:00+00:00;29740.715042215634
2024-11-24 20:00:00+00:00;29897.930175152476
2024-11-24 21:00:00+00:00;28060.595657277277
2024-11-24 22:00:00+00:00;25136.944289629457
2024-11-24 23:00:00+00:00;21918.24892715523
2024-11-25 00:00:00+00:00;19749.487748353204
2024-11-25 01:00:00+00:00;17610.819640700356
2024-11-25 02:00:00+00:00;16379.260208215897
2024-11-25 03:00:00+00:00;15681.866812428256
2024-11-25 04:00:00+00:00;15577.432814373698
2024-11-25 05:00:00+00:00;15769.696393851553
2024-11-25 06:00:00+00:00;17400.153142655592
2024-11-25 07:00:00+00:00;20834.18497822026
2024-11-25 08:00:00+00:00;25073.5829440935
2024-11-25 09:00:00+00:00;28072.018105993204
2024-11-25 10:00:00+00:00;29127.768358145022
2024-11-25 11:00:00+00:00;29541.08061484737
2024-11-25 12:00:00+00:00;29779.172427851852
2024-11-25 13:00:00+00:00;28852.392494519074
2024-11-25 14:00:00+00:00;28508.57449141657
2024-11-25 15:00:00+00:00;28252.193422957258
2024-11-25 16:00:00+00:00;28314.756375181543
2024-11-25 17:00:00+00:00;28789.892106883734
2024-11-25 18:00:00+00:00;30826.71039129561
2024-11-25 19:00:00+00:00;33854.067234503666
2024-11-25 20:00:00+00:00;33774.35909628144
2024-11-25 21:00:00+00:00;31176.648925672907
2024-11-25 22:00:00+00:00;28067.344159929995
2024-11-25 23:00:00+00:00;24000.854729124974
2024-11-26 00:00:00+00:00;20577.369470091828
2024-11-26 01:00:00+00:00;18517.85922248609
2024-11-26 02:00:00+00:00;17229.88237511861
2024-11-26 03:00:00+00:00;16591.39618600579
2024-11-26 04:00:00+00:00;16375.783604759283
2024-11-26 05:00:00+00:00;16443.360448908843
2024-11-26 06:00:00+00:00;17918.4636257859
2024-11-26 07:00:00+00:00;20921.95496954243
2024-11-26 08:00:00+00:00;24210.73493728387
2024-11-26 09:00:00+00:00;26705.720155026254
2024-11-26 10:00:00+00:00;28120.19211958426
2024-11-26 11:00:00+00:00;29178.937766284187
2024-11-26 12:00:00+00:00;29415.2497553744
2024-11-26 13:00:00+00:00;28230.40772636905
2024-11-26 14:00:00+00:00;28020.421704655157
2024-11-26 15:00:00+00:00;27280.81527399452
2024-11-26 16:00:00+00:00;27317.871804242503
2024-11-26 17:00:00+00:00;27898.22520521434
2024-11-26 18:00:00+00:00;30333.233889653784
2024-11-26 19:00:00+00:00;33505.73289561739
2024-11-26 20:00:00+00:00;33628.73338536433
2024-11-26 21:00:00+00:00;31344.565610176873
2024-11-26 22:00:00+00:00;27950.927890483905
2024-11-26 23:00:00+00:00;24242.803367487122
2024-11-27 00:00:00+00:00;20783.901452223956
2024-11-27 01:00:00+00:00;18699.06310124603
2024-11-27 02:00:00+00:00;17498.827843638297
2024-11-27 03:00:00+00:00;16675.241004792293
2024-11-27 04:00:00+00:00;16484.774263068648
2024-11-27 05:00:00+00:00;16560.4969087078
2024-11-27 06:00:00+00:00;18091.556654241198
2024-11-27 07:00:00+00:00;21779.157424353052
2024-11-27 08:00:00+00:00;25697.796958799277
2024-11-27 09:00:00+00:00;28323.86084925771
2024-11-27 10:00:00+00:00;29240.08880149024
2024-11-27 11:00:00+00:00;29845.699326895367
2024-11-27 12:00:00+00:00;30194.898510582196
2024-11-27 13:00:00+00:00;29242.967856048963
2024-11-27 14:00:00+00:00;28929.8173511104
2024-11-27 15:00:00+00:00;28242.551589532522
2024-11-27 16:00:00+00:00;28378.4618314977
2024-11-27 17:00:00+00:00;28617.192758946065
2024-11-27 18:00:00+00:00;30753.23366946545
2024-11-27 19:00:00+00:00;33718.87759900651
2024-11-27 20:00:00+00:00;33496.55686460046
2024-11-27 21:00:00+00:00;30993.4591977738
2024-11-27 22:00:00+00:00;27659.224118923215
2024-11-27 23:00:00+00:00;23858.166445621213
2024-11-28 00:00:00+00:00;20389.09781998056
2024-11-28 01:00:00+00:00;18322.245701395976
2024-11-28 02:00:00+00:00;17060.3930495508
2024-11-28 03:00:00+00:00;16473.905353819595
2024-11-28 04:00:00+00:00;16326.888658072376
2024-11-28 05:00:00+00:00;16537.22418572323
2024-11-28 06:00:00+00:00;18061.723894499097
2024-11-28 07:00:00+00:00;21772.109578574567
2024-11-28 08:00:00+00:00;25847.25370403065
2024-11-28 09:00:00+00:00;28543.102330752095
2024-11-28 10:00:00+00:00;29930.806900623844
2024-11-28 11:00:00+00:00;30462.277225116723
2024-11-28 12:00:00+00:00;30813.30258944587
2024-11-28 13:00:00+00:00;30150.84273952932
2024-11-28 14:00:00+00:00;29878.463878516566
2024-11-28 15:00:00+00:00;29358.17814313845
2024-11-28 16:00:00+00:00;29460.450629334457
2024-11-28 17:00:00+00:00;29729.455759746936
2024-11-28 18:00:00+00:00;31504.486267570595
2024-11-28 19:00:00+00:00;34403.62661278959
2024-11-28 20:00:00+00:00;33999.68134056943
2024-11-28 21:00:00+00:00;31539.32761893648
2024-11-28 22:00:00+00:00;28242.623759370756
2024-11-28 23:00:00+00:00;23026.247539923515
2024-11-29 00:00:00+00:00;20746.689845423178
2024-11-29 01:00:00+00:00;18613.48179310769
2024-11-29 02:00:00+00:00;17418.040663072454
2024-11-29 03:00:00+00:00;16685.622915801705
2024-11-29 04:00:00+00:00;16591.08737971962
2024-11-29 05:00:00+00:00;16484.143774622225
2024-11-29 06:00:00+00:00;17948.826334514386
2024-11-29 07:00:00+00:00;21585.559630073207
2024-11-29 08:00:00+00:00;25853.448267772794
2024-11-29 09:00:00+00:00;28746.343657736543
2024-11-29 10:00:00+00:00;29893.045954230216
2024-11-29 11:00:00+00:00;30337.29025925206
2024-11-29 12:00:00+00:00;30216.873975527495
2024-11-29 13:00:00+00:00;29061.586126890423
2024-11-29 14:00:00+00:00;28961.070129731706
2024-11-29 15:00:00+00:00;28603.637721675273
2024-11-29 16:00:00+00:00;28724.361826076583
2024-11-29 17:00:00+00:00;28553.483059125967
2024-11-29 18:00:00+00:00;30364.66747594817
2024-11-29 19:00:00+00:00;32350.559148102908
2024-11-29 20:00:00+00:00;31967.36397066489
2024-11-29 21:00:00+00:00;29688.046969026862
2024-11-29 22:00:00+00:00;27314.994000440936
2024-11-29 23:00:00+00:00;23439.250188071703
2024-11-30 00:00:00+00:00;20157.105808762022
2024-11-30 01:00:00+00:00;18091.98058170796
2024-11-30 02:00:00+00:00;16693.7365123324
2024-11-30 03:00:00+00:00;15847.24433452338
2024-11-30 04:00:00+00:00;15626.174672549902
2024-11-30 05:00:00+00:00;15637.868769723476
2024-11-30 06:00:00+00:00;16274.402120469253
2024-11-30 07:00:00+00:00;17414.772658145124
2024-11-30 08:00:00+00:00;19906.56428260085
2024-11-30 09:00:00+00:00;22949.89206710218
2024-11-30 10:00:00+00:00;24735.886231786288
2024-11-30 11:00:00+00:00;25786.847163999075
2024-11-30 12:00:00+00:00;27062.779942105182
2024-11-30 13:00:00+00:00;26241.595931585325
2024-11-30 14:00:00+00:00;25082.282456477584
2024-11-30 15:00:00+00:00;24469.03890377036
2024-11-30 16:00:00+00:00;24287.290768236573
2024-11-30 17:00:00+00:00;25327.543020566423
2024-11-30 18:00:00+00:00;28036.7463807053
2024-11-30 19:00:00+00:00;30045.248225856714
2024-11-30 20:00:00+00:00;29565.109905026045
2024-11-30 21:00:00+00:00;27334.895330454958
2024-11-30 22:00:00+00:00;25267.45754507733
2024-11-30 23:00:00+00:00;22040.078733909635
2024-12-01 00:00:00+00:00;22154.159468632515
2024-12-01 01:00:00+00:00;19897.854242806665
2024-12-01 02:00:00+00:00;18394.878955602988
2024-12-01 03:00:00+00:00;17506.104510148376
2024-12-01 04:00:00+00:00;17099.1355802863
2024-12-01 05:00:00+00:00;17129.045816428374
2024-12-01 06:00:00+00:00;17489.334285990833
2024-12-01 07:00:00+00:00;18343.81804424495
2024-12-01 08:00:00+00:00;20523.76373056319
2024-12-01 09:00:00+00:00;24142.923626339707
2024-12-01 10:00:00+00:00;27185.740944092737
2024-12-01 11:00:00+00:00;29097.858076490764
2024-12-01 12:00:00+00:00;30960.307656203564
2024-12-01 13:00:00+00:00;29646.74735441947
2024-12-01 14:00:00+00:00;28111.364702897175
2024-12-01 15:00:00+00:00;27420.66985564755
2024-12-01 16:00:00+00:00;27555.76104492257
2024-12-01 17:00:00+00:00;28893.767434384696
2024-12-01 18:00:00+00:00;31758.01563142659
2024-12-01 19:00:00+00:00;34436.61741730232
2024-12-01 20:00:00+00:00;34618.65599228182
2024-12-01 21:00:00+00:00;32491.2160242158
2024-12-01 22:00:00+00:00;29105.935493255165
2024-12-01 23:00:00+00:00;25379.025073548164
2024-12-02 00:00:00+00:00;22867.82791914582
2024-12-02 01:00:00+00:00;20391.475373442518
2024-12-02 02:00:00+00:00;18965.459188460518
2024-12-02 03:00:00+00:00;18157.95104596956
2024-12-02 04:00:00+00:00;18037.02746927481
2024-12-02 05:00:00+00:00;18259.648456038645
2024-12-02 06:00:00+00:00;20147.545744127532
2024-12-02 07:00:00+00:00;24123.79313267609
2024-12-02 08:00:00+00:00;29032.56972473985
2024-12-02 09:00:00+00:00;32504.44201746582
2024-12-02 10:00:00+00:00;33726.88967785214
2024-12-02 11:00:00+00:00;34205.46176456012
2024-12-02 12:00:00+00:00;34481.147021723205
2024-12-02 13:00:00+00:00;33408.033414706304
2024-12-02 14:00:00+00:00;33009.92835848235
2024-12-02 15:00:00+00:00;32713.066068687356
2024-12-02 16:00:00+00:00;32785.50738178916
2024-12-02 17:00:00+00:00;33335.664544812746
2024-12-02 18:00:00+00:00;35694.08571623703
2024-12-02 19:00:00+00:00;39199.44627153056
2024-12-02 20:00:00+00:00;39107.15263779957
2024-12-02 21:00:00+00:00;36099.277703410735
2024-12-02 22:00:00+00:00;32499.030079918946
2024-12-02 23:00:00+00:00;27790.463370565765
2024-12-03 00:00:00+00:00;23826.42780747475
2024-12-03 01:00:00+00:00;21441.73173129969
2024-12-03 02:00:00+00:00;19950.390118558393
2024-12-03 03:00:00+00:00;19211.090320638286
2024-12-03 04:00:00+00:00;18961.433647616013
2024-12-03 05:00:00+00:00;19039.68051978919
2024-12-03 06:00:00+00:00;20747.6947245942
2024-12-03 07:00:00+00:00;24225.42154368071
2024-12-03 08:00:00+00:00;28033.482558960273
2024-12-03 09:00:00+00:00;30922.412811083035
2024-12-03 10:00:00+00:00;32560.22245425546
2024-12-03 11:00:00+00:00;33786.1384662238
2024-12-03 12:00:00+00:00;34059.762874644046
2024-12-03 13:00:00+00:00;32687.84052526943
2024-12-03 14:00:00+00:00;32444.6988159165
2024-12-03 15:00:00+00:00;31588.312422519975
2024-12-03 16:00:00+00:00;31631.219983859744
2024-12-03 17:00:00+00:00;32303.20813235345
2024-12-03 18:00:00+00:00;35122.6918722307
2024-12-03 19:00:00+00:00;38796.11177387277
2024-12-03 20:00:00+00:00;38938.53339357975
2024-12-03 21:00:00+00:00;36293.70754862586
2024-12-03 22:00:00+00:00;32364.232294244524
2024-12-03 23:00:00+00:00;28070.61442551141
2024-12-04 00:00:00+00:00;24065.57010257511
2024-12-04 01:00:00+00:00;21651.546748811194
2024-12-04 02:00:00+00:00;20261.800661054873
2024-12-04 03:00:00+00:00;19308.17379502266
2024-12-04 04:00:00+00:00;19087.633357237384
2024-12-04 05:00:00+00:00;19175.312210082717
2024-12-04 06:00:00+00:00;20948.118231226654
2024-12-04 07:00:00+00:00;25217.971754514063
2024-12-04 08:00:00+00:00;29755.343847030745
2024-12-04 09:00:00+00:00;32796.049404403675
2024-12-04 10:00:00+00:00;33856.94492804133
2024-12-04 11:00:00+00:00;34558.178167984115
2024-12-04 12:00:00+00:00;34962.51406488465
2024-12-04 13:00:00+00:00;33860.278570161965
2024-12-04 14:00:00+00:00;33497.68324865415
2024-12-04 15:00:00+00:00;32701.901840511346
2024-12-04 16:00:00+00:00;32859.27159436577
2024-12-04 17:00:00+00:00;33135.69687877966
2024-12-04 18:00:00+00:00;35609.00740674947
2024-12-04 19:00:00+00:00;39042.91090411281
2024-12-04 20:00:00+00:00;38785.48689585317
2024-12-04 21:00:00+00:00;35887.16328163282
2024-12-04 22:00:00+00:00;32026.470032437413
2024-12-04 23:00:00+00:00;27625.245358087723
2024-12-05 00:00:00+00:00;23608.42905471434
2024-12-05 01:00:00+00:00;21215.23186477429
2024-12-05 02:00:00+00:00;19754.139320532508
2024-12-05 03:00:00+00:00;19075.04830442269
2024-12-05 04:00:00+00:00;18904.81844618907
2024-12-05 05:00:00+00:00;19148.3648466269
2024-12-05 06:00:00+00:00;20913.575035735797
2024-12-05 07:00:00+00:00;25209.811090981082
2024-12-05 08:00:00+00:00;29928.399025719704
2024-12-05 09:00:00+00:00;33049.90796192348
2024-12-05 10:00:00+00:00;34656.723779669715
2024-12-05 11:00:00+00:00;35272.110471187785
2024-12-05 12:00:00+00:00;35678.560893042595
2024-12-05 13:00:00+00:00;34911.502119455006
2024-12-05 14:00:00+00:00;34596.116069861295
2024-12-05 15:00:00+00:00;33993.679955212945
2024-12-05 16:00:00+00:00;34112.10072870306
2024-12-05 17:00:00+00:00;34423.5803533912
2024-12-05 18:00:00+00:00;36478.878836134376
2024-12-05 19:00:00+00:00;39835.77818323005
2024-12-05 20:00:00+00:00;39368.05207855408
2024-12-05 21:00:00+00:00;36519.2214535054
2024-12-05 22:00:00+00:00;32701.985405587195
2024-12-05 23:00:00+00:00;26661.970835700915
2024-12-06 00:00:00+00:00;24022.48297891105
2024-12-06 01:00:00+00:00;21552.45260254575
2024-12-06 02:00:00+00:00;20168.25760987337
2024-12-06 03:00:00+00:00;19320.19495513882
2024-12-06 04:00:00+00:00;19210.732755464822
2024-12-06 05:00:00+00:00;19086.903317983633
2024-12-06 06:00:00+00:00;20782.851545227186
2024-12-06 07:00:00+00:00;24993.805887453193
2024-12-06 08:00:00+00:00;29935.571678473767
2024-12-06 09:00:00+00:00;33285.24002474758
2024-12-06 10:00:00+00:00;34613.00057858236
2024-12-06 11:00:00+00:00;35127.38872123923
2024-12-06 12:00:00+00:00;34987.959340084475
2024-12-06 13:00:00+00:00;33650.25762060997
2024-12-06 14:00:00+00:00;33533.87067653146
2024-12-06 15:00:00+00:00;33120.001572466106
2024-12-06 16:00:00+00:00;33259.78737756237
2024-12-06 17:00:00+00:00;33061.92775267218
2024-12-06 18:00:00+00:00;35159.08865636104
2024-12-06 19:00:00+00:00;37458.54217148758
2024-12-06 20:00:00+00:00;37014.84249234882
2024-12-06 21:00:00+00:00;34375.63333255742
2024-12-06 22:00:00+00:00;31627.887789984245
2024-12-06 23:00:00+00:00;27140.184428293556
2024-12-07 00:00:00+00:00;23339.806725934974
2024-12-07 01:00:00+00:00;20948.60909460922
2024-12-07 02:00:00+00:00;19329.58964585857
2024-12-07 03:00:00+00:00;18349.440808395495
2024-12-07 04:00:00+00:00;18093.465410320943
2024-12-07 05:00:00+00:00;18107.005943890344
2024-12-07 06:00:00+00:00;18844.044560543345
2024-12-07 07:00:00+00:00;20164.47360416804
2024-12-07 08:00:00+00:00;23049.70601143257
2024-12-07 09:00:00+00:00;26573.559235592
2024-12-07 10:00:00+00:00;28641.552478910442
2024-12-07 11:00:00+00:00;29858.4546109463
2024-12-07 12:00:00+00:00;31335.85045927969
2024-12-07 13:00:00+00:00;30385.005815519853
2024-12-07 14:00:00+00:00;29042.642844342467
2024-12-07 15:00:00+00:00;28332.571362260423
2024-12-07 16:00:00+00:00;28122.126152694986
2024-12-07 17:00:00+00:00;29326.62876065586
2024-12-07 18:00:00+00:00;32463.601072395613
2024-12-07 19:00:00+00:00;34789.234787834095
2024-12-07 20:00:00+00:00;34233.28515318805
2024-12-07 21:00:00+00:00;31650.93143526364
2024-12-07 22:00:00+00:00;29257.056104826384
2024-12-07 23:00:00+00:00;25520.091165579583
2024-12-08 00:00:00+00:00;22154.159468632515
2024-12-08 01:00:00+00:00;19897.854242806665
2024-12-08 02:00:00+00:00;18394.878955602988
2024-12-08 03:00:00+00:00;17506.104510148376
2024-12-08 04:00:00+00:00;17099.1355802863
2024-12-08 05:00:00+00:00;17129.045816428374
2024-12-08 06:00:00+00:00;17489.334285990833
2024-12-08 07:00:00+00:00;18343.81804424495
2024-12-08 08:00:00+00:00;20523.76373056319
2024-12-08 09:00:00+00:00;24142.923626339707
2024-12-08 10:00:00+00:00;27185.740944092737
2024-12-08 11:00:00+00:00;29097.858076490764
2024-12-08 12:00:00+00:00;30960.307656203564
2024-12-08 13:00:00+00:00;29646.74735441947
2024-12-08 14:00:00+00:00;28111.364702897175
2024-12-08 15:00:00+00:00;27420.66985564755
2024-12-08 16:00:00+00:00;27555.76104492257
2024-12-08 17:00:00+00:00;28893.767434384696
2024-12-08 18:00:00+00:00;31758.01563142659
2024-12-08 19:00:00+00:00;34436.61741730232
2024-12-08 20:00:00+00:00;34618.65599228182
2024-12-08 21:00:00+00:00;32491.2160242158
2024-12-08 22:00:00+00:00;29105.935493255165
2024-12-08 23:00:00+00:00;25379.025073548164
2024-12-09 00:00:00+00:00;22867.82791914582
2024-12-09 01:00:00+00:00;20391.475373442518
2024-12-09 02:00:00+00:00;18965.459188460518
2024-12-09 03:00:00+00:00;18157.95104596956
2024-12-09 04:00:00+00:00;18037.02746927481
2024-12-09 05:00:00+00:00;18259.648456038645
2024-12-09 06:00:00+00:00;20147.545744127532
2024-12-09 07:00:00+00:00;24123.79313267609
2024-12-09 08:00:00+00:00;29032.56972473985
2024-12-09 09:00:00+00:00;32504.44201746582
2024-12-09 10:00:00+00:00;33726.88967785214
2024-12-09 11:00:00+00:00;34205.46176456012
2024-12-09 12:00:00+00:00;34481.147021723205
2024-12-09 13:00:00+00:00;33408.033414706304
2024-12-09 14:00:00+00:00;33009.92835848235
2024-12-09 15:00:00+00:00;32713.066068687356
2024-12-09 16:00:00+00:00;32785.50738178916
2024-12-09 17:00:00+00:00;33335.664544812746
2024-12-09 18:00:00+00:00;35694.08571623703
2024-12-09 19:00:00+00:00;39199.44627153056
2024-12-09 20:00:00+00:00;39107.15263779957
2024-12-09 21:00:00+00:00;36099.277703410735
2024-12-09 22:00:00+00:00;32499.030079918946
2024-12-09 23:00:00+00:00;27790.463370565765
2024-12-10 00:00:00+00:00;23826.42780747475
2024-12-10 01:00:00+00:00;21441.73173129969
2024-12-10 02:00:00+00:00;19950.390118558393
2024-12-10 03:00:00+00:00;19211.090320638286
2024-12-10 04:00:00+00:00;18961.433647616013
2024-12-10 05:00:00+00:00;19039.68051978919
2024-12-10 06:00:00+00:00;20747.6947245942
2024-12-10 07:00:00+00:00;24225.42154368071
2024-12-10 08:00:00+00:00;28033.482558960273
2024-12-10 09:00:00+00:00;30922.412811083035
2024-12-10 10:00:00+00:00;32560.22245425546
2024-12-10 11:00:00+00:00;33786.1384662238
2024-12-10 12:00:00+00:00;34059.762874644046
2024-12-10 13:00:00+00:00;32687.84052526943
2024-12-10 14:00:00+00:00;32444.6988159165
2024-12-10 15:00:00+00:00;31588.312422519975
2024-12-10 16:00:00+00:00;31631.219983859744
2024-12-10 17:00:00+00:00;32303.20813235345
2024-12-10 18:00:00+00:00;35122.6918722307
2024-12-10 19:00:00+00:00;38796.11177387277
2024-12-10 20:00:00+00:00;38938.53339357975
2024-12-10 21:00:00+00:00;36293.70754862586
2024-12-10 22:00:00+00:00;32364.232294244524
2024-12-10 23:00:00+00:00;28070.61442551141
2024-12-11 00:00:00+00:00;24065.57010257511
2024-12-11 01:00:00+00:00;21651.546748811194
2024-12-11 02:00:00+00:00;20261.800661054873
2024-12-11 03:00:00+00:00;19308.17379502266
2024-12-11 04:00:00+00:00;19087.633357237384
2024-12-11 05:00:00+00:00;19175.312210082717
2024-12-11 06:00:00+00:00;20948.118231226654
2024-12-11 07:00:00+00:00;25217.971754514063
2024-12-11 08:00:00+00:00;29755.343847030745
2024-12-11 09:00:00+00:00;32796.049404403675
2024-12-11 10:00:00+00:00;33856.94492804133
2024-12-11 11:00:00+00:00;34558.178167984115
2024-12-11 12:00:00+00:00;34962.51406488465
2024-12-11 13:00:00+00:00;33860.278570161965
2024-12-11 14:00:00+00:00;33497.68324865415
2024-12-11 15:00:00+00:00;32701.901840511346
2024-12-11 16:00:00+00:00;32859.27159436577
2024-12-11 17:00:00+00:00;33135.69687877966
2024-12-11 18:00:00+00:00;35609.00740674947
2024-12-11 19:00:00+00:00;39042.91090411281
2024-12-11 20:00:00+00:00;38785.48689585317
2024-12-11 21:00:00+00:00;35887.16328163282
2024-12-11 22:00:00+00:00;32026.470032437413
2024-12-11 23:00:00+00:00;27625.245358087723
2024-12-12 00:00:00+00:00;23608.42905471434
2024-12-12 01:00:00+00:00;21215.23186477429
2024-12-12 02:00:00+00:00;19754.139320532508
2024-12-12 03:00:00+00:00;19075.04830442269
2024-12-12 04:00:00+00:00;18904.81844618907
2024-12-12 05:00:00+00:00;19148.3648466269
2024-12-12 06:00:00+00:00;20913.575035735797
2024-12-12 07:00:00+00:00;25209.811090981082
2024-12-12 08:00:00+00:00;29928.399025719704
2024-12-12 09:00:00+00:00;33049.90796192348
2024-12-12 10:00:00+00:00;34656.723779669715
2024-12-12 11:00:00+00:00;35272.110471187785
2024-12-12 12:00:00+00:00;35678.560893042595
2024-12-12 13:00:00+00:00;34911.502119455006
2024-12-12 14:00:00+00:00;34596.116069861295
2024-12-12 15:00:00+00:00;33993.679955212945
2024-12-12 16:00:00+00:00;34112.10072870306
2024-12-12 17:00:00+00:00;34423.5803533912
2024-12-12 18:00:00+00:00;36478.878836134376
2024-12-12 19:00:00+00:00;39835.77818323005
2024-12-12 20:00:00+00:00;39368.05207855408
2024-12-12 21:00:00+00:00;36519.2214535054
2024-12-12 22:00:00+00:00;32701.985405587195
2024-12-12 23:00:00+00:00;26661.970835700915
2024-12-13 00:00:00+00:00;24022.48297891105
2024-12-13 01:00:00+00:00;21552.45260254575
2024-12-13 02:00:00+00:00;20168.25760987337
2024-12-13 03:00:00+00:00;19320.19495513882
2024-12-13 04:00:00+00:00;19210.732755464822
2024-12-13 05:00:00+00:00;19086.903317983633
2024-12-13 06:00:00+00:00;20782.851545227186
2024-12-13 07:00:00+00:00;24993.805887453193
2024-12-13 08:00:00+00:00;29935.571678473767
2024-12-13 09:00:00+00:00;33285.24002474758
2024-12-13 10:00:00+00:00;34613.00057858236
2024-12-13 11:00:00+00:00;35127.38872123923
2024-12-13 12:00:00+00:00;34987.959340084475
2024-12-13 13:00:00+00:00;33650.25762060997
2024-12-13 14:00:00+00:00;33533.87067653146
2024-12-13 15:00:00+00:00;33120.001572466106
2024-12-13 16:00:00+00:00;33259.78737756237
2024-12-13 17:00:00+00:00;33061.92775267218
2024-12-13 18:00:00+00:00;35159.08865636104
2024-12-13 19:00:00+00:00;37458.54217148758
2024-12-13 20:00:00+00:00;37014.84249234882
2024-12-13 21:00:00+00:00;34375.63333255742
2024-12-13 22:00:00+00:00;31627.887789984245
2024-12-13 23:00:00+00:00;27140.184428293556
2024-12-14 00:00:00+00:00;23339.806725934974
2024-12-14 01:00:00+00:00;20948.60909460922
2024-12-14 02:00:00+00:00;19329.58964585857
2024-12-14 03:00:00+00:00;18349.440808395495
2024-12-14 04:00:00+00:00;18093.465410320943
2024-12-14 05:00:00+00:00;18107.005943890344
2024-12-14 06:00:00+00:00;18844.044560543345
2024-12-14 07:00:00+00:00;20164.47360416804
2024-12-14 08:00:00+00:00;23049.70601143257
2024-12-14 09:00:00+00:00;26573.559235592
2024-12-14 10:00:00+00:00;28641.552478910442
2024-12-14 11:00:00+00:00;29858.4546109463
2024-12-14 12:00:00+00:00;31335.85045927969
2024-12-14 13:00:00+00:00;30385.005815519853
2024-12-14 14:00:00+00:00;29042.642844342467
2024-12-14 15:00:00+00:00;28332.571362260423
2024-12-14 16:00:00+00:00;28122.126152694986
2024-12-14 17:00:00+00:00;29326.62876065586
2024-12-14 18:00:00+00:00;32463.601072395613
2024-12-14 19:00:00+00:00;34789.234787834095
2024-12-14 20:00:00+00:00;34233.28515318805
2024-12-14 21:00:00+00:00;31650.93143526364
2024-12-14 22:00:00+00:00;29257.056104826384
2024-12-14 23:00:00+00:00;25520.091165579583
2024-12-15 00:00:00+00:00;22154.159468632515
2024-12-15 01:00:00+00:00;19897.854242806665
2024-12-15 02:00:00+00:00;18394.878955602988
2024-12-15 03:00:00+00:00;17506.104510148376
2024-12-15 04:00:00+00:00;17099.1355802863
2024-12-15 05:00:00+00:00;17129.045816428374
2024-12-15 06:00:00+00:00;17489.334285990833
2024-12-15 07:00:00+00:00;18343.81804424495
2024-12-15 08:00:00+00:00;20523.76373056319
2024-12-15 09:00:00+00:00;24142.923626339707
2024-12-15 10:00:00+00:00;27185.740944092737
2024-12-15 11:00:00+00:00;29097.858076490764
2024-12-15 12:00:00+00:00;30960.307656203564
2024-12-15 13:00:00+00:00;29646.74735441947
2024-12-15 14:00:00+00:00;28111.364702897175
2024-12-15 15:00:00+00:00;27420.66985564755
2024-12-15 16:00:00+00:00;27555.76104492257
2024-12-15 17:00:00+00:00;28893.767434384696
2024-12-15 18:00:00+00:00;31758.01563142659
2024-12-15 19:00:00+00:00;34436.61741730232
2024-12-15 20:00:00+00:00;34618.65599228182
2024-12-15 21:00:00+00:00;32491.2160242158
2024-12-15 22:00:00+00:00;29105.935493255165
2024-12-15 23:00:00+00:00;25379.025073548164
2024-12-16 00:00:00+00:00;22867.82791914582
2024-12-16 01:00:00+00:00;20391.475373442518
2024-12-16 02:00:00+00:00;18965.459188460518
2024-12-16 03:00:00+00:00;18157.95104596956
2024-12-16 04:00:00+00:00;18037.02746927481
2024-12-16 05:00:00+00:00;18259.648456038645
2024-12-16 06:00:00+00:00;20147.545744127532
2024-12-16 07:00:00+00:00;24123.79313267609
2024-12-16 08:00:00+00:00;29032.56972473985
2024-12-16 09:00:00+00:00;32504.44201746582
2024-12-16 10:00:00+00:00;33726.88967785214
2024-12-16 11:00:00+00:00;34205.46176456012
2024-12-16 12:00:00+00:00;34481.147021723205
2024-12-16 13:00:00+00:00;33408.033414706304
2024-12-16 14:00:00+00:00;33009.92835848235
2024-12-16 15:00:00+00:00;32713.066068687356
2024-12-16 16:00:00+00:00;32785.50738178916
2024-12-16 17:00:00+00:00;33335.664544812746
2024-12-16 18:00:00+00:00;35694.08571623703
2024-12-16 19:00:00+00:00;39199.44627153056
2024-12-16 20:00:00+00:00;39107.15263779957
2024-12-16 21:00:00+00:00;36099.277703410735
2024-12-16 22:00:00+00:00;32499.030079918946
2024-12-16 23:00:00+00:00;27790.463370565765
2024-12-17 00:00:00+00:00;23826.42780747475
2024-12-17 01:00:00+00:00;21441.73173129969
2024-12-17 02:00:00+00:00;19950.390118558393
2024-12-17 03:00:00+00:00;19211.090320638286
2024-12-17 04:00:00+00:00;18961.433647616013
2024-12-17 05:00:00+00:00;19039.68051978919
2024-12-17 06:00:00+00:00;20747.6947245942
2024-12-17 07:00:00+00:00;24225.42154368071
2024-12-17 08:00:00+00:00;28033.482558960273
2024-12-17 09:00:00+00:00;30922.412811083035
2024-12-17 10:00:00+00:00;32560.22245425546
2024-12-17 11:00:00+00:00;33786.1384662238
2024-12-17 12:00:00+00:00;34059.762874644046
2024-12-17 13:00:00+00:00;32687.84052526943
2024-12-17 14:00:00+00:00;32444.6988159165
2024-12-17 15:00:00+00:00;31588.312422519975
2024-12-17 16:00:00+00:00;31631.219983859744
2024-12-17 17:00:00+00:00;32303.20813235345
2024-12-17 18:00:00+00:00;35122.6918722307
2024-12-17 19:00:00+00:00;38796.11177387277
2024-12-17 20:00:00+00:00;38938.53339357975
2024-12-17 21:00:00+00:00;36293.70754862586
2024-12-17 22:00:00+00:00;32364.232294244524
2024-12-17 23:00:00+00:00;28070.61442551141
2024-12-18 00:00:00+00:00;24065.57010257511
2024-12-18 01:00:00+00:00;21651.546748811194
2024-12-18 02:00:00+00:00;20261.800661054873
2024-12-18 03:00:00+00:00;19308.17379502266
2024-12-18 04:00:00+00:00;19087.633357237384
2024-12-18 05:00:00+00:00;19175.312210082717
2024-12-18 06:00:00+00:00;20948.118231226654
2024-12-18 07:00:00+00:00;25217.971754514063
2024-12-18 08:00:00+00:00;29755.343847030745
2024-12-18 09:00:00+00:00;32796.049404403675
2024-12-18 10:00:00+00:00;33856.94492804133
2024-12-18 11:00:00+00:00;34558.178167984115
2024-12-18 12:00:00+00:00;34962.51406488465
2024-12-18 13:00:00+00:00;33860.278570161965
2024-12-18 14:00:00+00:00;33497.68324865415
2024-12-18 15:00:00+00:00;32701.901840511346
2024-12-18 16:00:00+00:00;32859.27159436577
2024-12-18 17:00:00+00:00;33135.69687877966
2024-12-18 18:00:00+00:00;35609.00740674947
2024-12-18 19:00:00+00:00;39042.91090411281
2024-12-18 20:00:00+00:00;38785.48689585317
2024-12-18 21:00:00+00:00;35887.16328163282
2024-12-18 22:00:00+00:00;32026.470032437413
2024-12-18 23:00:00+00:00;27625.245358087723
2024-12-19 00:00:00+00:00;23608.42905471434
2024-12-19 01:00:00+00:00;21215.23186477429
2024-12-19 02:00:00+00:00;19754.139320532508
2024-12-19 03:00:00+00:00;19075.04830442269
2024-12-19 04:00:00+00:00;18904.81844618907
2024-12-19 05:00:00+00:00;19148.3648466269
2024-12-19 06:00:00+00:00;20913.575035735797
2024-12-19 07:00:00+00:00;25209.811090981082
2024-12-19 08:00:00+00:00;29928.399025719704
2024-12-19 09:00:00+00:00;33049.90796192348
2024-12-19 10:00:00+00:00;34656.723779669715
2024-12-19 11:00:00+00:00;35272.110471187785
2024-12-19 12:00:00+00:00;35678.560893042595
2024-12-19 13:00:00+00:00;34911.502119455006
2024-12-19 14:00:00+00:00;34596.116069861295
2024-12-19 15:00:00+00:00;33993.679955212945
2024-12-19 16:00:00+00:00;34112.10072870306
2024-12-19 17:00:00+00:00;34423.5803533912
2024-12-19 18:00:00+00:00;36478.878836134376
2024-12-19 19:00:00+00:00;39835.77818323005
2024-12-19 20:00:00+00:00;39368.05207855408
2024-12-19 21:00:00+00:00;36519.2214535054
2024-12-19 22:00:00+00:00;32701.985405587195
2024-12-19 23:00:00+00:00;26661.970835700915
2024-12-20 00:00:00+00:00;24022.48297891105
2024-12-20 01:00:00+00:00;21552.45260254575
2024-12-20 02:00:00+00:00;20168.25760987337
2024-12-20 03:00:00+00:00;19320.19495513882
2024-12-20 04:00:00+00:00;19210.732755464822
2024-12-20 05:00:00+00:00;19086.903317983633
2024-12-20 06:00:00+00:00;20782.851545227186
2024-12-20 07:00:00+00:00;24993.805887453193
2024-12-20 08:00:00+00:00;29935.571678473767
2024-12-20 09:00:00+00:00;33285.24002474758
2024-12-20 10:00:00+00:00;34613.00057858236
2024-12-20 11:00:00+00:00;35127.38872123923
2024-12-20 12:00:00+00:00;34987.959340084475
2024-12-20 13:00:00+00:00;33650.25762060997
2024-12-20 14:00:00+00:00;33533.87067653146
2024-12-20 15:00:00+00:00;33120.001572466106
2024-12-20 16:00:00+00:00;33259.78737756237
2024-12-20 17:00:00+00:00;33061.92775267218
2024-12-20 18:00:00+00:00;35159.08865636104
2024-12-20 19:00:00+00:00;37458.54217148758
2024-12-20 20:00:00+00:00;37014.84249234882
2024-12-20 21:00:00+00:00;34375.63333255742
2024-12-20 22:00:00+00:00;31627.887789984245
2024-12-20 23:00:00+00:00;27140.184428293556
2024-12-21 00:00:00+00:00;23339.806725934974
2024-12-21 01:00:00+00:00;20948.60909460922
2024-12-21 02:00:00+00:00;19329.58964585857
2024-12-21 03:00:00+00:00;18349.440808395495
2024-12-21 04:00:00+00:00;18093.465410320943
2024-12-21 05:00:00+00:00;18107.005943890344
2024-12-21 06:00:00+00:00;18844.044560543345
2024-12-21 07:00:00+00:00;20164.47360416804
2024-12-21 08:00:00+00:00;23049.70601143257
2024-12-21 09:00:00+00:00;26573.559235592
2024-12-21 10:00:00+00:00;28641.552478910442
2024-12-21 11:00:00+00:00;29858.4546109463
2024-12-21 12:00:00+00:00;31335.85045927969
2024-12-21 13:00:00+00:00;30385.005815519853
2024-12-21 14:00:00+00:00;29042.642844342467
2024-12-21 15:00:00+00:00;28332.571362260423
2024-12-21 16:00:00+00:00;28122.126152694986
2024-12-21 17:00:00+00:00;29326.62876065586
2024-12-21 18:00:00+00:00;32463.601072395613
2024-12-21 19:00:00+00:00;34789.234787834095
2024-12-21 20:00:00+00:00;34233.28515318805
2024-12-21 21:00:00+00:00;31650.93143526364
2024-12-21 22:00:00+00:00;29257.056104826384
2024-12-21 23:00:00+00:00;25520.091165579583
2024-12-22 00:00:00+00:00;22154.159468632515
2024-12-22 01:00:00+00:00;19897.854242806665
2024-12-22 02:00:00+00:00;18394.878955602988
2024-12-22 03:00:00+00:00;17506.104510148376
2024-12-22 04:00:00+00:00;17099.1355802863
2024-12-22 05:00:00+00:00;17129.045816428374
2024-12-22 06:00:00+00:00;17489.334285990833
2024-12-22 07:00:00+00:00;18343.81804424495
2024-12-22 08:00:00+00:00;20523.76373056319
2024-12-22 09:00:00+00:00;24142.923626339707
2024-12-22 10:00:00+00:00;27185.740944092737
2024-12-22 11:00:00+00:00;29097.858076490764
2024-12-22 12:00:00+00:00;30960.307656203564
2024-12-22 13:00:00+00:00;29646.74735441947
2024-12-22 14:00:00+00:00;28111.364702897175
2024-12-22 15:00:00+00:00;27420.66985564755
2024-12-22 16:00:00+00:00;27555.76104492257
2024-12-22 17:00:00+00:00;28893.767434384696
2024-12-22 18:00:00+00:00;31758.01563142659
2024-12-22 19:00:00+00:00;34436.61741730232
2024-12-22 20:00:00+00:00;34618.65599228182
2024-12-22 21:00:00+00:00;32491.2160242158
2024-12-22 22:00:00+00:00;29105.935493255165
2024-12-22 23:00:00+00:00;25379.025073548164
2024-12-23 00:00:00+00:00;22867.82791914582
2024-12-23 01:00:00+00:00;20391.475373442518
2024-12-23 02:00:00+00:00;18965.459188460518
2024-12-23 03:00:00+00:00;18157.95104596956
2024-12-23 04:00:00+00:00;18037.02746927481
2024-12-23 05:00:00+00:00;18259.648456038645
2024-12-23 06:00:00+00:00;20147.545744127532
2024-12-23 07:00:00+00:00;24123.79313267609
2024-12-23 08:00:00+00:00;29032.56972473985
2024-12-23 09:00:00+00:00;32504.44201746582
2024-12-23 10:00:00+00:00;33726.88967785214
2024-12-23 11:00:00+00:00;34205.46176456012
2024-12-23 12:00:00+00:00;34481.147021723205
2024-12-23 13:00:00+00:00;33408.033414706304
2024-12-23 14:00:00+00:00;33009.92835848235
2024-12-23 15:00:00+00:00;32713.066068687356
2024-12-23 16:00:00+00:00;32785.50738178916
2024-12-23 17:00:00+00:00;33335.664544812746
2024-12-23 18:00:00+00:00;35694.08571623703
2024-12-23 19:00:00+00:00;39199.44627153056
2024-12-23 20:00:00+00:00;39107.15263779957
2024-12-23 21:00:00+00:00;36099.277703410735
2024-12-23 22:00:00+00:00;32499.030079918946
2024-12-23 23:00:00+00:00;27790.463370565765
2024-12-24 00:00:00+00:00;23826.42780747475
2024-12-24 01:00:00+00:00;21441.73173129969
2024-12-24 02:00:00+00:00;19950.390118558393
2024-12-24 03:00:00+00:00;19211.090320638286
2024-12-24 04:00:00+00:00;18961.433647616013
2024-12-24 05:00:00+00:00;19039.68051978919
2024-12-24 06:00:00+00:00;20747.6947245942
2024-12-24 07:00:00+00:00;24225.42154368071
2024-12-24 08:00:00+00:00;28033.482558960273
2024-12-24 09:00:00+00:00;30922.412811083035
2024-12-24 10:00:00+00:00;32560.22245425546
2024-12-24 11:00:00+00:00;33786.1384662238
2024-12-24 12:00:00+00:00;34059.762874644046
2024-12-24 13:00:00+00:00;32687.84052526943
2024-12-24 14:00:00+00:00;32444.6988159165
2024-12-24 15:00:00+00:00;31588.312422519975
2024-12-24 16:00:00+00:00;31631.219983859744
2024-12-24 17:00:00+00:00;32303.20813235345
2024-12-24 18:00:00+00:00;35122.6918722307
2024-12-24 19:00:00+00:00;38796.11177387277
2024-12-24 20:00:00+00:00;38938.53339357975
2024-12-24 21:00:00+00:00;36293.70754862586
2024-12-24 22:00:00+00:00;32364.232294244524
2024-12-24 23:00:00+00:00;28070.61442551141
2024-12-25 00:00:00+00:00;24065.57010257511
2024-12-25 01:00:00+00:00;21651.546748811194
2024-12-25 02:00:00+00:00;20261.800661054873
2024-12-25 03:00:00+00:00;19308.17379502266
2024-12-25 04:00:00+00:00;19087.633357237384
2024-12-25 05:00:00+00:00;19175.312210082717
2024-12-25 06:00:00+00:00;20948.118231226654
2024-12-25 07:00:00+00:00;25217.971754514063
2024-12-25 08:00:00+00:00;29755.343847030745
2024-12-25 09:00:00+00:00;32796.049404403675
2024-12-25 10:00:00+00:00;33856.94492804133
2024-12-25 11:00:00+00:00;34558.178167984115
2024-12-25 12:00:00+00:00;34962.51406488465
2024-12-25 13:00:00+00:00;33860.278570161965
2024-12-25 14:00:00+00:00;33497.68324865415
2024-12-25 15:00:00+00:00;32701.901840511346
2024-12-25 16:00:00+00:00;32859.27159436577
2024-12-25 17:00:00+00:00;33135.69687877966
2024-12-25 18:00:00+00:00;35609.00740674947
2024-12-25 19:00:00+00:00;39042.91090411281
2024-12-25 20:00:00+00:00;38785.48689585317
2024-12-25 21:00:00+00:00;35887.16328163282
2024-12-25 22:00:00+00:00;32026.470032437413
2024-12-25 23:00:00+00:00;27625.245358087723
2024-12-26 00:00:00+00:00;23608.42905471434
2024-12-26 01:00:00+00:00;21215.23186477429
2024-12-26 02:00:00+00:00;19754.139320532508
2024-12-26 03:00:00+00:00;19075.04830442269
2024-12-26 04:00:00+00:00;18904.81844618907
2024-12-26 05:00:00+00:00;19148.3648466269
2024-12-26 06:00:00+00:00;20913.575035735797
2024-12-26 07:00:00+00:00;25209.811090981082
2024-12-26 08:00:00+00:00;29928.399025719704
2024-12-26 09:00:00+00:00;33049.90796192348
2024-12-26 10:00:00+00:00;34656.723779669715
2024-12-26 11:00:00+00:00;35272.110471187785
2024-12-26 12:00:00+00:00;35678.560893042595
2024-12-26 13:00:00+00:00;34911.502119455006
2024-12-26 14:00:00+00:00;34596.116069861295
2024-12-26 15:00:00+00:00;33993.679955212945
2024-12-26 16:00:00+00:00;34112.10072870306
2024-12-26 17:00:00+00:00;34423.5803533912
2024-12-26 18:00:00+00:00;36478.878836134376
2024-12-26 19:00:00+00:00;39835.77818323005
2024-12-26 20:00:00+00:00;39368.05207855408
2024-12-26 21:00:00+00:00;36519.2214535054
2024-12-26 22:00:00+00:00;32701.985405587195
2024-12-26 23:00:00+00:00;26661.970835700915
2024-12-27 00:00:00+00:00;24022.48297891105
2024-12-27 01:00:00+00:00;21552.45260254575
2024-12-27 02:00:00+00:00;20168.25760987337
2024-12-27 03:00:00+00:00;19320.19495513882
2024-12-27 04:00:00+00:00;19210.732755464822
2024-12-27 05:00:00+00:00;19086.903317983633
2024-12-27 06:00:00+00:00;20782.851545227186
2024-12-27 07:00:00+00:00;24993.805887453193
2024-12-27 08:00:00+00:00;29935.571678473767
2024-12-27 09:00:00+00:00;33285.24002474758
2024-12-27 10:00:00+00:00;34613.00057858236
2024-12-27 11:00:00+00:00;35127.38872123923
2024-12-27 12:00:00+00:00;34987.959340084475
2024-12-27 13:00:00+00:00;33650.25762060997
2024-12-27 14:00:00+00:00;33533.87067653146
2024-12-27 15:00:00+00:00;33120.001572466106
2024-12-27 16:00:00+00:00;33259.78737756237
2024-12-27 17:00:00+00:00;33061.92775267218
2024-12-27 18:00:00+00:00;35159.08865636104
2024-12-27 19:00:00+00:00;37458.54217148758
2024-12-27 20:00:00+00:00;37014.84249234882
2024-12-27 21:00:00+00:00;34375.63333255742
2024-12-27 22:00:00+00:00;31627.887789984245
2024-12-27 23:00:00+00:00;27140.184428293556
2024-12-28 00:00:00+00:00;23339.806725934974
2024-12-28 01:00:00+00:00;20948.60909460922
2024-12-28 02:00:00+00:00;19329.58964585857
2024-12-28 03:00:00+00:00;18349.440808395495
2024-12-28 04:00:00+00:00;18093.465410320943
2024-12-28 05:00:00+00:00;18107.005943890344
2024-12-28 06:00:00+00:00;18844.044560543345
2024-12-28 07:00:00+00:00;20164.47360416804
2024-12-28 08:00:00+00:00;23049.70601143257
2024-12-28 09:00:00+00:00;26573.559235592
2024-12-28 10:00:00+00:00;28641.552478910442
2024-12-28 11:00:00+00:00;29858.4546109463
2024-12-28 12:00:00+00:00;31335.85045927969
2024-12-28 13:00:00+00:00;30385.005815519853
2024-12-28 14:00:00+00:00;29042.642844342467
2024-12-28 15:00:00+00:00;28332.571362260423
2024-12-28 16:00:00+00:00;28122.126152694986
2024-12-28 17:00:00+00:00;29326.62876065586
2024-12-28 18:00:00+00:00;32463.601072395613
2024-12-28 19:00:00+00:00;34789.234787834095
2024-12-28 20:00:00+00:00;34233.28515318805
2024-12-28 21:00:00+00:00;31650.93143526364
2024-12-28 22:00:00+00:00;29257.056104826384
2024-12-28 23:00:00+00:00;25520.091165579583
2024-12-29 00:00:00+00:00;22154.159468632515
2024-12-29 01:00:00+00:00;19897.854242806665
2024-12-29 02:00:00+00:00;18394.878955602988
2024-12-29 03:00:00+00:00;17506.104510148376
2024-12-29 04:00:00+00:00;17099.1355802863
2024-12-29 05:00:00+00:00;17129.045816428374
2024-12-29 06:00:00+00:00;17489.334285990833
2024-12-29 07:00:00+00:00;18343.81804424495
2024-12-29 08:00:00+00:00;20523.76373056319
2024-12-29 09:00:00+00:00;24142.923626339707
2024-12-29 10:00:00+00:00;27185.740944092737
2024-12-29 11:00:00+00:00;29097.858076490764
2024-12-29 12:00:00+00:00;30960.307656203564
2024-12-29 13:00:00+00:00;29646.74735441947
2024-12-29 14:00:00+00:00;28111.364702897175
2024-12-29 15:00:00+00:00;27420.66985564755
2024-12-29 16:00:00+00:00;27555.76104492257
2024-12-29 17:00:00+00:00;28893.767434384696
2024-12-29 18:00:00+00:00;31758.01563142659
2024-12-29 19:00:00+00:00;34436.61741730232
2024-12-29 20:00:00+00:00;34618.65599228182
2024-12-29 21:00:00+00:00;32491.2160242158
2024-12-29 22:00:00+00:00;29105.935493255165
2024-12-29 23:00:00+00:00;25379.025073548164
2024-12-30 00:00:00+00:00;22867.82791914582
2024-12-30 01:00:00+00:00;20391.475373442518
2024-12-30 02:00:00+00:00;18965.459188460518
2024-12-30 03:00:00+00:00;18157.95104596956
2024-12-30 04:00:00+00:00;18037.02746927481
2024-12-30 05:00:00+00:00;18259.648456038645
2024-12-30 06:00:00+00:00;20147.545744127532
2024-12-30 07:00:00+00:00;24123.79313267609
2024-12-30 08:00:00+00:00;29032.56972473985
2024-12-30 09:00:00+00:00;32504.44201746582
2024-12-30 10:00:00+00:00;33726.88967785214
2024-12-30 11:00:00+00:00;34205.46176456012
2024-12-30 12:00:00+00:00;34481.147021723205
2024-12-30 13:00:00+00:00;33408.033414706304
2024-12-30 14:00:00+00:00;33009.92835848235
2024-12-30 15:00:00+00:00;32713.066068687356
2024-12-30 16:00:00+00:00;32785.50738178916
2024-12-30 17:00:00+00:00;33335.664544812746
2024-12-30 18:00:00+00:00;35694.08571623703
2024-12-30 19:00:00+00:00;39199.44627153056
2024-12-30 20:00:00+00:00;39107.15263779957
2024-12-30 21:00:00+00:00;36099.277703410735
2024-12-30 22:00:00+00:00;32499.030079918946
2024-12-30 23:00:00+00:00;27790.463370565765
2024-12-31 00:00:00+00:00;23826.42780747475
2024-12-31 01:00:00+00:00;21441.73173129969
2024-12-31 02:00:00+00:00;19950.390118558393
2024-12-31 03:00:00+00:00;19211.090320638286
2024-12-31 04:00:00+00:00;18961.433647616013
2024-12-31 05:00:00+00:00;19039.68051978919
2024-12-31 06:00:00+00:00;20747.6947245942
2024-12-31 07:00:00+00:00;24225.42154368071
2024-12-31 08:00:00+00:00;28033.482558960273
2024-12-31 09:00:00+00:00;30922.412811083035
2024-12-31 10:00:00+00:00;32560.22245425546
2024-12-31 11:00:00+00:00;33786.1384662238
2024-12-31 12:00:00+00:00;34059.762874644046
2024-12-31 13:00:00+00:00;32687.84052526943
2024-12-31 14:00:00+00:00;32444.6988159165
2024-12-31 15:00:00+00:00;31588.312422519975
2024-12-31 16:00:00+00:00;31631.219983859744
2024-12-31 17:00:00+00:00;32303.20813235345
2024-12-31 18:00:00+00:00;35122.6918722307
2024-12-31 19:00:00+00:00;38796.11177387277
2024-12-31 20:00:00+00:00;38938.53339357975
2024-12-31 21:00:00+00:00;36293.70754862586
2024-12-31 22:00:00+00:00;32364.232294244524
2024-12-31 23:00:00+00:00;28070.61442551141
